membership_id,customer_id,guild_id,tier,valid_from,valid_to
MEM-00001,WIZ-00001,GLD-01,apprentice,2024-10-04,
MEM-00002,WIZ-00002,GLD-02,Apprentice,2023-09-29,
MEM-00003,WIZ-00004,GLD-06,archmage,2024-10-09,
MEM-00004,WIZ-00005,GLD-12,adept,2025-08-03,
MEM-00005,WIZ-00006,GLD-04,Apprentice,2023-11-29,
MEM-00006,WIZ-00007,GLD-04,archmage,2026-02-19,
MEM-00007,WIZ-00008,GLD-01,APPRENTICE,2024-04-18,
MEM-00008,WIZ-00009,GLD-02,apprentice,2024-11-11,
MEM-00009,WIZ-00010,GLD-01,Archmage,2024-06-01,
MEM-00010,WIZ-00011,GLD-02,apprentice,2026-01-30,2026-06-04
MEM-00011,WIZ-00011,GLD-02,adept,2026-06-04,
MEM-00012,WIZ-00012,GLD-07,archmage,2024-02-29,
MEM-00013,WIZ-00013,GLD-09,Apprentice,2024-05-26,
MEM-00014,WIZ-00014,GLD-11,archmage,2026-06-26,
MEM-00015,WIZ-00016,GLD-11,apprentice,2025-09-28,
MEM-00016,WIZ-00017,GLD-11,apprentice,2024-08-19,
MEM-00017,WIZ-00018,GLD-05,apprentice,2025-08-21,
MEM-00018,WIZ-00020,GLD-03,apprentice,2026-06-24,
MEM-00019,WIZ-00021,GLD-11,Adept,2026-06-08,
MEM-00020,WIZ-00023,GLD-09,archmage,2024-04-13,
MEM-00021,WIZ-00024,GLD-10,apprentice,2024-10-25,
MEM-00022,WIZ-00025,GLD-02,apprentice,2026-05-29,
MEM-00023,WIZ-00026,GLD-11,adept,2024-08-24,
MEM-00024,WIZ-00029,GLD-06,adept,2026-04-09,
MEM-00025,WIZ-00030,GLD-12,archmage,2026-01-07,
MEM-00026,WIZ-00031,GLD-11,apprentice,2026-02-27,
MEM-00027,WIZ-00032,GLD-08,Apprentice,2025-06-11,2025-11-01
MEM-00028,WIZ-00032,GLD-08,Adept,2025-11-01,
MEM-00029,WIZ-00033,GLD-05,adept,2025-05-28,2026-05-06
MEM-00030,WIZ-00033,GLD-05,archmage,2026-05-06,
MEM-00031,WIZ-00034,GLD-04,apprentice,2025-04-24,
MEM-00032,WIZ-00038,GLD-11,apprentice,2026-04-29,
MEM-00033,WIZ-00039,GLD-01,apprentice,2025-08-18,2026-02-11
MEM-00034,WIZ-00039,GLD-01,adept,2026-02-11,
MEM-00035,WIZ-00042,GLD-04,Adept,2025-10-10,
MEM-00036,WIZ-00044,GLD-07,archmage,2025-12-12,
MEM-00037,WIZ-00045,GLD-06,apprentice,2023-12-22,
MEM-00038,WIZ-00048,GLD-06,adept,2026-02-16,
MEM-00039,WIZ-00049,GLD-03,Apprentice,2025-07-31,
MEM-00040,WIZ-00050,GLD-08,adept,2023-08-12,
MEM-00041,WIZ-00053,GLD-12,adept,2026-05-20,
MEM-00042,WIZ-00054,GLD-04,apprentice,2026-06-08,
MEM-00043,WIZ-00055,GLD-05,APPRENTICE,2026-04-08,
MEM-00044,WIZ-00056,GLD-06,apprentice,2023-03-03,
MEM-00045,WIZ-00057,GLD-08,adept,2025-07-14,
MEM-00046,WIZ-00060,GLD-12,apprentice,2026-04-26,
MEM-00047,WIZ-00062,GLD-05,apprentice,2025-02-08,
MEM-00048,WIZ-00067,GLD-10,apprentice,2025-01-04,
MEM-00049,WIZ-00070,GLD-09,Apprentice,2024-07-19,
MEM-00050,WIZ-00071,GLD-11,Apprentice,2024-09-20,
MEM-00051,WIZ-00072,GLD-01,adept,2025-10-13,
MEM-00052,WIZ-00073,GLD-05,archmage,2024-12-09,
MEM-00053,WIZ-00074,GLD-10,apprentice,2026-03-12,
MEM-00054,WIZ-00077,GLD-04,adept,2025-05-13,
MEM-00055,WIZ-00078,GLD-09,adept,2026-04-16,
MEM-00056,WIZ-00079,GLD-04,apprentice,2023-11-23,
MEM-00057,WIZ-00082,GLD-04,Archmage,2026-05-16,
MEM-00058,WIZ-00083,GLD-12,apprentice,2026-02-23,
MEM-00059,WIZ-00084,GLD-03,apprentice,2024-09-29,
MEM-00060,WIZ-00085,GLD-03,apprentice,2024-01-30,
MEM-00061,WIZ-00086,GLD-04,apprentice,2023-09-03,
MEM-00062,WIZ-00089,GLD-02,apprentice,2026-04-18,
MEM-00063,WIZ-00090,GLD-01,apprentice,2024-05-15,
MEM-00064,WIZ-00091,GLD-10,apprentice,2025-11-10,
MEM-00065,WIZ-00092,GLD-10,Apprentice,2024-01-01,
MEM-00066,WIZ-00093,GLD-06,apprentice,2023-08-18,
MEM-00067,WIZ-00094,GLD-09,apprentice,2024-12-10,2026-02-14
MEM-00068,WIZ-00094,GLD-09,adept,2026-02-14,
MEM-00069,WIZ-00095,GLD-12,Adept,2024-01-18,
MEM-00070,WIZ-00096,GLD-02,apprentice,2024-03-17,
MEM-00071,WIZ-00097,GLD-06,adept,2024-11-02,
MEM-00072,WIZ-00099,GLD-03,Apprentice,2024-10-23,2024-12-17
MEM-00073,WIZ-00099,GLD-03,adept,2024-12-17,
MEM-00074,WIZ-00100,GLD-08,apprentice,2025-10-16,
MEM-00075,WIZ-00101,GLD-02,apprentice,2025-12-14,
MEM-00076,WIZ-00102,GLD-06,apprentice,2024-11-28,
MEM-00077,WIZ-00105,GLD-06,Archmage,2025-08-11,
MEM-00078,WIZ-00106,GLD-08,apprentice,2024-11-22,
MEM-00079,WIZ-00107,GLD-05,Adept,2026-06-18,
MEM-00080,WIZ-00109,GLD-08,apprentice,2023-09-11,
MEM-00081,WIZ-00110,GLD-06,apprentice,2026-04-20,
MEM-00082,WIZ-00111,GLD-12,Apprentice,2024-10-23,2026-02-05
MEM-00083,WIZ-00111,GLD-12,adept,2026-02-05,
MEM-00084,WIZ-00112,GLD-03,Adept,2025-07-09,
MEM-00085,WIZ-00113,GLD-05,adept,2026-06-26,
MEM-00086,WIZ-00114,GLD-02,apprentice,2025-01-11,
MEM-00087,WIZ-00116,GLD-03,apprentice,2025-03-19,2026-06-04
MEM-00088,WIZ-00116,GLD-03,adept,2026-06-04,
MEM-00089,WIZ-00117,GLD-04,adept,2025-02-03,
MEM-00090,WIZ-00118,GLD-05,Apprentice,2026-02-17,
MEM-00091,WIZ-00119,GLD-03,apprentice,2025-05-05,
MEM-00092,WIZ-00120,GLD-08,adept,2024-10-10,
MEM-00093,WIZ-00122,GLD-09,apprentice,2026-01-14,
MEM-00094,WIZ-00123,GLD-09,apprentice,2025-07-27,2025-11-08
MEM-00095,WIZ-00123,GLD-09,adept,2025-11-08,
MEM-00096,WIZ-00124,GLD-02,apprentice,2025-08-20,
MEM-00097,WIZ-00125,GLD-05,apprentice,2025-04-09,
MEM-00098,WIZ-00126,GLD-01,archmage,2023-12-19,
MEM-00099,WIZ-00127,GLD-09,apprentice,2026-03-04,
MEM-00100,WIZ-00128,GLD-09,apprentice,2024-04-03,
MEM-00101,WIZ-00129,GLD-08,adept,2026-06-17,
MEM-00102,WIZ-00131,GLD-11,Apprentice,2023-11-22,
MEM-00103,WIZ-00132,GLD-05,apprentice,2025-07-06,
MEM-00104,WIZ-00136,GLD-06,apprentice,2025-07-20,
MEM-00105,WIZ-00138,GLD-10,adept,2025-04-18,
MEM-00106,WIZ-00139,GLD-11,apprentice,2024-02-28,
MEM-00107,WIZ-00140,GLD-12,adept,2025-01-16,
MEM-00108,WIZ-00141,GLD-08,apprentice,2025-10-20,2026-05-14
MEM-00109,WIZ-00141,GLD-08,adept,2026-05-14,
MEM-00110,WIZ-00142,GLD-10,apprentice,2025-11-15,
MEM-00111,WIZ-00143,GLD-08,apprentice,2025-12-19,
MEM-00112,WIZ-00144,GLD-10,Apprentice,2026-04-21,
MEM-00113,WIZ-00146,GLD-07,apprentice,2024-06-07,
MEM-00114,WIZ-00147,GLD-08,ADEPT,2024-07-29,
MEM-00115,WIZ-00152,GLD-03,apprentice,2026-01-20,
MEM-00116,WIZ-00154,GLD-06,adept,2026-06-06,
MEM-00117,WIZ-00155,GLD-10,adept,2026-05-25,
MEM-00118,WIZ-00156,GLD-11,adept,2024-11-11,
MEM-00119,WIZ-00158,GLD-10,Apprentice,2025-08-05,
MEM-00120,WIZ-00159,GLD-04,Apprentice,2024-08-13,
MEM-00121,WIZ-00161,GLD-01,Apprentice,2026-02-24,
MEM-00122,WIZ-00163,GLD-01,apprentice,2025-01-14,
MEM-00123,WIZ-00164,GLD-09,adept,2026-03-20,
MEM-00124,WIZ-00165,GLD-11,ADEPT,2024-04-15,
MEM-00125,WIZ-00166,GLD-05,adept,2024-02-26,
MEM-00126,WIZ-00168,GLD-03,Archmage,2026-01-24,
MEM-00127,WIZ-00171,GLD-04,ADEPT,2026-03-17,
MEM-00128,WIZ-00174,GLD-08,apprentice,2024-03-17,
MEM-00129,WIZ-00175,GLD-11,adept,2026-05-26,
MEM-00130,WIZ-00176,GLD-08,apprentice,2025-09-22,
MEM-00131,WIZ-00178,GLD-10,adept,2026-05-15,
MEM-00132,WIZ-00179,GLD-01,apprentice,2024-02-18,
MEM-00133,WIZ-00180,GLD-01,apprentice,2026-02-17,
MEM-00134,WIZ-00181,GLD-04,Apprentice,2024-08-17,
MEM-00135,WIZ-00186,GLD-04,apprentice,2024-10-27,2026-04-17
MEM-00136,WIZ-00186,GLD-04,Adept,2026-04-17,
MEM-00137,WIZ-00187,GLD-12,Adept,2023-02-05,
MEM-00138,WIZ-00188,GLD-10,apprentice,2025-03-02,
MEM-00139,WIZ-00190,GLD-07,Apprentice,2024-08-03,
MEM-00140,WIZ-00192,GLD-03,Apprentice,2023-09-04,
MEM-00141,WIZ-00193,GLD-07,Apprentice,2024-07-19,
MEM-00142,WIZ-00194,GLD-12,apprentice,2025-06-04,
MEM-00143,WIZ-00195,GLD-06,apprentice,2024-12-04,
MEM-00144,WIZ-00196,GLD-08,apprentice,2025-01-03,
MEM-00145,WIZ-00197,GLD-08,Apprentice,2024-12-18,2026-05-04
MEM-00146,WIZ-00197,GLD-08,adept,2026-05-04,
MEM-00147,WIZ-00199,GLD-10,apprentice,2023-08-04,
MEM-00148,WIZ-00200,GLD-06,ADEPT,2026-05-12,
MEM-00149,WIZ-00201,GLD-02,archmage,2023-12-02,
MEM-00150,WIZ-00202,GLD-08,Apprentice,2026-05-31,
MEM-00151,WIZ-00203,GLD-06,apprentice,2026-01-19,
MEM-00152,WIZ-00208,GLD-04,adept,2024-05-10,
MEM-00153,WIZ-00209,GLD-12,adept,2026-03-11,2026-05-31
MEM-00154,WIZ-00209,GLD-12,archmage,2026-05-31,
MEM-00155,WIZ-00210,GLD-12,apprentice,2026-01-07,
MEM-00156,WIZ-00211,GLD-02,Apprentice,2024-12-14,
MEM-00157,WIZ-00212,GLD-11,apprentice,2023-03-17,
MEM-00158,WIZ-00214,GLD-08,apprentice,2024-04-23,
MEM-00159,WIZ-00217,GLD-12,apprentice,2024-08-17,
MEM-00160,WIZ-00219,GLD-04,apprentice,2024-11-09,
MEM-00161,WIZ-00221,GLD-12,adept,2026-03-13,
MEM-00162,WIZ-00222,GLD-05,apprentice,2025-12-21,
MEM-00163,WIZ-00224,GLD-04,Archmage,2026-06-27,
MEM-00164,WIZ-00225,GLD-10,adept,2026-01-10,2026-06-21
MEM-00165,WIZ-00225,GLD-10,archmage,2026-06-21,
MEM-00166,WIZ-00228,GLD-12,Archmage,2026-05-24,
MEM-00167,WIZ-00235,GLD-07,APPRENTICE,2024-05-01,
MEM-00168,WIZ-00236,GLD-02,APPRENTICE,2024-07-25,
MEM-00169,WIZ-00238,GLD-12,adept,2025-07-25,2026-06-23
MEM-00170,WIZ-00238,GLD-12,ARCHMAGE,2026-06-23,
MEM-00171,WIZ-00239,GLD-09,adept,2025-06-20,
MEM-00172,WIZ-00240,GLD-02,APPRENTICE,2025-03-24,
MEM-00173,WIZ-00241,GLD-10,apprentice,2026-04-28,
MEM-00174,WIZ-00242,GLD-10,apprentice,2024-06-17,
MEM-00175,WIZ-00243,GLD-07,apprentice,2026-02-03,
MEM-00176,WIZ-00244,GLD-03,apprentice,2026-05-17,
MEM-00177,WIZ-00245,GLD-02,apprentice,2026-02-25,
MEM-00178,WIZ-00246,GLD-01,adept,2024-01-01,
MEM-00179,WIZ-00247,GLD-07,apprentice,2025-06-16,
MEM-00180,WIZ-00248,GLD-12,apprentice,2024-01-13,
MEM-00181,WIZ-00250,GLD-06,apprentice,2024-06-30,
MEM-00182,WIZ-00251,GLD-09,apprentice,2026-04-24,
MEM-00183,WIZ-00253,GLD-01,adept,2024-04-07,2025-01-16
MEM-00184,WIZ-00253,GLD-01,archmage,2025-01-16,
MEM-00185,WIZ-00256,GLD-11,archmage,2025-03-01,
MEM-00186,WIZ-00257,GLD-05,apprentice,2024-03-27,
MEM-00187,WIZ-00258,GLD-04,Adept,2026-04-23,
MEM-00188,WIZ-00261,GLD-01,apprentice,2026-04-21,
MEM-00189,WIZ-00263,GLD-05,Apprentice,2025-04-30,
MEM-00190,WIZ-00265,GLD-05,apprentice,2025-04-05,
MEM-00191,WIZ-00267,GLD-10,apprentice,2026-01-07,
MEM-00192,WIZ-00269,GLD-04,apprentice,2025-09-19,
MEM-00193,WIZ-00270,GLD-01,ADEPT,2025-12-28,
MEM-00194,WIZ-00273,GLD-06,Adept,2025-10-20,
MEM-00195,WIZ-00274,GLD-07,apprentice,2025-06-17,
MEM-00196,WIZ-00275,GLD-04,archmage,2026-05-07,
MEM-00197,WIZ-00276,GLD-09,apprentice,2025-03-16,
MEM-00198,WIZ-00278,GLD-02,apprentice,2026-01-17,
MEM-00199,WIZ-00279,GLD-03,APPRENTICE,2026-02-25,
MEM-00200,WIZ-00280,GLD-03,apprentice,2023-11-23,
MEM-00201,WIZ-00283,GLD-05,adept,2023-04-07,
MEM-00202,WIZ-00284,GLD-12,apprentice,2023-12-18,
MEM-00203,WIZ-00285,GLD-11,APPRENTICE,2024-11-03,
MEM-00204,WIZ-00286,GLD-04,adept,2024-04-22,
MEM-00205,WIZ-00287,GLD-12,archmage,2023-11-03,
MEM-00206,WIZ-00288,GLD-02,apprentice,2025-12-14,
MEM-00207,WIZ-00289,GLD-01,adept,2024-09-18,
MEM-00208,WIZ-00292,GLD-12,adept,2024-10-23,
MEM-00209,WIZ-00294,GLD-02,adept,2025-10-11,
MEM-00210,WIZ-00295,GLD-05,Apprentice,2026-06-23,
MEM-00211,WIZ-00296,GLD-09,adept,2023-08-22,
MEM-00212,WIZ-00297,GLD-04,apprentice,2025-10-04,
MEM-00213,WIZ-00298,GLD-06,Apprentice,2024-09-05,
MEM-00214,WIZ-00299,GLD-10,Adept,2024-12-24,
MEM-00215,WIZ-00303,GLD-11,adept,2024-03-24,2025-09-28
MEM-00216,WIZ-00303,GLD-11,archmage,2025-09-28,
MEM-00217,WIZ-00304,GLD-01,apprentice,2025-03-10,
MEM-00218,WIZ-00305,GLD-06,apprentice,2026-01-08,
MEM-00219,WIZ-00306,GLD-01,APPRENTICE,2023-07-08,
MEM-00220,WIZ-00307,GLD-09,Apprentice,2024-03-13,
MEM-00221,WIZ-00309,GLD-10,APPRENTICE,2024-11-20,
MEM-00222,WIZ-00312,GLD-10,apprentice,2026-06-14,
MEM-00223,WIZ-00313,GLD-01,Apprentice,2025-11-17,2026-05-31
MEM-00224,WIZ-00313,GLD-01,Adept,2026-05-31,
MEM-00225,WIZ-00316,GLD-05,apprentice,2025-08-12,
MEM-00226,WIZ-00317,GLD-06,apprentice,2024-02-04,
MEM-00227,WIZ-00318,GLD-06,Apprentice,2026-04-15,
MEM-00228,WIZ-00320,GLD-07,Apprentice,2025-11-11,
MEM-00229,WIZ-00323,GLD-10,apprentice,2024-12-26,
MEM-00230,WIZ-00326,GLD-05,apprentice,2026-02-06,2026-04-04
MEM-00231,WIZ-00326,GLD-05,adept,2026-04-04,
MEM-00232,WIZ-00327,GLD-11,archmage,2026-06-12,
MEM-00233,WIZ-00328,GLD-11,apprentice,2024-10-01,
MEM-00234,WIZ-00334,GLD-09,apprentice,2026-05-24,
MEM-00235,WIZ-00336,GLD-04,archmage,2026-06-27,
MEM-00236,WIZ-00337,GLD-08,adept,2024-12-22,
MEM-00237,WIZ-00339,GLD-10,adept,2024-01-17,2024-09-08
MEM-00238,WIZ-00339,GLD-10,archmage,2024-09-08,
MEM-00239,WIZ-00342,GLD-04,Archmage,2024-03-24,
MEM-00240,WIZ-00344,GLD-10,adept,2024-06-04,
MEM-00241,WIZ-00345,GLD-05,Apprentice,2024-07-03,
MEM-00242,WIZ-00347,GLD-10,ADEPT,2025-12-15,
MEM-00243,WIZ-00348,GLD-11,Archmage,2025-12-03,
MEM-00244,WIZ-00349,GLD-09,apprentice,2026-06-05,
MEM-00245,WIZ-00351,GLD-03,Adept,2025-05-31,
MEM-00246,WIZ-00354,GLD-01,apprentice,2023-09-05,
MEM-00247,WIZ-00355,GLD-03,apprentice,2023-08-30,
MEM-00248,WIZ-00357,GLD-10,apprentice,2024-03-16,
MEM-00249,WIZ-00358,GLD-04,apprentice,2026-04-29,
MEM-00250,WIZ-00359,GLD-12,adept,2025-12-26,
MEM-00251,WIZ-00361,GLD-10,apprentice,2023-06-10,
MEM-00252,WIZ-00363,GLD-06,adept,2023-10-18,
MEM-00253,WIZ-00366,GLD-10,Apprentice,2025-10-29,
MEM-00254,WIZ-00368,GLD-09,apprentice,2026-05-29,
MEM-00255,WIZ-00369,GLD-03,ADEPT,2025-09-06,
MEM-00256,WIZ-00370,GLD-04,apprentice,2026-03-25,
MEM-00257,WIZ-00372,GLD-03,apprentice,2023-06-27,
MEM-00258,WIZ-00373,GLD-01,Adept,2024-02-11,
MEM-00259,WIZ-00375,GLD-11,Apprentice,2026-05-15,
MEM-00260,WIZ-00377,GLD-09,apprentice,2026-04-12,
MEM-00261,WIZ-00379,GLD-08,archmage,2026-02-13,
MEM-00262,WIZ-00382,GLD-04,adept,2024-04-22,2025-03-22
MEM-00263,WIZ-00382,GLD-04,Archmage,2025-03-22,
MEM-00264,WIZ-00383,GLD-04,adept,2026-06-19,
MEM-00265,WIZ-00384,GLD-08,APPRENTICE,2024-04-04,
MEM-00266,WIZ-00385,GLD-08,adept,2026-02-25,
MEM-00267,WIZ-00386,GLD-02,Apprentice,2023-07-13,
MEM-00268,WIZ-00387,GLD-12,archmage,2023-08-06,
MEM-00269,WIZ-00389,GLD-07,archmage,2026-03-26,
MEM-00270,WIZ-00390,GLD-09,archmage,2025-02-15,
MEM-00271,WIZ-00393,GLD-10,apprentice,2024-01-31,
MEM-00272,WIZ-00394,GLD-05,Apprentice,2026-02-26,
MEM-00273,WIZ-00395,GLD-07,adept,2024-06-24,
MEM-00274,WIZ-00398,GLD-05,apprentice,2023-06-30,
MEM-00275,WIZ-00399,GLD-12,adept,2026-06-30,
MEM-00276,WIZ-00400,GLD-07,adept,2023-10-31,
MEM-00277,WIZ-00401,GLD-11,archmage,2024-06-26,
MEM-00278,WIZ-00402,GLD-06,apprentice,2025-07-15,
MEM-00279,WIZ-00403,GLD-02,apprentice,2026-04-01,
MEM-00280,WIZ-00404,GLD-06,Apprentice,2026-05-08,
MEM-00281,WIZ-00405,GLD-06,Adept,2026-06-15,
MEM-00282,WIZ-00406,GLD-07,adept,2023-10-01,
MEM-00283,WIZ-00407,GLD-05,adept,2026-03-17,2026-05-15
MEM-00284,WIZ-00407,GLD-05,archmage,2026-05-15,
MEM-00285,WIZ-00408,GLD-01,archmage,2024-07-24,
MEM-00286,WIZ-00409,GLD-03,apprentice,2025-04-06,
MEM-00287,WIZ-00411,GLD-07,archmage,2024-05-22,
MEM-00288,WIZ-00414,GLD-06,apprentice,2024-10-06,
MEM-00289,WIZ-00416,GLD-05,adept,2024-06-14,
MEM-00290,WIZ-00417,GLD-02,apprentice,2024-12-11,
MEM-00291,WIZ-00418,GLD-07,apprentice,2024-02-07,
MEM-00292,WIZ-00419,GLD-05,adept,2024-10-08,
MEM-00293,WIZ-00420,GLD-02,Apprentice,2024-09-25,2026-04-20
MEM-00294,WIZ-00420,GLD-02,adept,2026-04-20,
MEM-00295,WIZ-00422,GLD-02,apprentice,2026-04-25,
MEM-00296,WIZ-00423,GLD-06,ADEPT,2024-09-09,
MEM-00297,WIZ-00424,GLD-09,apprentice,2026-03-21,
MEM-00298,WIZ-00426,GLD-06,archmage,2026-06-05,
MEM-00299,WIZ-00427,GLD-11,adept,2026-04-20,2026-05-29
MEM-00300,WIZ-00427,GLD-11,archmage,2026-05-29,
MEM-00301,WIZ-00428,GLD-08,archmage,2024-09-10,
MEM-00302,WIZ-00429,GLD-07,adept,2026-01-20,
MEM-00303,WIZ-00430,GLD-04,adept,2025-09-08,2025-11-24
MEM-00304,WIZ-00430,GLD-04,archmage,2025-11-24,
MEM-00305,WIZ-00434,GLD-09,apprentice,2025-06-03,
MEM-00306,WIZ-00436,GLD-04,adept,2025-12-02,
MEM-00307,WIZ-00438,GLD-02,apprentice,2023-07-14,
MEM-00308,WIZ-00439,GLD-03,apprentice,2023-11-11,
MEM-00309,WIZ-00440,GLD-08,apprentice,2026-01-26,
MEM-00310,WIZ-00442,GLD-11,Apprentice,2023-09-30,
MEM-00311,WIZ-00443,GLD-09,adept,2025-06-03,
MEM-00312,WIZ-00444,GLD-07,apprentice,2023-05-09,
MEM-00313,WIZ-00446,GLD-01,apprentice,2023-09-16,
MEM-00314,WIZ-00448,GLD-02,adept,2025-09-29,
MEM-00315,WIZ-00451,GLD-01,adept,2025-12-23,
MEM-00316,WIZ-00452,GLD-11,Apprentice,2023-12-14,2025-08-18
MEM-00317,WIZ-00452,GLD-11,adept,2025-08-18,
MEM-00318,WIZ-00454,GLD-07,adept,2023-02-07,
MEM-00319,WIZ-00456,GLD-04,adept,2026-06-03,
MEM-00320,WIZ-00457,GLD-07,APPRENTICE,2024-05-10,
MEM-00321,WIZ-00458,GLD-07,adept,2025-12-23,
MEM-00322,WIZ-00459,GLD-07,adept,2025-03-15,
MEM-00323,WIZ-00462,GLD-01,apprentice,2024-02-23,
MEM-00324,WIZ-00463,GLD-06,apprentice,2023-12-14,2024-08-12
MEM-00325,WIZ-00463,GLD-06,adept,2024-08-12,
MEM-00326,WIZ-00464,GLD-02,adept,2023-02-12,
MEM-00327,WIZ-00465,GLD-03,apprentice,2025-03-22,
MEM-00328,WIZ-00468,GLD-11,adept,2026-06-13,
MEM-00329,WIZ-00469,GLD-05,apprentice,2023-09-09,
MEM-00330,WIZ-00470,GLD-01,Adept,2023-10-24,2025-09-02
MEM-00331,WIZ-00470,GLD-01,archmage,2025-09-02,
MEM-00332,WIZ-00472,GLD-07,apprentice,2025-11-21,
MEM-00333,WIZ-00473,GLD-05,APPRENTICE,2023-09-04,
MEM-00334,WIZ-00475,GLD-01,apprentice,2026-04-27,
MEM-00335,WIZ-00477,GLD-10,adept,2023-12-31,2024-03-30
MEM-00336,WIZ-00477,GLD-10,Archmage,2024-03-30,
MEM-00337,WIZ-00478,GLD-09,Apprentice,2025-07-13,
MEM-00338,WIZ-00480,GLD-09,apprentice,2025-01-20,
MEM-00339,WIZ-00483,GLD-01,apprentice,2025-11-02,
MEM-00340,WIZ-00484,GLD-01,adept,2026-06-09,
MEM-00341,WIZ-00485,GLD-10,adept,2025-11-10,2026-04-22
MEM-00342,WIZ-00485,GLD-10,archmage,2026-04-22,
MEM-00343,WIZ-00486,GLD-03,ADEPT,2023-08-01,
MEM-00344,WIZ-00487,GLD-10,ARCHMAGE,2025-11-21,
MEM-00345,WIZ-00489,GLD-10,apprentice,2025-11-14,
MEM-00346,WIZ-00490,GLD-04,adept,2025-03-08,
MEM-00347,WIZ-00491,GLD-05,adept,2026-04-01,
MEM-00348,WIZ-00492,GLD-09,apprentice,2024-06-06,
MEM-00349,WIZ-00494,GLD-08,apprentice,2024-01-20,
MEM-00350,WIZ-00496,GLD-06,apprentice,2025-10-31,
MEM-00351,WIZ-00497,GLD-11,adept,2026-01-09,
MEM-00352,WIZ-00498,GLD-01,adept,2025-10-28,
MEM-00353,WIZ-00500,GLD-03,Apprentice,2023-12-05,2025-08-19
MEM-00354,WIZ-00500,GLD-03,adept,2025-08-19,
MEM-00355,WIZ-00501,GLD-05,apprentice,2025-04-07,
MEM-00356,WIZ-00504,GLD-07,adept,2026-05-27,
MEM-00357,WIZ-00505,GLD-11,apprentice,2024-11-06,
MEM-00358,WIZ-00506,GLD-06,apprentice,2024-08-04,
MEM-00359,WIZ-00508,GLD-01,apprentice,2025-03-27,
MEM-00360,WIZ-00512,GLD-10,adept,2023-11-25,
MEM-00361,WIZ-00513,GLD-11,Apprentice,2026-02-22,
MEM-00362,WIZ-00514,GLD-05,apprentice,2023-11-28,
MEM-00363,WIZ-00515,GLD-12,Apprentice,2023-07-29,
MEM-00364,WIZ-00516,GLD-12,adept,2026-02-13,
MEM-00365,WIZ-00517,GLD-11,apprentice,2024-09-01,
MEM-00366,WIZ-00518,GLD-11,apprentice,2024-09-02,
MEM-00367,WIZ-00519,GLD-06,adept,2025-05-15,
MEM-00368,WIZ-00522,GLD-01,ADEPT,2025-08-07,
MEM-00369,WIZ-00523,GLD-12,apprentice,2024-09-16,
MEM-00370,WIZ-00526,GLD-01,Adept,2023-05-18,2025-02-05
MEM-00371,WIZ-00526,GLD-01,archmage,2025-02-05,
MEM-00372,WIZ-00529,GLD-03,apprentice,2024-10-09,
MEM-00373,WIZ-00530,GLD-12,Apprentice,2023-08-29,
MEM-00374,WIZ-00532,GLD-06,apprentice,2025-12-06,
MEM-00375,WIZ-00538,GLD-05,adept,2026-06-11,
MEM-00376,WIZ-00539,GLD-01,apprentice,2025-07-27,
MEM-00377,WIZ-00544,GLD-02,apprentice,2025-10-13,2026-03-31
MEM-00378,WIZ-00544,GLD-02,Adept,2026-03-31,
MEM-00379,WIZ-00545,GLD-08,Apprentice,2026-02-13,2026-06-18
MEM-00380,WIZ-00545,GLD-08,adept,2026-06-18,
MEM-00381,WIZ-00547,GLD-11,Archmage,2026-06-18,
MEM-00382,WIZ-00548,GLD-07,Apprentice,2025-02-28,
MEM-00383,WIZ-00549,GLD-07,APPRENTICE,2024-10-15,
MEM-00384,WIZ-00551,GLD-08,archmage,2024-03-01,
MEM-00385,WIZ-00552,GLD-01,apprentice,2024-10-29,
MEM-00386,WIZ-00553,GLD-09,apprentice,2023-12-10,
MEM-00387,WIZ-00554,GLD-08,ADEPT,2024-08-18,
MEM-00388,WIZ-00556,GLD-09,Apprentice,2026-06-11,
MEM-00389,WIZ-00557,GLD-04,Adept,2025-06-01,2026-04-05
MEM-00390,WIZ-00557,GLD-04,archmage,2026-04-05,
MEM-00391,WIZ-00559,GLD-10,Apprentice,2024-04-01,
MEM-00392,WIZ-00560,GLD-09,apprentice,2026-05-12,
MEM-00393,WIZ-00561,GLD-02,adept,2023-11-01,
MEM-00394,WIZ-00562,GLD-10,Apprentice,2026-04-24,
MEM-00395,WIZ-00563,GLD-07,adept,2026-06-21,
MEM-00396,WIZ-00565,GLD-06,archmage,2026-04-27,
MEM-00397,WIZ-00566,GLD-02,apprentice,2024-12-01,
MEM-00398,WIZ-00567,GLD-08,adept,2023-12-08,
MEM-00399,WIZ-00568,GLD-09,apprentice,2026-06-21,
MEM-00400,WIZ-00569,GLD-05,adept,2024-03-05,
MEM-00401,WIZ-00570,GLD-06,apprentice,2025-08-15,
MEM-00402,WIZ-00573,GLD-05,archmage,2025-08-25,
MEM-00403,WIZ-00574,GLD-10,ADEPT,2025-04-11,
MEM-00404,WIZ-00578,GLD-09,adept,2025-01-15,
MEM-00405,WIZ-00579,GLD-10,apprentice,2025-06-01,
MEM-00406,WIZ-00580,GLD-12,apprentice,2024-09-11,
MEM-00407,WIZ-00582,GLD-06,apprentice,2026-06-13,
MEM-00408,WIZ-00585,GLD-02,adept,2025-03-01,
MEM-00409,WIZ-00587,GLD-11,apprentice,2025-01-18,2026-04-28
MEM-00410,WIZ-00587,GLD-11,adept,2026-04-28,
MEM-00411,WIZ-00588,GLD-06,Adept,2025-04-16,2026-04-19
MEM-00412,WIZ-00588,GLD-06,archmage,2026-04-19,
MEM-00413,WIZ-00589,GLD-03,apprentice,2024-02-13,
MEM-00414,WIZ-00590,GLD-08,adept,2026-03-30,
MEM-00415,WIZ-00591,GLD-09,Adept,2025-07-22,
MEM-00416,WIZ-00592,GLD-07,APPRENTICE,2024-11-25,
MEM-00417,WIZ-00594,GLD-04,Apprentice,2026-02-13,
MEM-00418,WIZ-00596,GLD-01,apprentice,2025-03-15,
MEM-00419,WIZ-00597,GLD-01,Archmage,2025-11-04,
MEM-00420,WIZ-00598,GLD-03,apprentice,2024-10-23,
MEM-00421,WIZ-00599,GLD-10,APPRENTICE,2024-06-01,
MEM-00422,WIZ-00600,GLD-08,apprentice,2025-10-09,
MEM-00423,WIZ-00601,GLD-07,Apprentice,2024-08-05,
MEM-00424,WIZ-00602,GLD-07,apprentice,2024-12-07,
MEM-00425,WIZ-00603,GLD-01,archmage,2025-08-02,
MEM-00426,WIZ-00605,GLD-01,adept,2024-04-25,
MEM-00427,WIZ-00606,GLD-06,apprentice,2024-06-19,
MEM-00428,WIZ-00610,GLD-06,APPRENTICE,2025-06-15,
MEM-00429,WIZ-00612,GLD-10,APPRENTICE,2024-07-27,2025-06-05
MEM-00430,WIZ-00612,GLD-10,adept,2025-06-05,
MEM-00431,WIZ-00613,GLD-09,apprentice,2025-08-02,
MEM-00432,WIZ-00614,GLD-05,Apprentice,2026-01-17,2026-06-07
MEM-00433,WIZ-00614,GLD-05,Adept,2026-06-07,
MEM-00434,WIZ-00615,GLD-07,APPRENTICE,2025-12-24,
MEM-00435,WIZ-00619,GLD-10,adept,2025-03-21,
MEM-00436,WIZ-00620,GLD-09,apprentice,2025-07-29,2025-09-24
MEM-00437,WIZ-00620,GLD-09,adept,2025-09-24,
MEM-00438,WIZ-00622,GLD-04,apprentice,2024-02-10,
MEM-00439,WIZ-00624,GLD-09,adept,2024-09-23,
MEM-00440,WIZ-00626,GLD-07,apprentice,2026-06-04,
MEM-00441,WIZ-00628,GLD-10,apprentice,2026-01-16,
MEM-00442,WIZ-00629,GLD-06,apprentice,2024-04-02,
MEM-00443,WIZ-00630,GLD-04,adept,2023-09-18,
MEM-00444,WIZ-00632,GLD-01,apprentice,2024-07-06,
MEM-00445,WIZ-00633,GLD-01,apprentice,2024-07-03,
MEM-00446,WIZ-00634,GLD-01,archmage,2023-06-11,
MEM-00447,WIZ-00635,GLD-12,apprentice,2024-03-25,
MEM-00448,WIZ-00636,GLD-01,adept,2025-04-16,
MEM-00449,WIZ-00640,GLD-08,Apprentice,2024-11-04,
MEM-00450,WIZ-00641,GLD-10,APPRENTICE,2024-11-09,
MEM-00451,WIZ-00644,GLD-11,apprentice,2023-05-13,2024-01-08
MEM-00452,WIZ-00644,GLD-11,adept,2024-01-08,
MEM-00453,WIZ-00647,GLD-02,APPRENTICE,2023-09-13,
MEM-00454,WIZ-00649,GLD-08,apprentice,2026-04-20,
MEM-00455,WIZ-00650,GLD-06,apprentice,2026-06-17,
MEM-00456,WIZ-00651,GLD-02,Apprentice,2025-08-05,
MEM-00457,WIZ-00652,GLD-01,ADEPT,2025-07-22,
MEM-00458,WIZ-00653,GLD-05,apprentice,2026-03-23,
MEM-00459,WIZ-00654,GLD-05,adept,2026-04-24,2026-06-20
MEM-00460,WIZ-00654,GLD-05,Archmage,2026-06-20,
MEM-00461,WIZ-00657,GLD-11,apprentice,2025-01-14,
MEM-00462,WIZ-00658,GLD-02,adept,2025-07-26,
MEM-00463,WIZ-00659,GLD-05,apprentice,2023-07-19,
MEM-00464,WIZ-00660,GLD-06,Adept,2023-11-10,2025-05-05
MEM-00465,WIZ-00660,GLD-06,archmage,2025-05-05,
MEM-00466,WIZ-00661,GLD-09,archmage,2026-04-26,
MEM-00467,WIZ-00663,GLD-12,APPRENTICE,2026-02-05,
MEM-00468,WIZ-00666,GLD-11,Adept,2024-09-03,
MEM-00469,WIZ-00667,GLD-07,adept,2025-08-17,
MEM-00470,WIZ-00669,GLD-08,apprentice,2026-04-22,
MEM-00471,WIZ-00672,GLD-06,Archmage,2026-02-23,
MEM-00472,WIZ-00674,GLD-03,Apprentice,2025-06-04,
MEM-00473,WIZ-00678,GLD-08,apprentice,2026-01-10,
MEM-00474,WIZ-00679,GLD-10,apprentice,2023-11-21,
MEM-00475,WIZ-00680,GLD-03,apprentice,2026-04-27,
MEM-00476,WIZ-00682,GLD-12,Apprentice,2023-12-27,
MEM-00477,WIZ-00683,GLD-06,ARCHMAGE,2025-12-24,
MEM-00478,WIZ-00686,GLD-01,archmage,2024-11-06,
MEM-00479,WIZ-00687,GLD-02,archmage,2025-11-24,
MEM-00480,WIZ-00688,GLD-02,Apprentice,2026-05-07,
MEM-00481,WIZ-00689,GLD-04,adept,2025-05-29,
MEM-00482,WIZ-00692,GLD-09,archmage,2026-05-24,
MEM-00483,WIZ-00694,GLD-11,apprentice,2025-04-01,
MEM-00484,WIZ-00695,GLD-02,adept,2025-12-04,2026-05-18
MEM-00485,WIZ-00695,GLD-02,Archmage,2026-05-18,
MEM-00486,WIZ-00696,GLD-08,archmage,2024-08-03,
MEM-00487,WIZ-00698,GLD-07,Adept,2026-05-13,
MEM-00488,WIZ-00699,GLD-11,APPRENTICE,2026-02-19,
MEM-00489,WIZ-00701,GLD-04,archmage,2025-05-31,
MEM-00490,WIZ-00703,GLD-03,adept,2023-12-05,
MEM-00491,WIZ-00705,GLD-03,adept,2024-01-22,2024-11-28
MEM-00492,WIZ-00705,GLD-03,archmage,2024-11-28,
MEM-00493,WIZ-00707,GLD-06,apprentice,2024-07-20,
MEM-00494,WIZ-00709,GLD-10,archmage,2026-06-01,
MEM-00495,WIZ-00711,GLD-07,apprentice,2026-01-02,
MEM-00496,WIZ-00714,GLD-06,apprentice,2024-02-07,
MEM-00497,WIZ-00716,GLD-01,apprentice,2023-09-20,2024-08-19
MEM-00498,WIZ-00716,GLD-01,adept,2024-08-19,
MEM-00499,WIZ-00717,GLD-01,Apprentice,2024-06-07,
MEM-00500,WIZ-00719,GLD-02,apprentice,2026-06-26,
MEM-00501,WIZ-00720,GLD-05,apprentice,2025-04-26,
MEM-00502,WIZ-00722,GLD-07,apprentice,2024-10-19,2025-06-12
MEM-00503,WIZ-00722,GLD-07,adept,2025-06-12,
MEM-00504,WIZ-00724,GLD-10,ADEPT,2024-12-07,
MEM-00505,WIZ-00726,GLD-02,apprentice,2026-03-23,
MEM-00506,WIZ-00727,GLD-03,apprentice,2025-04-02,
MEM-00507,WIZ-00728,GLD-04,adept,2024-12-26,
MEM-00508,WIZ-00729,GLD-04,apprentice,2024-08-03,
MEM-00509,WIZ-00730,GLD-03,apprentice,2026-01-30,
MEM-00510,WIZ-00731,GLD-07,archmage,2026-05-27,
MEM-00511,WIZ-00732,GLD-08,apprentice,2023-12-31,
MEM-00512,WIZ-00733,GLD-03,Apprentice,2024-12-29,
MEM-00513,WIZ-00734,GLD-07,apprentice,2025-05-19,
MEM-00514,WIZ-00735,GLD-05,Archmage,2026-06-15,
MEM-00515,WIZ-00736,GLD-03,archmage,2025-04-28,
MEM-00516,WIZ-00737,GLD-07,apprentice,2026-03-05,
MEM-00517,WIZ-00738,GLD-06,Apprentice,2025-05-30,
MEM-00518,WIZ-00739,GLD-06,apprentice,2026-05-13,
MEM-00519,WIZ-00741,GLD-05,Apprentice,2025-10-20,2026-05-08
MEM-00520,WIZ-00741,GLD-05,adept,2026-05-08,
MEM-00521,WIZ-00742,GLD-06,apprentice,2025-04-10,
MEM-00522,WIZ-00744,GLD-02,Apprentice,2023-07-04,2024-11-30
MEM-00523,WIZ-00744,GLD-02,ADEPT,2024-11-30,
MEM-00524,WIZ-00745,GLD-07,adept,2024-03-30,
MEM-00525,WIZ-00750,GLD-09,adept,2024-10-12,
MEM-00526,WIZ-00752,GLD-01,adept,2024-03-13,
MEM-00527,WIZ-00754,GLD-07,apprentice,2023-08-10,
MEM-00528,WIZ-00755,GLD-02,adept,2023-10-25,
MEM-00529,WIZ-00756,GLD-07,Apprentice,2025-11-22,
MEM-00530,WIZ-00759,GLD-10,adept,2025-07-02,
MEM-00531,WIZ-00760,GLD-02,apprentice,2024-05-05,
MEM-00532,WIZ-00762,GLD-06,Apprentice,2025-11-27,
MEM-00533,WIZ-00763,GLD-08,adept,2026-06-05,
MEM-00534,WIZ-00764,GLD-10,Apprentice,2025-11-13,
MEM-00535,WIZ-00767,GLD-09,apprentice,2025-06-06,
MEM-00536,WIZ-00768,GLD-11,apprentice,2025-08-28,
MEM-00537,WIZ-00770,GLD-06,adept,2026-05-27,
MEM-00538,WIZ-00772,GLD-02,Apprentice,2024-04-17,
MEM-00539,WIZ-00774,GLD-01,apprentice,2026-04-24,2026-06-19
MEM-00540,WIZ-00774,GLD-01,Adept,2026-06-19,
MEM-00541,WIZ-00775,GLD-09,adept,2025-11-25,
MEM-00542,WIZ-00776,GLD-01,apprentice,2025-03-16,
MEM-00543,WIZ-00777,GLD-11,Adept,2023-08-13,
MEM-00544,WIZ-00779,GLD-01,Adept,2024-01-19,
MEM-00545,WIZ-00781,GLD-10,Apprentice,2025-09-19,
MEM-00546,WIZ-00783,GLD-11,adept,2025-09-06,
MEM-00547,WIZ-00784,GLD-06,APPRENTICE,2025-01-13,
MEM-00548,WIZ-00786,GLD-10,apprentice,2024-09-06,
MEM-00549,WIZ-00788,GLD-10,apprentice,2026-03-15,
MEM-00550,WIZ-00789,GLD-07,Apprentice,2023-11-15,
MEM-00551,WIZ-00790,GLD-06,adept,2025-12-01,
MEM-00552,WIZ-00791,GLD-06,APPRENTICE,2024-01-22,
MEM-00553,WIZ-00792,GLD-02,apprentice,2026-01-23,2026-02-26
MEM-00554,WIZ-00792,GLD-02,ADEPT,2026-02-26,
MEM-00555,WIZ-00793,GLD-11,Apprentice,2026-05-21,
MEM-00556,WIZ-00794,GLD-09,ADEPT,2024-07-18,
MEM-00557,WIZ-00795,GLD-09,Apprentice,2026-05-20,
MEM-00558,WIZ-00796,GLD-11,Apprentice,2026-01-18,
MEM-00559,WIZ-00798,GLD-01,archmage,2026-01-13,
MEM-00560,WIZ-00800,GLD-01,adept,2026-04-11,2026-06-23
MEM-00561,WIZ-00800,GLD-01,Archmage,2026-06-23,
MEM-00562,WIZ-00802,GLD-04,apprentice,2024-06-11,
MEM-00563,WIZ-00803,GLD-09,adept,2023-07-04,
MEM-00564,WIZ-00808,GLD-04,adept,2026-04-22,
MEM-00565,WIZ-00811,GLD-12,apprentice,2023-12-21,2024-12-05
MEM-00566,WIZ-00811,GLD-12,adept,2024-12-05,
MEM-00567,WIZ-00812,GLD-07,adept,2024-11-19,
MEM-00568,WIZ-00813,GLD-12,apprentice,2024-03-23,
MEM-00569,WIZ-00815,GLD-01,apprentice,2023-12-12,
MEM-00570,WIZ-00816,GLD-12,apprentice,2026-05-19,
MEM-00571,WIZ-00817,GLD-07,apprentice,2024-04-05,
MEM-00572,WIZ-00818,GLD-01,apprentice,2024-06-11,
MEM-00573,WIZ-00819,GLD-10,Adept,2026-05-18,
MEM-00574,WIZ-00820,GLD-07,apprentice,2023-10-03,2024-05-27
MEM-00575,WIZ-00820,GLD-07,adept,2024-05-27,
MEM-00576,WIZ-00822,GLD-08,archmage,2024-03-28,
MEM-00577,WIZ-00823,GLD-09,apprentice,2026-04-18,
MEM-00578,WIZ-00825,GLD-07,apprentice,2025-07-29,
MEM-00579,WIZ-00826,GLD-11,APPRENTICE,2023-03-03,2023-04-06
MEM-00580,WIZ-00826,GLD-11,Adept,2023-04-06,
MEM-00581,WIZ-00827,GLD-08,apprentice,2025-06-05,
MEM-00582,WIZ-00828,GLD-03,APPRENTICE,2023-09-28,
MEM-00583,WIZ-00832,GLD-06,APPRENTICE,2024-11-02,
MEM-00584,WIZ-00833,GLD-12,apprentice,2023-07-18,
MEM-00585,WIZ-00834,GLD-03,apprentice,2024-01-27,
MEM-00586,WIZ-00835,GLD-10,archmage,2026-03-10,
MEM-00587,WIZ-00838,GLD-08,archmage,2023-12-28,
MEM-00588,WIZ-00839,GLD-11,apprentice,2026-03-31,
MEM-00589,WIZ-00842,GLD-03,apprentice,2024-03-16,
MEM-00590,WIZ-00843,GLD-05,apprentice,2024-08-12,
MEM-00591,WIZ-00846,GLD-09,apprentice,2025-04-30,
MEM-00592,WIZ-00847,GLD-02,adept,2025-05-01,
MEM-00593,WIZ-00848,GLD-05,apprentice,2023-11-22,
MEM-00594,WIZ-00849,GLD-05,adept,2023-10-06,
MEM-00595,WIZ-00850,GLD-03,Apprentice,2024-08-24,
MEM-00596,WIZ-00851,GLD-10,Apprentice,2025-05-19,
MEM-00597,WIZ-00853,GLD-01,apprentice,2025-01-26,
MEM-00598,WIZ-00854,GLD-11,apprentice,2024-12-30,
MEM-00599,WIZ-00855,GLD-05,apprentice,2026-05-19,
MEM-00600,WIZ-00857,GLD-05,apprentice,2025-05-11,
MEM-00601,WIZ-00858,GLD-02,apprentice,2026-04-04,
MEM-00602,WIZ-00860,GLD-11,apprentice,2024-07-01,
MEM-00603,WIZ-00861,GLD-03,apprentice,2025-04-26,
MEM-00604,WIZ-00862,GLD-12,apprentice,2026-03-04,
MEM-00605,WIZ-00863,GLD-06,Apprentice,2025-12-08,
MEM-00606,WIZ-00864,GLD-08,apprentice,2025-11-09,
MEM-00607,WIZ-00866,GLD-01,apprentice,2025-06-29,2025-08-15
MEM-00608,WIZ-00866,GLD-01,adept,2025-08-15,
MEM-00609,WIZ-00868,GLD-12,apprentice,2024-09-16,
MEM-00610,WIZ-00871,GLD-10,APPRENTICE,2025-06-20,
MEM-00611,WIZ-00873,GLD-03,apprentice,2025-03-16,
MEM-00612,WIZ-00875,GLD-06,apprentice,2025-12-10,
MEM-00613,WIZ-00877,GLD-06,apprentice,2025-04-21,
MEM-00614,WIZ-00879,GLD-03,apprentice,2026-04-19,
MEM-00615,WIZ-00880,GLD-09,apprentice,2023-08-31,2024-07-15
MEM-00616,WIZ-00880,GLD-09,Adept,2024-07-15,
MEM-00617,WIZ-00881,GLD-04,apprentice,2026-02-13,
MEM-00618,WIZ-00882,GLD-03,apprentice,2025-10-08,
MEM-00619,WIZ-00884,GLD-06,ARCHMAGE,2025-05-21,
MEM-00620,WIZ-00885,GLD-12,adept,2025-12-10,
MEM-00621,WIZ-00887,GLD-01,Apprentice,2023-01-24,
MEM-00622,WIZ-00888,GLD-09,APPRENTICE,2026-05-24,
MEM-00623,WIZ-00889,GLD-08,Apprentice,2024-03-09,
MEM-00624,WIZ-00891,GLD-11,apprentice,2024-04-15,
MEM-00625,WIZ-00894,GLD-11,apprentice,2025-05-23,
MEM-00626,WIZ-00895,GLD-02,apprentice,2023-05-11,2024-04-01
MEM-00627,WIZ-00895,GLD-02,adept,2024-04-01,
MEM-00628,WIZ-00896,GLD-09,adept,2024-08-19,
MEM-00629,WIZ-00897,GLD-02,adept,2025-09-25,
MEM-00630,WIZ-00898,GLD-06,apprentice,2025-12-03,
MEM-00631,WIZ-00899,GLD-05,apprentice,2024-12-23,
MEM-00632,WIZ-00900,GLD-08,adept,2024-06-27,
MEM-00633,WIZ-00901,GLD-09,apprentice,2026-02-20,
MEM-00634,WIZ-00903,GLD-04,Apprentice,2026-01-24,
MEM-00635,WIZ-00904,GLD-10,apprentice,2026-02-10,
MEM-00636,WIZ-00905,GLD-04,apprentice,2025-08-07,
MEM-00637,WIZ-00907,GLD-08,Apprentice,2025-08-16,
MEM-00638,WIZ-00909,GLD-09,adept,2026-06-08,
MEM-00639,WIZ-00910,GLD-08,apprentice,2024-02-04,
MEM-00640,WIZ-00911,GLD-06,archmage,2025-10-20,
MEM-00641,WIZ-00912,GLD-06,apprentice,2025-07-31,2025-09-09
MEM-00642,WIZ-00912,GLD-06,adept,2025-09-09,
MEM-00643,WIZ-00914,GLD-11,Apprentice,2024-10-15,
MEM-00644,WIZ-00918,GLD-12,apprentice,2023-11-27,
MEM-00645,WIZ-00920,GLD-06,apprentice,2026-04-26,
MEM-00646,WIZ-00922,GLD-04,apprentice,2025-01-21,
MEM-00647,WIZ-00924,GLD-08,APPRENTICE,2025-12-15,
MEM-00648,WIZ-00925,GLD-02,apprentice,2025-04-16,
MEM-00649,WIZ-00926,GLD-01,apprentice,2026-02-15,
MEM-00650,WIZ-00927,GLD-01,adept,2024-06-26,
MEM-00651,WIZ-00930,GLD-12,Apprentice,2025-01-03,
MEM-00652,WIZ-00931,GLD-02,apprentice,2024-09-22,
MEM-00653,WIZ-00932,GLD-08,APPRENTICE,2025-10-04,2025-11-19
MEM-00654,WIZ-00932,GLD-08,adept,2025-11-19,
MEM-00655,WIZ-00933,GLD-05,adept,2026-03-07,
MEM-00656,WIZ-00934,GLD-07,apprentice,2026-02-22,
MEM-00657,WIZ-00937,GLD-02,adept,2026-02-03,
MEM-00658,WIZ-00940,GLD-05,apprentice,2026-06-02,
MEM-00659,WIZ-00941,GLD-09,apprentice,2026-03-11,2026-06-28
MEM-00660,WIZ-00941,GLD-09,adept,2026-06-28,
MEM-00661,WIZ-00942,GLD-12,Adept,2024-03-08,
MEM-00662,WIZ-00943,GLD-01,apprentice,2026-01-25,
MEM-00663,WIZ-00944,GLD-09,adept,2026-03-30,2026-06-16
MEM-00664,WIZ-00944,GLD-09,archmage,2026-06-16,
MEM-00665,WIZ-00945,GLD-11,apprentice,2024-12-08,
MEM-00666,WIZ-00948,GLD-07,Apprentice,2024-10-08,
MEM-00667,WIZ-00952,GLD-07,apprentice,2024-11-28,2026-05-03
MEM-00668,WIZ-00952,GLD-07,adept,2026-05-03,
MEM-00669,WIZ-00955,GLD-08,archmage,2023-07-18,
MEM-00670,WIZ-00957,GLD-05,apprentice,2025-09-03,
MEM-00671,WIZ-00958,GLD-05,APPRENTICE,2025-10-11,
MEM-00672,WIZ-00960,GLD-09,apprentice,2024-11-30,
MEM-00673,WIZ-00962,GLD-06,Archmage,2025-08-12,
MEM-00674,WIZ-00963,GLD-06,apprentice,2026-01-30,
MEM-00675,WIZ-00964,GLD-06,Adept,2024-10-18,
MEM-00676,WIZ-00965,GLD-12,Adept,2026-03-04,
MEM-00677,WIZ-00969,GLD-08,Apprentice,2024-03-20,
MEM-00678,WIZ-00970,GLD-04,Apprentice,2024-09-16,
MEM-00679,WIZ-00971,GLD-08,apprentice,2024-09-02,
MEM-00680,WIZ-00972,GLD-11,apprentice,2026-06-01,
MEM-00681,WIZ-00974,GLD-05,APPRENTICE,2024-02-22,
MEM-00682,WIZ-00975,GLD-12,archmage,2024-07-12,
MEM-00683,WIZ-00976,GLD-11,apprentice,2024-02-21,
MEM-00684,WIZ-00979,GLD-06,adept,2026-06-04,
MEM-00685,WIZ-00980,GLD-05,APPRENTICE,2025-04-04,
MEM-00686,WIZ-00981,GLD-12,archmage,2025-05-05,
MEM-00687,WIZ-00982,GLD-02,apprentice,2025-07-18,
MEM-00688,WIZ-00983,GLD-03,apprentice,2025-04-20,2025-10-15
MEM-00689,WIZ-00983,GLD-03,Adept,2025-10-15,
MEM-00690,WIZ-00986,GLD-04,apprentice,2024-10-31,
MEM-00691,WIZ-00987,GLD-12,apprentice,2026-03-14,
MEM-00692,WIZ-00988,GLD-05,adept,2026-06-21,
MEM-00693,WIZ-00990,GLD-09,apprentice,2025-12-21,
MEM-00694,WIZ-00991,GLD-10,apprentice,2025-12-26,
MEM-00695,WIZ-00994,GLD-09,adept,2023-05-11,
MEM-00696,WIZ-00996,GLD-01,apprentice,2025-10-29,
MEM-00697,WIZ-00999,GLD-02,Adept,2023-11-21,2025-07-05
MEM-00698,WIZ-00999,GLD-02,Archmage,2025-07-05,
MEM-00699,WIZ-01000,GLD-06,APPRENTICE,2025-05-12,
MEM-00700,WIZ-01001,GLD-11,apprentice,2024-03-02,2025-09-25
MEM-00701,WIZ-01001,GLD-11,adept,2025-09-25,
MEM-00702,WIZ-01002,GLD-01,archmage,2024-11-26,
MEM-00703,WIZ-01007,GLD-08,apprentice,2026-04-04,
MEM-00704,WIZ-01008,GLD-03,apprentice,2025-02-04,
MEM-00705,WIZ-01009,GLD-04,apprentice,2025-12-10,
MEM-00706,WIZ-01010,GLD-05,apprentice,2026-01-14,
MEM-00707,WIZ-01011,GLD-12,apprentice,2025-02-12,2026-04-20
MEM-00708,WIZ-01011,GLD-12,ADEPT,2026-04-20,
MEM-00709,WIZ-01012,GLD-01,archmage,2026-02-16,
MEM-00710,WIZ-01013,GLD-08,apprentice,2024-12-30,
MEM-00711,WIZ-01014,GLD-10,APPRENTICE,2026-06-24,
MEM-00712,WIZ-01015,GLD-08,apprentice,2025-03-28,2026-04-17
MEM-00713,WIZ-01015,GLD-08,adept,2026-04-17,
MEM-00714,WIZ-01016,GLD-03,archmage,2023-07-30,
MEM-00715,WIZ-01017,GLD-11,Adept,2024-08-03,
MEM-00716,WIZ-01018,GLD-06,apprentice,2024-07-03,
MEM-00717,WIZ-01019,GLD-03,apprentice,2026-03-07,
MEM-00718,WIZ-01021,GLD-06,Apprentice,2025-08-21,
MEM-00719,WIZ-01022,GLD-06,apprentice,2025-04-27,
MEM-00720,WIZ-01025,GLD-07,apprentice,2025-06-22,
MEM-00721,WIZ-01026,GLD-02,Apprentice,2025-12-07,
MEM-00722,WIZ-01028,GLD-02,apprentice,2024-12-27,
MEM-00723,WIZ-01029,GLD-11,adept,2026-03-05,
MEM-00724,WIZ-01030,GLD-04,apprentice,2026-04-26,
MEM-00725,WIZ-01031,GLD-09,Apprentice,2025-07-15,
MEM-00726,WIZ-01033,GLD-06,Apprentice,2024-09-24,
MEM-00727,WIZ-01034,GLD-04,ADEPT,2025-04-07,
MEM-00728,WIZ-01035,GLD-10,Adept,2024-05-11,
MEM-00729,WIZ-01037,GLD-08,APPRENTICE,2026-04-22,
MEM-00730,WIZ-01039,GLD-06,apprentice,2024-09-22,2026-01-09
MEM-00731,WIZ-01039,GLD-06,adept,2026-01-09,
MEM-00732,WIZ-01040,GLD-02,adept,2026-01-08,2026-06-04
MEM-00733,WIZ-01040,GLD-02,ARCHMAGE,2026-06-04,
MEM-00734,WIZ-01042,GLD-04,adept,2024-05-23,
MEM-00735,WIZ-01043,GLD-10,adept,2026-04-02,
MEM-00736,WIZ-01044,GLD-04,apprentice,2026-06-18,
MEM-00737,WIZ-01045,GLD-06,archmage,2024-06-15,
MEM-00738,WIZ-01046,GLD-03,Apprentice,2025-06-22,2026-01-12
MEM-00739,WIZ-01046,GLD-03,adept,2026-01-12,
MEM-00740,WIZ-01047,GLD-09,adept,2026-05-30,
MEM-00741,WIZ-01048,GLD-08,adept,2024-08-08,
MEM-00742,WIZ-01049,GLD-03,archmage,2026-06-27,
MEM-00743,WIZ-01050,GLD-12,adept,2025-07-01,
MEM-00744,WIZ-01051,GLD-07,Adept,2024-09-01,
MEM-00745,WIZ-01052,GLD-12,Apprentice,2023-10-07,
MEM-00746,WIZ-01054,GLD-11,apprentice,2025-04-05,
MEM-00747,WIZ-01055,GLD-03,Apprentice,2024-03-28,
MEM-00748,WIZ-01056,GLD-05,apprentice,2024-08-29,
MEM-00749,WIZ-01057,GLD-02,apprentice,2026-02-10,
MEM-00750,WIZ-01058,GLD-05,apprentice,2023-12-31,
MEM-00751,WIZ-01059,GLD-02,APPRENTICE,2024-06-12,2025-01-10
MEM-00752,WIZ-01059,GLD-02,Adept,2025-01-10,
MEM-00753,WIZ-01060,GLD-02,apprentice,2024-12-29,
MEM-00754,WIZ-01062,GLD-10,archmage,2026-06-15,
MEM-00755,WIZ-01063,GLD-04,apprentice,2023-03-27,
MEM-00756,WIZ-01065,GLD-07,Apprentice,2026-06-20,
MEM-00757,WIZ-01066,GLD-06,Archmage,2024-07-04,
MEM-00758,WIZ-01068,GLD-12,apprentice,2024-03-03,2024-09-25
MEM-00759,WIZ-01068,GLD-12,ADEPT,2024-09-25,
MEM-00760,WIZ-01069,GLD-01,apprentice,2025-06-23,2025-12-23
MEM-00761,WIZ-01069,GLD-01,adept,2025-12-23,
MEM-00762,WIZ-01070,GLD-08,apprentice,2023-06-08,
MEM-00763,WIZ-01071,GLD-11,apprentice,2023-10-13,
MEM-00764,WIZ-01072,GLD-08,apprentice,2025-06-16,
MEM-00765,WIZ-01074,GLD-06,Adept,2023-12-13,
MEM-00766,WIZ-01075,GLD-10,apprentice,2024-07-25,
MEM-00767,WIZ-01076,GLD-11,APPRENTICE,2024-01-03,2024-02-16
MEM-00768,WIZ-01076,GLD-11,adept,2024-02-16,
MEM-00769,WIZ-01078,GLD-01,adept,2025-06-06,
MEM-00770,WIZ-01079,GLD-07,apprentice,2026-01-08,
MEM-00771,WIZ-01080,GLD-05,Apprentice,2024-04-02,2024-08-14
MEM-00772,WIZ-01080,GLD-05,ADEPT,2024-08-14,
MEM-00773,WIZ-01082,GLD-03,Apprentice,2025-01-18,
MEM-00774,WIZ-01084,GLD-04,adept,2026-04-19,
MEM-00775,WIZ-01086,GLD-01,apprentice,2025-03-29,
MEM-00776,WIZ-01087,GLD-11,adept,2025-04-20,
MEM-00777,WIZ-01088,GLD-09,archmage,2025-03-04,
MEM-00778,WIZ-01089,GLD-09,apprentice,2026-04-15,
MEM-00779,WIZ-01090,GLD-04,APPRENTICE,2024-09-05,
MEM-00780,WIZ-01091,GLD-09,apprentice,2025-01-26,
MEM-00781,WIZ-01094,GLD-07,apprentice,2026-01-11,2026-06-16
MEM-00782,WIZ-01094,GLD-07,adept,2026-06-16,
MEM-00783,WIZ-01096,GLD-09,adept,2023-06-13,
MEM-00784,WIZ-01097,GLD-09,apprentice,2026-03-20,
MEM-00785,WIZ-01098,GLD-05,apprentice,2026-05-18,
MEM-00786,WIZ-01099,GLD-07,apprentice,2024-11-14,
MEM-00787,WIZ-01100,GLD-03,apprentice,2024-07-30,2024-12-02
MEM-00788,WIZ-01100,GLD-03,adept,2024-12-02,
MEM-00789,WIZ-01101,GLD-01,apprentice,2025-12-26,
MEM-00790,WIZ-01103,GLD-05,apprentice,2023-03-31,
MEM-00791,WIZ-01106,GLD-09,ARCHMAGE,2023-09-13,
MEM-00792,WIZ-01107,GLD-09,apprentice,2024-08-18,
MEM-00793,WIZ-01108,GLD-05,Adept,2026-06-14,
MEM-00794,WIZ-01109,GLD-10,archmage,2025-09-07,
MEM-00795,WIZ-01110,GLD-07,adept,2026-04-01,
MEM-00796,WIZ-01111,GLD-12,apprentice,2023-07-14,
MEM-00797,WIZ-01112,GLD-07,adept,2023-09-05,
MEM-00798,WIZ-01113,GLD-09,Apprentice,2023-12-03,
MEM-00799,WIZ-01114,GLD-06,Apprentice,2025-07-16,
MEM-00800,WIZ-01117,GLD-06,Adept,2026-06-10,
MEM-00801,WIZ-01119,GLD-12,Archmage,2024-08-05,
MEM-00802,WIZ-01120,GLD-05,archmage,2024-10-10,
MEM-00803,WIZ-01122,GLD-07,apprentice,2024-10-14,
MEM-00804,WIZ-01123,GLD-05,apprentice,2024-06-23,
MEM-00805,WIZ-01127,GLD-07,Apprentice,2026-06-18,
MEM-00806,WIZ-01128,GLD-06,Adept,2026-04-01,
MEM-00807,WIZ-01129,GLD-02,apprentice,2026-06-13,
MEM-00808,WIZ-01130,GLD-12,archmage,2023-07-29,
MEM-00809,WIZ-01133,GLD-06,apprentice,2025-10-19,2026-03-23
MEM-00810,WIZ-01133,GLD-06,Adept,2026-03-23,
MEM-00811,WIZ-01134,GLD-07,apprentice,2025-06-23,
MEM-00812,WIZ-01135,GLD-12,archmage,2025-08-26,
MEM-00813,WIZ-01137,GLD-10,apprentice,2025-09-05,
MEM-00814,WIZ-01138,GLD-09,APPRENTICE,2025-11-25,
MEM-00815,WIZ-01139,GLD-05,Apprentice,2026-02-10,2026-05-11
MEM-00816,WIZ-01139,GLD-05,adept,2026-05-11,
MEM-00817,WIZ-01141,GLD-07,adept,2024-04-17,
MEM-00818,WIZ-01143,GLD-08,adept,2023-09-15,2025-01-12
MEM-00819,WIZ-01143,GLD-08,archmage,2025-01-12,
MEM-00820,WIZ-01144,GLD-02,adept,2024-10-02,
MEM-00821,WIZ-01146,GLD-08,apprentice,2024-02-07,
MEM-00822,WIZ-01147,GLD-02,apprentice,2026-05-13,
MEM-00823,WIZ-01148,GLD-03,adept,2025-03-11,
MEM-00824,WIZ-01149,GLD-01,archmage,2025-05-01,
MEM-00825,WIZ-01150,GLD-01,adept,2024-01-30,2024-08-19
MEM-00826,WIZ-01150,GLD-01,archmage,2024-08-19,
MEM-00827,WIZ-01153,GLD-04,apprentice,2026-06-17,
MEM-00828,WIZ-01154,GLD-05,Archmage,2026-02-07,
MEM-00829,WIZ-01155,GLD-07,apprentice,2026-01-03,
MEM-00830,WIZ-01157,GLD-06,Adept,2026-06-23,
MEM-00831,WIZ-01159,GLD-01,Apprentice,2026-02-09,
MEM-00832,WIZ-01161,GLD-11,adept,2026-05-18,
MEM-00833,WIZ-01162,GLD-07,apprentice,2025-12-30,
MEM-00834,WIZ-01165,GLD-04,Apprentice,2025-12-21,
MEM-00835,WIZ-01166,GLD-06,apprentice,2025-12-05,
MEM-00836,WIZ-01167,GLD-11,Adept,2025-04-12,
MEM-00837,WIZ-01168,GLD-08,apprentice,2024-07-10,
MEM-00838,WIZ-01169,GLD-10,Adept,2025-02-14,
MEM-00839,WIZ-01170,GLD-04,adept,2025-01-19,
MEM-00840,WIZ-01172,GLD-09,archmage,2025-05-21,
MEM-00841,WIZ-01176,GLD-09,adept,2025-03-05,
MEM-00842,WIZ-01178,GLD-12,APPRENTICE,2025-07-25,
MEM-00843,WIZ-01179,GLD-06,Archmage,2025-06-03,
MEM-00844,WIZ-01180,GLD-09,adept,2023-05-10,2024-05-16
MEM-00845,WIZ-01180,GLD-09,Archmage,2024-05-16,
MEM-00846,WIZ-01182,GLD-07,adept,2026-06-04,
MEM-00847,WIZ-01183,GLD-04,adept,2026-06-16,
MEM-00848,WIZ-01184,GLD-02,Adept,2024-10-19,
MEM-00849,WIZ-01186,GLD-09,apprentice,2023-08-18,
MEM-00850,WIZ-01191,GLD-04,apprentice,2026-05-28,
MEM-00851,WIZ-01193,GLD-05,apprentice,2024-11-02,
MEM-00852,WIZ-01195,GLD-11,archmage,2026-04-23,
MEM-00853,WIZ-01196,GLD-05,apprentice,2025-07-15,2025-09-21
MEM-00854,WIZ-01196,GLD-05,adept,2025-09-21,
MEM-00855,WIZ-01197,GLD-09,adept,2026-03-11,
MEM-00856,WIZ-01198,GLD-01,adept,2026-06-27,
MEM-00857,WIZ-01199,GLD-10,apprentice,2024-08-05,
MEM-00858,WIZ-01200,GLD-05,adept,2024-05-20,
MEM-00859,WIZ-01201,GLD-03,apprentice,2026-06-16,
MEM-00860,WIZ-01203,GLD-06,Archmage,2025-04-22,
MEM-00861,WIZ-01205,GLD-01,Adept,2026-01-19,
MEM-00862,WIZ-01206,GLD-02,adept,2026-05-26,
MEM-00863,WIZ-01208,GLD-11,apprentice,2024-11-19,
MEM-00864,WIZ-01209,GLD-03,Adept,2025-10-19,
MEM-00865,WIZ-01210,GLD-11,Apprentice,2026-06-08,
MEM-00866,WIZ-01211,GLD-09,Apprentice,2024-09-14,
MEM-00867,WIZ-01214,GLD-12,apprentice,2025-08-20,
MEM-00868,WIZ-01215,GLD-11,adept,2024-05-10,2025-12-21
MEM-00869,WIZ-01215,GLD-11,Archmage,2025-12-21,
MEM-00870,WIZ-01216,GLD-01,adept,2023-08-17,
MEM-00871,WIZ-01217,GLD-07,apprentice,2023-08-17,
MEM-00872,WIZ-01218,GLD-12,apprentice,2025-04-13,
MEM-00873,WIZ-01219,GLD-02,archmage,2023-10-27,
MEM-00874,WIZ-01221,GLD-09,apprentice,2025-12-26,
MEM-00875,WIZ-01222,GLD-10,APPRENTICE,2024-10-11,
MEM-00876,WIZ-01223,GLD-04,apprentice,2025-09-06,2025-11-19
MEM-00877,WIZ-01223,GLD-04,Adept,2025-11-19,
MEM-00878,WIZ-01225,GLD-02,Adept,2025-12-05,
MEM-00879,WIZ-01226,GLD-03,ADEPT,2026-06-22,
MEM-00880,WIZ-01227,GLD-05,apprentice,2025-04-29,
MEM-00881,WIZ-01228,GLD-11,adept,2026-06-30,
MEM-00882,WIZ-01229,GLD-09,APPRENTICE,2026-02-20,
MEM-00883,WIZ-01231,GLD-07,apprentice,2024-01-22,
MEM-00884,WIZ-01234,GLD-12,Apprentice,2026-04-07,
MEM-00885,WIZ-01235,GLD-07,apprentice,2026-01-14,
MEM-00886,WIZ-01236,GLD-03,apprentice,2026-06-17,
MEM-00887,WIZ-01238,GLD-01,adept,2025-12-19,
MEM-00888,WIZ-01239,GLD-11,adept,2024-08-05,
MEM-00889,WIZ-01240,GLD-10,APPRENTICE,2026-06-15,
MEM-00890,WIZ-01241,GLD-02,apprentice,2025-04-23,
MEM-00891,WIZ-01242,GLD-09,APPRENTICE,2023-07-24,2024-09-01
MEM-00892,WIZ-01242,GLD-09,adept,2024-09-01,
MEM-00893,WIZ-01244,GLD-11,Adept,2025-04-09,
MEM-00894,WIZ-01245,GLD-07,adept,2025-05-04,
MEM-00895,WIZ-01246,GLD-09,adept,2024-11-25,
MEM-00896,WIZ-01247,GLD-04,apprentice,2026-05-16,
MEM-00897,WIZ-01248,GLD-09,apprentice,2024-12-09,
MEM-00898,WIZ-01249,GLD-06,apprentice,2026-04-28,
MEM-00899,WIZ-01250,GLD-02,Adept,2026-04-21,
MEM-00900,WIZ-01251,GLD-04,apprentice,2026-05-26,
MEM-00901,WIZ-01252,GLD-11,apprentice,2025-02-04,
MEM-00902,WIZ-01254,GLD-02,Apprentice,2026-02-27,2026-04-01
MEM-00903,WIZ-01254,GLD-02,adept,2026-04-01,
MEM-00904,WIZ-01255,GLD-05,apprentice,2024-01-12,
MEM-00905,WIZ-01256,GLD-06,adept,2024-03-08,
MEM-00906,WIZ-01257,GLD-10,apprentice,2025-06-28,
MEM-00907,WIZ-01258,GLD-07,apprentice,2026-04-27,
MEM-00908,WIZ-01259,GLD-12,adept,2025-08-12,
MEM-00909,WIZ-01260,GLD-01,Apprentice,2023-11-18,2025-06-28
MEM-00910,WIZ-01260,GLD-01,ADEPT,2025-06-28,
MEM-00911,WIZ-01262,GLD-11,Adept,2025-04-30,
MEM-00912,WIZ-01264,GLD-09,apprentice,2024-07-18,2025-11-02
MEM-00913,WIZ-01264,GLD-09,Adept,2025-11-02,
MEM-00914,WIZ-01266,GLD-02,Apprentice,2026-04-18,
MEM-00915,WIZ-01267,GLD-09,apprentice,2026-06-14,
MEM-00916,WIZ-01268,GLD-01,apprentice,2024-09-10,
MEM-00917,WIZ-01270,GLD-08,apprentice,2023-10-23,
MEM-00918,WIZ-01271,GLD-11,Adept,2024-10-24,
MEM-00919,WIZ-01272,GLD-10,Apprentice,2026-05-14,
MEM-00920,WIZ-01274,GLD-10,adept,2024-12-01,
MEM-00921,WIZ-01275,GLD-08,adept,2024-03-22,2025-05-24
MEM-00922,WIZ-01275,GLD-08,archmage,2025-05-24,
MEM-00923,WIZ-01281,GLD-11,Adept,2024-12-17,
MEM-00924,WIZ-01282,GLD-10,apprentice,2025-07-11,2026-05-07
MEM-00925,WIZ-01282,GLD-10,adept,2026-05-07,
MEM-00926,WIZ-01283,GLD-06,apprentice,2024-11-22,
MEM-00927,WIZ-01287,GLD-06,adept,2025-12-18,
MEM-00928,WIZ-01288,GLD-12,apprentice,2023-02-18,
MEM-00929,WIZ-01289,GLD-03,apprentice,2025-11-23,
MEM-00930,WIZ-01290,GLD-12,APPRENTICE,2026-06-26,
MEM-00931,WIZ-01292,GLD-09,apprentice,2026-05-20,
MEM-00932,WIZ-01294,GLD-01,Adept,2026-03-13,2026-05-09
MEM-00933,WIZ-01294,GLD-01,Archmage,2026-05-09,
MEM-00934,WIZ-01295,GLD-06,Apprentice,2025-05-16,
MEM-00935,WIZ-01298,GLD-05,ADEPT,2025-07-09,2025-08-15
MEM-00936,WIZ-01298,GLD-05,archmage,2025-08-15,
MEM-00937,WIZ-01301,GLD-11,adept,2026-04-16,
MEM-00938,WIZ-01302,GLD-12,APPRENTICE,2024-04-20,
MEM-00939,WIZ-01305,GLD-10,adept,2024-05-01,
MEM-00940,WIZ-01306,GLD-02,apprentice,2025-12-26,
MEM-00941,WIZ-01308,GLD-07,adept,2026-03-01,
MEM-00942,WIZ-01309,GLD-05,adept,2023-09-06,
MEM-00943,WIZ-01310,GLD-04,apprentice,2026-05-03,
MEM-00944,WIZ-01313,GLD-08,adept,2023-05-23,
MEM-00945,WIZ-01314,GLD-03,apprentice,2023-09-15,
MEM-00946,WIZ-01315,GLD-10,Apprentice,2024-12-19,
MEM-00947,WIZ-01316,GLD-04,apprentice,2025-05-10,
MEM-00948,WIZ-01318,GLD-10,APPRENTICE,2025-08-12,
MEM-00949,WIZ-01320,GLD-08,apprentice,2023-06-21,
MEM-00950,WIZ-01322,GLD-06,Apprentice,2023-04-18,
MEM-00951,WIZ-01323,GLD-11,APPRENTICE,2026-05-31,
MEM-00952,WIZ-01324,GLD-08,apprentice,2023-06-21,
MEM-00953,WIZ-01325,GLD-04,Apprentice,2024-10-25,
MEM-00954,WIZ-01329,GLD-08,adept,2024-12-10,
MEM-00955,WIZ-01330,GLD-10,apprentice,2026-03-27,
MEM-00956,WIZ-01331,GLD-06,apprentice,2024-02-10,
MEM-00957,WIZ-01332,GLD-08,Adept,2024-02-08,
MEM-00958,WIZ-01334,GLD-03,adept,2026-03-06,2026-05-11
MEM-00959,WIZ-01334,GLD-03,archmage,2026-05-11,
MEM-00960,WIZ-01336,GLD-08,adept,2023-08-29,2024-02-24
MEM-00961,WIZ-01336,GLD-08,archmage,2024-02-24,
MEM-00962,WIZ-01337,GLD-12,Apprentice,2026-04-14,
MEM-00963,WIZ-01340,GLD-08,APPRENTICE,2025-01-07,
MEM-00964,WIZ-01341,GLD-09,apprentice,2024-06-21,
MEM-00965,WIZ-01344,GLD-12,apprentice,2026-06-29,
MEM-00966,WIZ-01347,GLD-05,apprentice,2025-12-16,
MEM-00967,WIZ-01349,GLD-09,Adept,2026-06-17,
MEM-00968,WIZ-01351,GLD-03,apprentice,2025-11-04,
MEM-00969,WIZ-01352,GLD-03,apprentice,2024-09-11,2025-03-15
MEM-00970,WIZ-01352,GLD-03,adept,2025-03-15,
MEM-00971,WIZ-01354,GLD-04,Apprentice,2023-10-19,
MEM-00972,WIZ-01357,GLD-07,Apprentice,2026-04-10,
MEM-00973,WIZ-01359,GLD-05,apprentice,2024-01-15,
MEM-00974,WIZ-01361,GLD-06,adept,2025-05-07,2025-08-15
MEM-00975,WIZ-01361,GLD-06,Archmage,2025-08-15,
MEM-00976,WIZ-01362,GLD-11,apprentice,2023-08-18,
MEM-00977,WIZ-01363,GLD-11,adept,2026-05-04,
MEM-00978,WIZ-01364,GLD-07,Apprentice,2024-07-13,
MEM-00979,WIZ-01366,GLD-09,apprentice,2023-03-26,
MEM-00980,WIZ-01368,GLD-09,apprentice,2025-12-27,
MEM-00981,WIZ-01369,GLD-10,adept,2026-06-17,
MEM-00982,WIZ-01371,GLD-12,apprentice,2026-06-25,
MEM-00983,WIZ-01372,GLD-03,Adept,2026-06-13,
MEM-00984,WIZ-01374,GLD-09,archmage,2024-10-25,
MEM-00985,WIZ-01375,GLD-02,apprentice,2024-04-26,
MEM-00986,WIZ-01377,GLD-07,apprentice,2024-06-09,
MEM-00987,WIZ-01380,GLD-05,apprentice,2024-03-29,
MEM-00988,WIZ-01382,GLD-09,Apprentice,2025-05-02,
MEM-00989,WIZ-01383,GLD-06,apprentice,2024-01-06,2024-03-09
MEM-00990,WIZ-01383,GLD-06,adept,2024-03-09,
MEM-00991,WIZ-01385,GLD-09,Apprentice,2024-12-01,
MEM-00992,WIZ-01386,GLD-03,apprentice,2024-12-16,
MEM-00993,WIZ-01388,GLD-03,apprentice,2024-01-15,
MEM-00994,WIZ-01389,GLD-07,apprentice,2026-03-13,
MEM-00995,WIZ-01392,GLD-02,adept,2025-07-11,
MEM-00996,WIZ-01393,GLD-01,Apprentice,2026-02-21,
MEM-00997,WIZ-01394,GLD-09,adept,2025-03-07,
MEM-00998,WIZ-01395,GLD-06,Archmage,2025-11-17,
MEM-00999,WIZ-01396,GLD-05,Apprentice,2024-06-12,
MEM-01000,WIZ-01397,GLD-11,Apprentice,2024-03-20,
MEM-01001,WIZ-01398,GLD-02,adept,2026-02-21,2026-06-22
MEM-01002,WIZ-01398,GLD-02,archmage,2026-06-22,
MEM-01003,WIZ-01399,GLD-04,Apprentice,2026-05-26,
MEM-01004,WIZ-01400,GLD-05,Apprentice,2026-02-20,
MEM-01005,WIZ-01401,GLD-07,apprentice,2023-02-18,
MEM-01006,WIZ-01402,GLD-07,APPRENTICE,2026-03-12,2026-06-29
MEM-01007,WIZ-01402,GLD-07,adept,2026-06-29,
MEM-01008,WIZ-01404,GLD-01,apprentice,2025-11-08,
MEM-01009,WIZ-01406,GLD-11,adept,2026-03-26,
MEM-01010,WIZ-01407,GLD-07,apprentice,2025-09-10,
MEM-01011,WIZ-01408,GLD-03,APPRENTICE,2024-09-14,2026-01-28
MEM-01012,WIZ-01408,GLD-03,adept,2026-01-28,
MEM-01013,WIZ-01410,GLD-02,Archmage,2026-06-28,
MEM-01014,WIZ-01411,GLD-03,ARCHMAGE,2024-02-16,
MEM-01015,WIZ-01412,GLD-08,apprentice,2024-10-23,
MEM-01016,WIZ-01413,GLD-01,apprentice,2025-10-05,
MEM-01017,WIZ-01414,GLD-11,apprentice,2024-12-25,
MEM-01018,WIZ-01415,GLD-12,adept,2024-12-10,
MEM-01019,WIZ-01416,GLD-01,apprentice,2026-03-24,2026-05-23
MEM-01020,WIZ-01416,GLD-01,adept,2026-05-23,
MEM-01021,WIZ-01417,GLD-02,APPRENTICE,2026-04-05,
MEM-01022,WIZ-01420,GLD-04,apprentice,2025-06-19,
MEM-01023,WIZ-01421,GLD-12,adept,2024-11-27,
MEM-01024,WIZ-01422,GLD-07,APPRENTICE,2024-02-06,
MEM-01025,WIZ-01424,GLD-04,adept,2026-03-21,
MEM-01026,WIZ-01425,GLD-08,archmage,2026-02-15,
MEM-01027,WIZ-01426,GLD-11,apprentice,2024-02-21,
MEM-01028,WIZ-01428,GLD-06,apprentice,2024-08-20,
MEM-01029,WIZ-01431,GLD-02,Apprentice,2026-01-03,
MEM-01030,WIZ-01432,GLD-11,Adept,2024-01-04,
MEM-01031,WIZ-01433,GLD-05,apprentice,2026-01-09,
MEM-01032,WIZ-01434,GLD-10,apprentice,2024-10-22,
MEM-01033,WIZ-01437,GLD-11,Adept,2024-01-24,
MEM-01034,WIZ-01438,GLD-01,Apprentice,2026-01-12,
MEM-01035,WIZ-01439,GLD-07,apprentice,2025-11-04,2026-03-08
MEM-01036,WIZ-01439,GLD-07,adept,2026-03-08,
MEM-01037,WIZ-01442,GLD-10,apprentice,2023-09-05,2024-01-11
MEM-01038,WIZ-01442,GLD-10,adept,2024-01-11,
MEM-01039,WIZ-01444,GLD-03,Apprentice,2025-07-15,
MEM-01040,WIZ-01445,GLD-06,apprentice,2023-12-29,
MEM-01041,WIZ-01447,GLD-02,adept,2024-09-28,
MEM-01042,WIZ-01448,GLD-07,adept,2025-12-01,
MEM-01043,WIZ-01449,GLD-08,apprentice,2025-10-12,
MEM-01044,WIZ-01450,GLD-08,apprentice,2025-03-17,
MEM-01045,WIZ-01452,GLD-03,Adept,2025-02-27,
MEM-01046,WIZ-01455,GLD-08,ARCHMAGE,2026-03-02,
MEM-01047,WIZ-01456,GLD-09,Apprentice,2024-10-04,
MEM-01048,WIZ-01457,GLD-07,apprentice,2025-08-26,
MEM-01049,WIZ-01458,GLD-12,Adept,2026-05-21,
MEM-01050,WIZ-01459,GLD-07,adept,2024-09-24,
MEM-01051,WIZ-01460,GLD-12,adept,2024-07-16,2024-11-11
MEM-01052,WIZ-01460,GLD-12,archmage,2024-11-11,
MEM-01053,WIZ-01461,GLD-07,Apprentice,2025-01-25,2026-01-06
MEM-01054,WIZ-01461,GLD-07,adept,2026-01-06,
MEM-01055,WIZ-01464,GLD-07,Apprentice,2025-01-07,
MEM-01056,WIZ-01465,GLD-12,apprentice,2024-06-28,
MEM-01057,WIZ-01466,GLD-09,apprentice,2023-12-12,2025-07-07
MEM-01058,WIZ-01466,GLD-09,adept,2025-07-07,
MEM-01059,WIZ-01467,GLD-10,adept,2025-05-02,
MEM-01060,WIZ-01469,GLD-12,Apprentice,2026-03-04,
MEM-01061,WIZ-01470,GLD-03,Adept,2024-01-25,2025-12-03
MEM-01062,WIZ-01470,GLD-03,ARCHMAGE,2025-12-03,
MEM-01063,WIZ-01472,GLD-01,apprentice,2025-11-09,
MEM-01064,WIZ-01474,GLD-03,APPRENTICE,2025-12-17,
MEM-01065,WIZ-01476,GLD-02,apprentice,2024-11-25,
MEM-01066,WIZ-01477,GLD-03,apprentice,2025-12-14,
MEM-01067,WIZ-01479,GLD-01,archmage,2025-12-03,
MEM-01068,WIZ-01480,GLD-12,apprentice,2024-02-23,2024-05-31
MEM-01069,WIZ-01480,GLD-12,Adept,2024-05-31,
MEM-01070,WIZ-01483,GLD-04,ADEPT,2025-06-28,
MEM-01071,WIZ-01484,GLD-01,apprentice,2025-07-04,2025-08-11
MEM-01072,WIZ-01484,GLD-01,Adept,2025-08-11,
MEM-01073,WIZ-01485,GLD-11,Apprentice,2025-10-20,
MEM-01074,WIZ-01486,GLD-11,APPRENTICE,2024-08-21,
MEM-01075,WIZ-01489,GLD-06,apprentice,2026-06-02,
MEM-01076,WIZ-01491,GLD-12,Apprentice,2026-02-06,
MEM-01077,WIZ-01493,GLD-11,archmage,2026-01-18,
MEM-01078,WIZ-01494,GLD-07,apprentice,2024-09-06,
MEM-01079,WIZ-01498,GLD-12,Apprentice,2025-12-03,
MEM-01080,WIZ-01499,GLD-11,Adept,2026-01-27,
MEM-01081,WIZ-01503,GLD-07,adept,2023-05-26,
MEM-01082,WIZ-01504,GLD-02,apprentice,2025-12-12,
MEM-01083,WIZ-01505,GLD-11,adept,2024-01-08,
MEM-01084,WIZ-01506,GLD-02,apprentice,2026-02-24,2026-05-03
MEM-01085,WIZ-01506,GLD-02,ADEPT,2026-05-03,
MEM-01086,WIZ-01507,GLD-05,Apprentice,2024-06-26,
MEM-01087,WIZ-01508,GLD-11,APPRENTICE,2026-06-01,
MEM-01088,WIZ-01510,GLD-12,apprentice,2025-12-04,
MEM-01089,WIZ-01511,GLD-01,apprentice,2025-11-22,
MEM-01090,WIZ-01513,GLD-04,APPRENTICE,2024-07-31,
MEM-01091,WIZ-01514,GLD-01,APPRENTICE,2025-07-24,2025-11-02
MEM-01092,WIZ-01514,GLD-01,adept,2025-11-02,
MEM-01093,WIZ-01515,GLD-07,apprentice,2024-02-07,
MEM-01094,WIZ-01516,GLD-09,adept,2026-05-02,
MEM-01095,WIZ-01518,GLD-07,Adept,2023-11-05,
MEM-01096,WIZ-01519,GLD-02,Apprentice,2023-07-04,
MEM-01097,WIZ-01520,GLD-02,apprentice,2024-12-20,
MEM-01098,WIZ-01521,GLD-05,adept,2024-09-23,
MEM-01099,WIZ-01523,GLD-06,apprentice,2024-03-10,
MEM-01100,WIZ-01524,GLD-07,APPRENTICE,2023-03-11,
MEM-01101,WIZ-01525,GLD-12,adept,2026-04-26,
MEM-01102,WIZ-01526,GLD-11,adept,2023-08-10,
MEM-01103,WIZ-01527,GLD-04,apprentice,2026-03-14,2026-04-25
MEM-01104,WIZ-01527,GLD-04,Adept,2026-04-25,
MEM-01105,WIZ-01528,GLD-09,Adept,2024-03-25,2024-05-06
MEM-01106,WIZ-01528,GLD-09,archmage,2024-05-06,
MEM-01107,WIZ-01529,GLD-12,apprentice,2025-02-03,
MEM-01108,WIZ-01530,GLD-08,apprentice,2024-08-16,
MEM-01109,WIZ-01531,GLD-05,adept,2023-06-16,
MEM-01110,WIZ-01532,GLD-04,Adept,2025-12-16,2026-04-10
MEM-01111,WIZ-01532,GLD-04,ARCHMAGE,2026-04-10,
MEM-01112,WIZ-01534,GLD-03,apprentice,2026-05-08,
MEM-01113,WIZ-01535,GLD-08,apprentice,2026-06-19,
MEM-01114,WIZ-01536,GLD-05,adept,2026-01-29,
MEM-01115,WIZ-01537,GLD-07,apprentice,2025-04-03,
MEM-01116,WIZ-01541,GLD-02,Apprentice,2026-05-30,
MEM-01117,WIZ-01542,GLD-07,Archmage,2026-01-12,
MEM-01118,WIZ-01543,GLD-02,adept,2024-03-18,
MEM-01119,WIZ-01546,GLD-11,apprentice,2026-03-19,
MEM-01120,WIZ-01547,GLD-05,Apprentice,2025-11-05,
MEM-01121,WIZ-01548,GLD-02,apprentice,2024-02-17,2024-10-08
MEM-01122,WIZ-01548,GLD-02,adept,2024-10-08,
MEM-01123,WIZ-01549,GLD-03,apprentice,2024-05-05,
MEM-01124,WIZ-01551,GLD-07,apprentice,2025-10-22,
MEM-01125,WIZ-01552,GLD-12,Apprentice,2026-04-30,
MEM-01126,WIZ-01553,GLD-02,apprentice,2023-05-04,
MEM-01127,WIZ-01554,GLD-05,Archmage,2025-12-21,
MEM-01128,WIZ-01555,GLD-05,adept,2023-04-23,
MEM-01129,WIZ-01557,GLD-07,Apprentice,2026-06-18,
MEM-01130,WIZ-01558,GLD-03,apprentice,2025-10-15,
MEM-01131,WIZ-01559,GLD-08,apprentice,2024-10-17,
MEM-01132,WIZ-01560,GLD-06,APPRENTICE,2025-03-08,
MEM-01133,WIZ-01561,GLD-05,adept,2025-04-20,
MEM-01134,WIZ-01562,GLD-02,apprentice,2026-05-24,
MEM-01135,WIZ-01564,GLD-04,apprentice,2026-06-16,
MEM-01136,WIZ-01566,GLD-07,Apprentice,2025-08-30,
MEM-01137,WIZ-01567,GLD-03,apprentice,2025-05-27,
MEM-01138,WIZ-01568,GLD-10,apprentice,2025-05-22,2025-08-21
MEM-01139,WIZ-01568,GLD-10,adept,2025-08-21,
MEM-01140,WIZ-01569,GLD-06,archmage,2026-04-17,
MEM-01141,WIZ-01570,GLD-01,APPRENTICE,2026-06-21,
MEM-01142,WIZ-01571,GLD-07,apprentice,2025-08-07,
MEM-01143,WIZ-01573,GLD-03,ARCHMAGE,2025-03-18,
MEM-01144,WIZ-01574,GLD-01,Adept,2026-03-18,
MEM-01145,WIZ-01575,GLD-01,APPRENTICE,2026-06-04,
MEM-01146,WIZ-01576,GLD-11,adept,2026-01-24,
MEM-01147,WIZ-01581,GLD-09,apprentice,2024-07-19,
MEM-01148,WIZ-01582,GLD-06,apprentice,2025-05-14,2026-01-17
MEM-01149,WIZ-01582,GLD-06,adept,2026-01-17,
MEM-01150,WIZ-01583,GLD-08,adept,2025-06-12,
MEM-01151,WIZ-01585,GLD-01,adept,2025-07-06,
MEM-01152,WIZ-01589,GLD-06,adept,2026-05-21,
MEM-01153,WIZ-01590,GLD-04,apprentice,2023-10-26,
MEM-01154,WIZ-01591,GLD-06,adept,2025-08-21,
MEM-01155,WIZ-01593,GLD-01,apprentice,2025-01-19,
MEM-01156,WIZ-01594,GLD-07,APPRENTICE,2023-08-14,
MEM-01157,WIZ-01595,GLD-10,apprentice,2024-01-27,
MEM-01158,WIZ-01596,GLD-11,Apprentice,2025-12-07,
MEM-01159,WIZ-01598,GLD-08,apprentice,2024-01-10,
MEM-01160,WIZ-01599,GLD-07,archmage,2024-12-11,
MEM-01161,WIZ-01600,GLD-01,Adept,2024-03-01,
MEM-01162,WIZ-01602,GLD-06,apprentice,2024-11-28,
MEM-01163,WIZ-01605,GLD-03,adept,2026-03-08,
MEM-01164,WIZ-01606,GLD-11,apprentice,2024-05-30,2025-03-27
MEM-01165,WIZ-01606,GLD-11,adept,2025-03-27,
MEM-01166,WIZ-01608,GLD-02,apprentice,2024-07-13,
MEM-01167,WIZ-01610,GLD-12,archmage,2026-01-21,
MEM-01168,WIZ-01611,GLD-02,Archmage,2024-05-20,
MEM-01169,WIZ-01612,GLD-03,Adept,2025-07-27,
MEM-01170,WIZ-01613,GLD-10,apprentice,2024-11-20,
MEM-01171,WIZ-01614,GLD-03,adept,2023-10-13,2025-05-29
MEM-01172,WIZ-01614,GLD-03,archmage,2025-05-29,
MEM-01173,WIZ-01616,GLD-12,Apprentice,2025-12-30,
MEM-01174,WIZ-01618,GLD-03,apprentice,2023-11-25,
MEM-01175,WIZ-01619,GLD-06,apprentice,2024-02-14,
MEM-01176,WIZ-01620,GLD-03,adept,2025-02-06,
MEM-01177,WIZ-01621,GLD-04,Apprentice,2025-11-24,
MEM-01178,WIZ-01622,GLD-04,apprentice,2023-05-09,2024-12-12
MEM-01179,WIZ-01622,GLD-04,ADEPT,2024-12-12,
MEM-01180,WIZ-01624,GLD-04,APPRENTICE,2025-10-10,
MEM-01181,WIZ-01625,GLD-04,Apprentice,2026-05-28,
MEM-01182,WIZ-01626,GLD-08,Adept,2025-08-20,
MEM-01183,WIZ-01627,GLD-09,APPRENTICE,2026-01-25,
MEM-01184,WIZ-01629,GLD-06,Apprentice,2026-05-06,
MEM-01185,WIZ-01630,GLD-04,Adept,2023-11-19,2025-10-03
MEM-01186,WIZ-01630,GLD-04,archmage,2025-10-03,
MEM-01187,WIZ-01631,GLD-12,Adept,2026-02-14,
MEM-01188,WIZ-01633,GLD-05,apprentice,2024-06-02,2026-04-01
MEM-01189,WIZ-01633,GLD-05,adept,2026-04-01,
MEM-01190,WIZ-01634,GLD-05,apprentice,2025-06-28,
MEM-01191,WIZ-01636,GLD-08,Apprentice,2024-07-11,
MEM-01192,WIZ-01640,GLD-07,Apprentice,2024-04-16,
MEM-01193,WIZ-01649,GLD-08,apprentice,2026-02-22,
MEM-01194,WIZ-01650,GLD-11,adept,2025-01-19,
MEM-01195,WIZ-01651,GLD-02,archmage,2024-06-19,
MEM-01196,WIZ-01653,GLD-01,Apprentice,2025-10-16,
MEM-01197,WIZ-01654,GLD-02,APPRENTICE,2024-03-13,
MEM-01198,WIZ-01655,GLD-09,Adept,2025-09-22,
MEM-01199,WIZ-01657,GLD-01,Apprentice,2024-01-01,
MEM-01200,WIZ-01658,GLD-02,Apprentice,2024-04-22,
MEM-01201,WIZ-01659,GLD-08,Apprentice,2026-03-15,
MEM-01202,WIZ-01660,GLD-07,adept,2026-04-27,
MEM-01203,WIZ-01661,GLD-07,apprentice,2026-01-17,
MEM-01204,WIZ-01662,GLD-06,apprentice,2024-07-28,
MEM-01205,WIZ-01663,GLD-06,APPRENTICE,2026-04-01,
MEM-01206,WIZ-01664,GLD-07,Apprentice,2026-01-11,
MEM-01207,WIZ-01665,GLD-08,adept,2024-11-14,
MEM-01208,WIZ-01666,GLD-09,ADEPT,2025-03-07,
MEM-01209,WIZ-01667,GLD-08,adept,2024-08-08,
MEM-01210,WIZ-01669,GLD-09,apprentice,2026-04-27,
MEM-01211,WIZ-01670,GLD-01,APPRENTICE,2025-04-08,2025-10-19
MEM-01212,WIZ-01670,GLD-01,adept,2025-10-19,
MEM-01213,WIZ-01672,GLD-03,apprentice,2023-04-14,
MEM-01214,WIZ-01673,GLD-12,adept,2024-05-01,
MEM-01215,WIZ-01674,GLD-07,apprentice,2024-02-04,
MEM-01216,WIZ-01675,GLD-03,archmage,2025-10-25,
MEM-01217,WIZ-01676,GLD-02,Apprentice,2026-06-05,
MEM-01218,WIZ-01677,GLD-06,APPRENTICE,2023-08-25,
MEM-01219,WIZ-01679,GLD-02,apprentice,2024-07-28,
MEM-01220,WIZ-01680,GLD-02,adept,2024-02-02,2025-09-10
MEM-01221,WIZ-01680,GLD-02,ARCHMAGE,2025-09-10,
MEM-01222,WIZ-01681,GLD-03,archmage,2025-08-09,
MEM-01223,WIZ-01682,GLD-06,Apprentice,2026-02-07,
MEM-01224,WIZ-01683,GLD-09,archmage,2023-12-17,
MEM-01225,WIZ-01684,GLD-01,apprentice,2025-11-15,
MEM-01226,WIZ-01685,GLD-06,apprentice,2025-07-21,
MEM-01227,WIZ-01686,GLD-09,APPRENTICE,2023-05-01,
MEM-01228,WIZ-01687,GLD-10,APPRENTICE,2025-12-18,
MEM-01229,WIZ-01689,GLD-01,ARCHMAGE,2025-10-06,
MEM-01230,WIZ-01691,GLD-01,Apprentice,2026-01-25,
MEM-01231,WIZ-01692,GLD-11,apprentice,2024-12-12,
MEM-01232,WIZ-01693,GLD-12,adept,2024-11-26,
MEM-01233,WIZ-01694,GLD-02,adept,2024-08-11,
MEM-01234,WIZ-01695,GLD-07,adept,2025-06-22,
MEM-01235,WIZ-01698,GLD-06,Apprentice,2024-01-27,
MEM-01236,WIZ-01702,GLD-10,apprentice,2024-01-22,
MEM-01237,WIZ-01703,GLD-02,apprentice,2024-07-03,
MEM-01238,WIZ-01704,GLD-03,adept,2024-05-06,
MEM-01239,WIZ-01705,GLD-09,adept,2026-02-15,
MEM-01240,WIZ-01706,GLD-08,Adept,2026-02-26,
MEM-01241,WIZ-01708,GLD-06,Apprentice,2026-06-20,
MEM-01242,WIZ-01709,GLD-12,apprentice,2026-03-12,2026-06-30
MEM-01243,WIZ-01709,GLD-12,adept,2026-06-30,
MEM-01244,WIZ-01710,GLD-07,adept,2024-07-16,
MEM-01245,WIZ-01711,GLD-03,adept,2025-07-09,
MEM-01246,WIZ-01712,GLD-05,apprentice,2025-08-06,
MEM-01247,WIZ-01713,GLD-05,apprentice,2025-11-30,
MEM-01248,WIZ-01715,GLD-03,apprentice,2023-03-09,
MEM-01249,WIZ-01716,GLD-04,apprentice,2023-04-02,
MEM-01250,WIZ-01717,GLD-09,apprentice,2024-04-02,2024-06-15
MEM-01251,WIZ-01717,GLD-09,adept,2024-06-15,
MEM-01252,WIZ-01718,GLD-02,apprentice,2023-06-25,
MEM-01253,WIZ-01720,GLD-12,ADEPT,2026-03-09,
MEM-01254,WIZ-01721,GLD-07,apprentice,2024-02-17,
MEM-01255,WIZ-01722,GLD-09,apprentice,2025-02-27,
MEM-01256,WIZ-01724,GLD-06,apprentice,2024-09-09,
MEM-01257,WIZ-01725,GLD-11,adept,2025-07-21,
MEM-01258,WIZ-01726,GLD-06,apprentice,2024-10-17,
MEM-01259,WIZ-01728,GLD-06,archmage,2025-11-19,
MEM-01260,WIZ-01730,GLD-01,apprentice,2023-09-02,
MEM-01261,WIZ-01732,GLD-04,apprentice,2024-05-14,
MEM-01262,WIZ-01733,GLD-08,apprentice,2025-09-20,
MEM-01263,WIZ-01734,GLD-12,ADEPT,2023-10-07,
MEM-01264,WIZ-01735,GLD-04,adept,2023-12-31,
MEM-01265,WIZ-01740,GLD-12,apprentice,2025-05-27,2026-01-29
MEM-01266,WIZ-01740,GLD-12,adept,2026-01-29,
MEM-01267,WIZ-01741,GLD-05,adept,2026-01-14,
MEM-01268,WIZ-01742,GLD-10,apprentice,2026-02-14,
MEM-01269,WIZ-01746,GLD-10,adept,2024-05-17,
MEM-01270,WIZ-01747,GLD-04,apprentice,2025-03-02,
MEM-01271,WIZ-01748,GLD-10,Adept,2025-08-04,
MEM-01272,WIZ-01749,GLD-10,apprentice,2025-03-21,
MEM-01273,WIZ-01750,GLD-10,Adept,2026-02-21,
MEM-01274,WIZ-01751,GLD-01,archmage,2025-12-03,
MEM-01275,WIZ-01752,GLD-06,apprentice,2024-09-19,
MEM-01276,WIZ-01755,GLD-01,adept,2024-02-19,
MEM-01277,WIZ-01756,GLD-06,adept,2026-03-23,
MEM-01278,WIZ-01757,GLD-11,adept,2023-08-04,
MEM-01279,WIZ-01758,GLD-03,apprentice,2024-05-16,
MEM-01280,WIZ-01759,GLD-08,apprentice,2024-08-12,2026-01-12
MEM-01281,WIZ-01759,GLD-08,adept,2026-01-12,
MEM-01282,WIZ-01761,GLD-05,apprentice,2025-04-23,
MEM-01283,WIZ-01764,GLD-02,apprentice,2023-07-26,
MEM-01284,WIZ-01766,GLD-05,adept,2024-01-21,
MEM-01285,WIZ-01768,GLD-11,adept,2025-07-28,
MEM-01286,WIZ-01770,GLD-05,APPRENTICE,2026-02-10,
MEM-01287,WIZ-01771,GLD-01,apprentice,2024-08-13,
MEM-01288,WIZ-01774,GLD-11,apprentice,2026-06-15,
MEM-01289,WIZ-01775,GLD-05,Apprentice,2026-05-29,
MEM-01290,WIZ-01777,GLD-03,adept,2024-01-06,
MEM-01291,WIZ-01778,GLD-01,adept,2024-06-03,
MEM-01292,WIZ-01780,GLD-01,apprentice,2025-08-23,2026-04-26
MEM-01293,WIZ-01780,GLD-01,Adept,2026-04-26,
MEM-01294,WIZ-01781,GLD-07,apprentice,2024-12-16,
MEM-01295,WIZ-01783,GLD-04,apprentice,2025-05-27,
MEM-01296,WIZ-01784,GLD-07,apprentice,2024-03-31,
MEM-01297,WIZ-01785,GLD-03,adept,2025-03-08,
MEM-01298,WIZ-01786,GLD-07,apprentice,2025-03-26,
MEM-01299,WIZ-01788,GLD-05,apprentice,2026-04-15,
MEM-01300,WIZ-01790,GLD-06,apprentice,2024-07-10,
MEM-01301,WIZ-01791,GLD-11,Adept,2024-06-06,
MEM-01302,WIZ-01792,GLD-11,apprentice,2023-08-28,
MEM-01303,WIZ-01793,GLD-04,APPRENTICE,2026-04-08,
MEM-01304,WIZ-01794,GLD-06,adept,2025-10-17,
MEM-01305,WIZ-01797,GLD-10,adept,2024-05-08,
MEM-01306,WIZ-01798,GLD-03,Adept,2024-07-29,
MEM-01307,WIZ-01799,GLD-07,Adept,2026-04-23,
MEM-01308,WIZ-01802,GLD-01,Adept,2025-09-11,
MEM-01309,WIZ-01803,GLD-10,apprentice,2024-11-29,
MEM-01310,WIZ-01804,GLD-04,Apprentice,2025-08-18,
MEM-01311,WIZ-01805,GLD-11,apprentice,2025-07-07,
MEM-01312,WIZ-01806,GLD-06,Apprentice,2024-10-11,
MEM-01313,WIZ-01807,GLD-06,apprentice,2026-05-27,
MEM-01314,WIZ-01808,GLD-04,adept,2026-01-20,
MEM-01315,WIZ-01809,GLD-03,apprentice,2024-02-07,
MEM-01316,WIZ-01811,GLD-12,apprentice,2025-10-11,2025-11-13
MEM-01317,WIZ-01811,GLD-12,adept,2025-11-13,
MEM-01318,WIZ-01817,GLD-12,apprentice,2024-04-15,
MEM-01319,WIZ-01818,GLD-03,apprentice,2026-01-09,
MEM-01320,WIZ-01819,GLD-10,apprentice,2023-09-07,
MEM-01321,WIZ-01820,GLD-02,adept,2025-11-18,
MEM-01322,WIZ-01822,GLD-09,adept,2025-07-11,
MEM-01323,WIZ-01825,GLD-03,Adept,2026-03-24,
MEM-01324,WIZ-01826,GLD-06,apprentice,2024-12-04,
MEM-01325,WIZ-01828,GLD-11,apprentice,2025-01-13,
MEM-01326,WIZ-01829,GLD-12,adept,2026-01-10,
MEM-01327,WIZ-01830,GLD-01,apprentice,2024-03-05,
MEM-01328,WIZ-01834,GLD-02,Adept,2024-05-24,
MEM-01329,WIZ-01836,GLD-10,apprentice,2024-06-20,
MEM-01330,WIZ-01837,GLD-04,apprentice,2025-02-05,2025-05-05
MEM-01331,WIZ-01837,GLD-04,ADEPT,2025-05-05,
MEM-01332,WIZ-01838,GLD-12,apprentice,2025-10-20,2026-02-05
MEM-01333,WIZ-01838,GLD-12,adept,2026-02-05,
MEM-01334,WIZ-01839,GLD-06,apprentice,2025-02-03,
MEM-01335,WIZ-01840,GLD-06,adept,2025-11-02,
MEM-01336,WIZ-01841,GLD-11,Apprentice,2025-05-28,
MEM-01337,WIZ-01842,GLD-05,apprentice,2024-03-29,
MEM-01338,WIZ-01843,GLD-02,apprentice,2026-06-23,
MEM-01339,WIZ-01844,GLD-01,APPRENTICE,2025-11-14,
MEM-01340,WIZ-01846,GLD-09,Apprentice,2024-03-27,
MEM-01341,WIZ-01847,GLD-08,apprentice,2025-02-28,2025-07-25
MEM-01342,WIZ-01847,GLD-08,Adept,2025-07-25,
MEM-01343,WIZ-01848,GLD-06,Apprentice,2026-06-25,
MEM-01344,WIZ-01849,GLD-06,apprentice,2025-09-15,
MEM-01345,WIZ-01850,GLD-11,Apprentice,2025-05-26,
MEM-01346,WIZ-01851,GLD-11,APPRENTICE,2024-02-27,
MEM-01347,WIZ-01853,GLD-03,adept,2026-06-15,
MEM-01348,WIZ-01855,GLD-03,ADEPT,2025-08-07,
MEM-01349,WIZ-01857,GLD-04,Apprentice,2024-10-08,
MEM-01350,WIZ-01858,GLD-06,adept,2025-03-09,
MEM-01351,WIZ-01859,GLD-01,apprentice,2023-10-18,
MEM-01352,WIZ-01860,GLD-03,ARCHMAGE,2026-05-24,
MEM-01353,WIZ-01861,GLD-03,archmage,2026-03-08,
MEM-01354,WIZ-01862,GLD-02,Adept,2024-01-06,2024-11-08
MEM-01355,WIZ-01862,GLD-02,archmage,2024-11-08,
MEM-01356,WIZ-01863,GLD-06,apprentice,2026-02-12,
MEM-01357,WIZ-01864,GLD-08,ADEPT,2024-05-07,
MEM-01358,WIZ-01865,GLD-01,Archmage,2026-05-12,
MEM-01359,WIZ-01866,GLD-12,apprentice,2026-02-09,
MEM-01360,WIZ-01867,GLD-05,Adept,2026-06-03,
MEM-01361,WIZ-01868,GLD-05,Apprentice,2026-06-14,
MEM-01362,WIZ-01869,GLD-10,Archmage,2024-07-05,
MEM-01363,WIZ-01871,GLD-08,Apprentice,2024-02-28,2025-08-03
MEM-01364,WIZ-01871,GLD-08,ADEPT,2025-08-03,
MEM-01365,WIZ-01872,GLD-05,adept,2026-03-10,
MEM-01366,WIZ-01873,GLD-12,adept,2026-01-31,
MEM-01367,WIZ-01874,GLD-11,apprentice,2025-01-30,
MEM-01368,WIZ-01875,GLD-12,apprentice,2025-06-01,2025-11-24
MEM-01369,WIZ-01875,GLD-12,Adept,2025-11-24,
MEM-01370,WIZ-01876,GLD-09,archmage,2024-07-24,
MEM-01371,WIZ-01878,GLD-03,archmage,2023-06-18,
MEM-01372,WIZ-01879,GLD-04,adept,2025-10-06,
MEM-01373,WIZ-01880,GLD-01,apprentice,2024-05-27,
MEM-01374,WIZ-01881,GLD-08,apprentice,2024-05-23,
MEM-01375,WIZ-01882,GLD-12,apprentice,2026-05-20,
MEM-01376,WIZ-01883,GLD-08,apprentice,2026-06-30,
MEM-01377,WIZ-01884,GLD-05,archmage,2023-12-14,
MEM-01378,WIZ-01885,GLD-01,archmage,2024-05-01,
MEM-01379,WIZ-01886,GLD-09,APPRENTICE,2025-04-15,
MEM-01380,WIZ-01889,GLD-03,archmage,2026-05-17,
MEM-01381,WIZ-01890,GLD-02,apprentice,2026-06-08,
MEM-01382,WIZ-01892,GLD-09,apprentice,2025-09-18,
MEM-01383,WIZ-01893,GLD-09,apprentice,2026-03-10,
MEM-01384,WIZ-01894,GLD-09,archmage,2025-06-20,
MEM-01385,WIZ-01895,GLD-02,Archmage,2024-11-04,
MEM-01386,WIZ-01896,GLD-06,apprentice,2023-11-23,
MEM-01387,WIZ-01897,GLD-08,adept,2026-04-10,
MEM-01388,WIZ-01898,GLD-07,adept,2025-06-13,
MEM-01389,WIZ-01899,GLD-11,Apprentice,2023-02-26,
MEM-01390,WIZ-01900,GLD-11,Adept,2026-03-02,
MEM-01391,WIZ-01901,GLD-07,Apprentice,2024-07-29,2026-01-25
MEM-01392,WIZ-01901,GLD-07,ADEPT,2026-01-25,
MEM-01393,WIZ-01902,GLD-01,archmage,2026-01-31,
MEM-01394,WIZ-01905,GLD-04,adept,2026-06-14,
MEM-01395,WIZ-01906,GLD-02,apprentice,2026-06-16,
MEM-01396,WIZ-01912,GLD-10,adept,2024-01-22,
MEM-01397,WIZ-01914,GLD-03,apprentice,2025-09-05,
MEM-01398,WIZ-01915,GLD-07,Adept,2026-06-05,
MEM-01399,WIZ-01916,GLD-12,adept,2024-05-23,
MEM-01400,WIZ-01920,GLD-07,adept,2024-11-20,
MEM-01401,WIZ-01921,GLD-12,apprentice,2025-06-19,
MEM-01402,WIZ-01922,GLD-04,Adept,2024-12-16,
MEM-01403,WIZ-01923,GLD-11,Apprentice,2026-02-05,2026-06-12
MEM-01404,WIZ-01923,GLD-11,adept,2026-06-12,
MEM-01405,WIZ-01925,GLD-07,Adept,2023-10-05,
MEM-01406,WIZ-01926,GLD-01,Apprentice,2023-08-03,
MEM-01407,WIZ-01927,GLD-02,adept,2026-06-10,
MEM-01408,WIZ-01928,GLD-07,Adept,2025-02-01,
MEM-01409,WIZ-01929,GLD-01,adept,2026-02-10,
MEM-01410,WIZ-01930,GLD-03,apprentice,2025-09-02,
MEM-01411,WIZ-01931,GLD-03,apprentice,2025-05-12,
MEM-01412,WIZ-01932,GLD-01,apprentice,2026-06-19,
MEM-01413,WIZ-01933,GLD-09,apprentice,2025-03-09,
MEM-01414,WIZ-01934,GLD-07,adept,2025-10-05,
MEM-01415,WIZ-01935,GLD-04,APPRENTICE,2025-05-26,
MEM-01416,WIZ-01936,GLD-05,apprentice,2024-11-20,2026-02-10
MEM-01417,WIZ-01936,GLD-05,adept,2026-02-10,
MEM-01418,WIZ-01938,GLD-06,apprentice,2025-01-16,
MEM-01419,WIZ-01939,GLD-09,APPRENTICE,2023-06-17,
MEM-01420,WIZ-01940,GLD-09,archmage,2026-05-24,
MEM-01421,WIZ-01942,GLD-11,Apprentice,2024-05-26,
MEM-01422,WIZ-01943,GLD-09,ADEPT,2025-01-07,
MEM-01423,WIZ-01944,GLD-08,archmage,2024-10-01,
MEM-01424,WIZ-01945,GLD-08,apprentice,2026-04-26,
MEM-01425,WIZ-01946,GLD-04,apprentice,2024-10-24,
MEM-01426,WIZ-01947,GLD-09,adept,2026-03-22,
MEM-01427,WIZ-01951,GLD-02,apprentice,2023-02-08,
MEM-01428,WIZ-01952,GLD-11,apprentice,2026-06-05,
MEM-01429,WIZ-01957,GLD-04,apprentice,2023-08-10,
MEM-01430,WIZ-01962,GLD-04,Archmage,2026-04-30,
MEM-01431,WIZ-01963,GLD-04,apprentice,2023-03-27,2024-07-02
MEM-01432,WIZ-01963,GLD-04,adept,2024-07-02,
MEM-01433,WIZ-01966,GLD-09,Apprentice,2026-03-09,
MEM-01434,WIZ-01967,GLD-02,apprentice,2024-12-26,
MEM-01435,WIZ-01969,GLD-03,apprentice,2026-04-29,
MEM-01436,WIZ-01970,GLD-04,apprentice,2026-06-16,
MEM-01437,WIZ-01971,GLD-08,Apprentice,2023-11-21,2025-08-31
MEM-01438,WIZ-01971,GLD-08,adept,2025-08-31,
MEM-01439,WIZ-01972,GLD-12,apprentice,2023-06-07,
MEM-01440,WIZ-01975,GLD-12,Adept,2024-04-23,
MEM-01441,WIZ-01976,GLD-09,adept,2026-06-04,
MEM-01442,WIZ-01977,GLD-07,APPRENTICE,2026-03-28,
MEM-01443,WIZ-01978,GLD-07,apprentice,2026-03-29,2026-04-28
MEM-01444,WIZ-01978,GLD-07,Adept,2026-04-28,
MEM-01445,WIZ-01979,GLD-02,APPRENTICE,2025-01-22,
MEM-01446,WIZ-01981,GLD-12,adept,2026-06-09,
MEM-01447,WIZ-01982,GLD-03,APPRENTICE,2024-05-09,
MEM-01448,WIZ-01983,GLD-12,apprentice,2024-09-13,
MEM-01449,WIZ-01984,GLD-07,Apprentice,2023-06-24,
MEM-01450,WIZ-01985,GLD-02,apprentice,2024-11-14,
MEM-01451,WIZ-01987,GLD-07,APPRENTICE,2023-06-30,
MEM-01452,WIZ-01988,GLD-05,adept,2026-01-18,2026-05-28
MEM-01453,WIZ-01988,GLD-05,Archmage,2026-05-28,
MEM-01454,WIZ-01989,GLD-03,apprentice,2026-04-24,
MEM-01455,WIZ-01990,GLD-01,Archmage,2026-06-16,
MEM-01456,WIZ-01991,GLD-08,apprentice,2024-01-30,
MEM-01457,WIZ-01992,GLD-10,archmage,2025-10-03,
MEM-01458,WIZ-01995,GLD-09,adept,2023-11-29,
MEM-01459,WIZ-01996,GLD-11,archmage,2025-10-22,
MEM-01460,WIZ-01997,GLD-11,Archmage,2025-01-29,
MEM-01461,WIZ-01998,GLD-10,adept,2026-06-22,
MEM-01462,WIZ-01999,GLD-02,Apprentice,2025-11-18,
MEM-01463,WIZ-02000,GLD-02,apprentice,2024-08-05,
MEM-01464,WIZ-02002,GLD-06,adept,2025-01-09,
MEM-01465,WIZ-02003,GLD-02,apprentice,2024-02-22,
MEM-01466,WIZ-02004,GLD-01,Apprentice,2024-09-22,
MEM-01467,WIZ-02005,GLD-12,apprentice,2025-05-07,
MEM-01468,WIZ-02006,GLD-01,apprentice,2026-02-25,2026-05-26
MEM-01469,WIZ-02006,GLD-01,adept,2026-05-26,
MEM-01470,WIZ-02007,GLD-07,adept,2026-06-07,
MEM-01471,WIZ-02009,GLD-02,adept,2026-02-04,
MEM-01472,WIZ-02011,GLD-03,Apprentice,2024-11-30,
MEM-01473,WIZ-02012,GLD-01,apprentice,2026-01-03,
MEM-01474,WIZ-02013,GLD-09,apprentice,2025-10-22,
MEM-01475,WIZ-02014,GLD-12,apprentice,2025-10-15,
MEM-01476,WIZ-02015,GLD-12,apprentice,2025-05-27,
MEM-01477,WIZ-02016,GLD-12,apprentice,2024-05-04,
MEM-01478,WIZ-02017,GLD-05,adept,2024-09-19,
MEM-01479,WIZ-02018,GLD-11,adept,2023-07-30,
MEM-01480,WIZ-02019,GLD-09,APPRENTICE,2023-07-28,
MEM-01481,WIZ-02020,GLD-02,apprentice,2026-05-26,
MEM-01482,WIZ-02024,GLD-03,apprentice,2024-01-02,
MEM-01483,WIZ-02026,GLD-09,Apprentice,2026-04-25,
MEM-01484,WIZ-02029,GLD-01,Apprentice,2024-07-07,
MEM-01485,WIZ-02030,GLD-12,ARCHMAGE,2025-07-28,
MEM-01486,WIZ-02031,GLD-08,apprentice,2025-11-21,
MEM-01487,WIZ-02033,GLD-02,apprentice,2023-03-20,2024-05-14
MEM-01488,WIZ-02033,GLD-02,adept,2024-05-14,
MEM-01489,WIZ-02035,GLD-09,adept,2025-03-25,
MEM-01490,WIZ-02036,GLD-10,apprentice,2026-02-22,
MEM-01491,WIZ-02038,GLD-09,adept,2025-08-04,2026-04-13
MEM-01492,WIZ-02038,GLD-09,archmage,2026-04-13,
MEM-01493,WIZ-02039,GLD-11,Adept,2024-08-12,
MEM-01494,WIZ-02040,GLD-10,adept,2024-12-19,
MEM-01495,WIZ-02041,GLD-04,apprentice,2026-02-20,
MEM-01496,WIZ-02043,GLD-08,apprentice,2026-05-23,
MEM-01497,WIZ-02044,GLD-07,Adept,2025-10-09,
MEM-01498,WIZ-02045,GLD-07,Adept,2025-12-07,2026-02-15
MEM-01499,WIZ-02045,GLD-07,archmage,2026-02-15,
MEM-01500,WIZ-02046,GLD-01,apprentice,2025-07-06,
MEM-01501,WIZ-02047,GLD-10,apprentice,2025-09-24,
MEM-01502,WIZ-02048,GLD-05,apprentice,2025-07-05,
MEM-01503,WIZ-02049,GLD-11,adept,2024-01-10,
MEM-01504,WIZ-02050,GLD-05,Apprentice,2023-11-12,
MEM-01505,WIZ-02052,GLD-09,apprentice,2025-10-24,
MEM-01506,WIZ-02054,GLD-05,APPRENTICE,2025-04-13,
MEM-01507,WIZ-02055,GLD-01,archmage,2025-08-28,
MEM-01508,WIZ-02056,GLD-07,apprentice,2024-06-09,
MEM-01509,WIZ-02057,GLD-10,Apprentice,2025-10-16,
MEM-01510,WIZ-02060,GLD-11,apprentice,2026-06-20,
MEM-01511,WIZ-02061,GLD-04,apprentice,2025-04-03,
MEM-01512,WIZ-02062,GLD-11,APPRENTICE,2026-06-24,
MEM-01513,WIZ-02063,GLD-07,archmage,2025-04-24,
MEM-01514,WIZ-02064,GLD-08,Adept,2024-11-02,
MEM-01515,WIZ-02067,GLD-04,Apprentice,2024-08-10,
MEM-01516,WIZ-02069,GLD-10,Apprentice,2026-05-17,
MEM-01517,WIZ-02070,GLD-03,apprentice,2026-04-29,
MEM-01518,WIZ-02071,GLD-03,apprentice,2025-01-01,
MEM-01519,WIZ-02072,GLD-02,apprentice,2024-08-16,2025-06-01
MEM-01520,WIZ-02072,GLD-02,Adept,2025-06-01,
MEM-01521,WIZ-02073,GLD-12,apprentice,2023-09-28,
MEM-01522,WIZ-02074,GLD-01,Adept,2025-02-16,
MEM-01523,WIZ-02075,GLD-08,apprentice,2026-02-20,
MEM-01524,WIZ-02076,GLD-04,adept,2026-03-21,
MEM-01525,WIZ-02077,GLD-10,Apprentice,2025-06-12,
MEM-01526,WIZ-02078,GLD-04,apprentice,2024-01-26,
MEM-01527,WIZ-02079,GLD-12,APPRENTICE,2026-05-26,
MEM-01528,WIZ-02081,GLD-05,apprentice,2025-06-21,
MEM-01529,WIZ-02082,GLD-10,apprentice,2025-05-17,2025-07-30
MEM-01530,WIZ-02082,GLD-10,adept,2025-07-30,
MEM-01531,WIZ-02083,GLD-02,ADEPT,2023-12-25,2024-05-31
MEM-01532,WIZ-02083,GLD-02,archmage,2024-05-31,
MEM-01533,WIZ-02084,GLD-12,apprentice,2026-06-04,
MEM-01534,WIZ-02085,GLD-06,adept,2025-05-31,
MEM-01535,WIZ-02087,GLD-07,Archmage,2024-08-07,
MEM-01536,WIZ-02088,GLD-08,adept,2025-10-23,
MEM-01537,WIZ-02089,GLD-10,archmage,2024-02-03,
MEM-01538,WIZ-02090,GLD-02,apprentice,2024-03-16,
MEM-01539,WIZ-02091,GLD-02,apprentice,2024-10-02,
MEM-01540,WIZ-02092,GLD-07,ADEPT,2024-02-18,
MEM-01541,WIZ-02093,GLD-07,Apprentice,2024-08-02,
MEM-01542,WIZ-02096,GLD-03,apprentice,2026-04-01,
MEM-01543,WIZ-02098,GLD-09,Apprentice,2026-04-29,
MEM-01544,WIZ-02099,GLD-01,Apprentice,2024-08-28,
MEM-01545,WIZ-02102,GLD-01,apprentice,2023-12-27,2024-05-11
MEM-01546,WIZ-02102,GLD-01,Adept,2024-05-11,
MEM-01547,WIZ-02104,GLD-04,Apprentice,2024-01-09,2024-11-10
MEM-01548,WIZ-02104,GLD-04,Adept,2024-11-10,
MEM-01549,WIZ-02105,GLD-12,adept,2025-07-08,
MEM-01550,WIZ-02106,GLD-12,archmage,2025-08-13,
MEM-01551,WIZ-02107,GLD-12,apprentice,2026-04-20,
MEM-01552,WIZ-02108,GLD-06,adept,2024-12-20,
MEM-01553,WIZ-02109,GLD-06,apprentice,2026-01-25,
MEM-01554,WIZ-02110,GLD-10,archmage,2023-11-12,
MEM-01555,WIZ-02114,GLD-09,adept,2025-04-18,
MEM-01556,WIZ-02115,GLD-07,archmage,2025-06-03,
MEM-01557,WIZ-02116,GLD-03,adept,2025-07-24,
MEM-01558,WIZ-02117,GLD-02,Apprentice,2024-11-17,
MEM-01559,WIZ-02119,GLD-02,apprentice,2025-10-14,
MEM-01560,WIZ-02120,GLD-11,adept,2025-12-03,
MEM-01561,WIZ-02126,GLD-04,apprentice,2025-03-11,
MEM-01562,WIZ-02127,GLD-06,Adept,2023-05-27,
MEM-01563,WIZ-02129,GLD-09,adept,2026-01-20,
MEM-01564,WIZ-02132,GLD-05,apprentice,2023-05-01,
MEM-01565,WIZ-02133,GLD-06,Apprentice,2024-11-16,
MEM-01566,WIZ-02134,GLD-08,apprentice,2026-06-02,
MEM-01567,WIZ-02135,GLD-06,apprentice,2025-04-16,
MEM-01568,WIZ-02136,GLD-01,apprentice,2026-02-24,
MEM-01569,WIZ-02138,GLD-10,adept,2026-03-28,
MEM-01570,WIZ-02141,GLD-04,archmage,2024-10-04,
MEM-01571,WIZ-02142,GLD-08,apprentice,2026-02-19,
MEM-01572,WIZ-02143,GLD-04,apprentice,2025-02-22,
MEM-01573,WIZ-02147,GLD-09,apprentice,2025-08-21,2025-09-28
MEM-01574,WIZ-02147,GLD-09,adept,2025-09-28,
MEM-01575,WIZ-02148,GLD-03,Apprentice,2025-09-14,
MEM-01576,WIZ-02149,GLD-06,Adept,2024-11-18,
MEM-01577,WIZ-02151,GLD-09,adept,2025-02-02,
MEM-01578,WIZ-02152,GLD-06,apprentice,2025-11-07,
MEM-01579,WIZ-02153,GLD-03,apprentice,2024-12-06,2026-06-09
MEM-01580,WIZ-02153,GLD-03,Adept,2026-06-09,
MEM-01581,WIZ-02154,GLD-11,adept,2026-01-23,
MEM-01582,WIZ-02155,GLD-08,apprentice,2023-09-21,
MEM-01583,WIZ-02157,GLD-08,archmage,2023-12-18,
MEM-01584,WIZ-02158,GLD-12,Adept,2025-06-19,
MEM-01585,WIZ-02159,GLD-03,apprentice,2025-06-26,
MEM-01586,WIZ-02161,GLD-03,adept,2025-07-16,
MEM-01587,WIZ-02163,GLD-04,adept,2024-03-30,
MEM-01588,WIZ-02166,GLD-08,adept,2025-02-12,
MEM-01589,WIZ-02167,GLD-10,adept,2025-06-08,
MEM-01590,WIZ-02171,GLD-02,Archmage,2025-07-30,
MEM-01591,WIZ-02172,GLD-10,apprentice,2025-08-08,2026-06-10
MEM-01592,WIZ-02172,GLD-10,adept,2026-06-10,
MEM-01593,WIZ-02173,GLD-08,apprentice,2025-06-06,
MEM-01594,WIZ-02174,GLD-07,adept,2023-11-09,
MEM-01595,WIZ-02183,GLD-03,adept,2026-05-14,
MEM-01596,WIZ-02184,GLD-09,apprentice,2025-01-03,2025-10-29
MEM-01597,WIZ-02184,GLD-09,adept,2025-10-29,
MEM-01598,WIZ-02185,GLD-09,adept,2024-01-04,2024-05-14
MEM-01599,WIZ-02185,GLD-09,archmage,2024-05-14,
MEM-01600,WIZ-02188,GLD-06,Adept,2026-02-22,2026-04-28
MEM-01601,WIZ-02188,GLD-06,archmage,2026-04-28,
MEM-01602,WIZ-02189,GLD-02,apprentice,2026-06-13,
MEM-01603,WIZ-02190,GLD-06,apprentice,2023-11-29,
MEM-01604,WIZ-02191,GLD-12,apprentice,2025-04-07,
MEM-01605,WIZ-02192,GLD-12,adept,2026-04-27,
MEM-01606,WIZ-02193,GLD-10,APPRENTICE,2023-07-15,
MEM-01607,WIZ-02195,GLD-01,apprentice,2025-08-29,
MEM-01608,WIZ-02196,GLD-08,adept,2026-04-13,
MEM-01609,WIZ-02199,GLD-12,adept,2024-06-30,
MEM-01610,WIZ-02200,GLD-05,archmage,2026-04-17,
MEM-01611,WIZ-02201,GLD-10,APPRENTICE,2025-06-20,
MEM-01612,WIZ-02202,GLD-11,apprentice,2025-08-03,
MEM-01613,WIZ-02205,GLD-10,Adept,2025-10-03,
MEM-01614,WIZ-02207,GLD-09,APPRENTICE,2024-03-22,
MEM-01615,WIZ-02208,GLD-02,adept,2025-09-03,
MEM-01616,WIZ-02210,GLD-03,apprentice,2025-12-16,
MEM-01617,WIZ-02211,GLD-01,adept,2026-05-17,
MEM-01618,WIZ-02214,GLD-12,apprentice,2026-05-07,
MEM-01619,WIZ-02215,GLD-03,apprentice,2024-10-28,
MEM-01620,WIZ-02216,GLD-09,archmage,2025-02-21,
MEM-01621,WIZ-02217,GLD-01,apprentice,2026-06-17,
MEM-01622,WIZ-02219,GLD-06,APPRENTICE,2024-12-07,2025-08-28
MEM-01623,WIZ-02219,GLD-06,adept,2025-08-28,
MEM-01624,WIZ-02220,GLD-06,APPRENTICE,2023-08-13,
MEM-01625,WIZ-02221,GLD-05,adept,2024-03-07,
MEM-01626,WIZ-02223,GLD-05,adept,2025-04-29,
MEM-01627,WIZ-02225,GLD-03,APPRENTICE,2025-08-16,
MEM-01628,WIZ-02226,GLD-02,ADEPT,2025-03-15,
MEM-01629,WIZ-02227,GLD-07,apprentice,2023-06-25,
MEM-01630,WIZ-02229,GLD-10,apprentice,2026-06-15,
MEM-01631,WIZ-02231,GLD-09,Apprentice,2024-05-02,
MEM-01632,WIZ-02232,GLD-08,apprentice,2025-02-12,
MEM-01633,WIZ-02234,GLD-08,ADEPT,2026-03-06,2026-04-25
MEM-01634,WIZ-02234,GLD-08,archmage,2026-04-25,
MEM-01635,WIZ-02235,GLD-11,apprentice,2024-10-06,
MEM-01636,WIZ-02236,GLD-12,archmage,2025-09-07,
MEM-01637,WIZ-02237,GLD-07,apprentice,2024-04-25,
MEM-01638,WIZ-02240,GLD-02,apprentice,2025-06-24,2025-12-31
MEM-01639,WIZ-02240,GLD-02,Adept,2025-12-31,
MEM-01640,WIZ-02241,GLD-10,apprentice,2025-01-02,
MEM-01641,WIZ-02243,GLD-10,adept,2024-09-09,
MEM-01642,WIZ-02244,GLD-04,adept,2025-08-17,
MEM-01643,WIZ-02245,GLD-07,apprentice,2025-12-04,
MEM-01644,WIZ-02246,GLD-07,adept,2026-06-29,
MEM-01645,WIZ-02249,GLD-07,Apprentice,2024-09-01,
MEM-01646,WIZ-02251,GLD-09,adept,2023-06-25,
MEM-01647,WIZ-02252,GLD-06,apprentice,2026-03-12,
MEM-01648,WIZ-02253,GLD-12,adept,2025-11-28,
MEM-01649,WIZ-02254,GLD-04,apprentice,2024-05-01,
MEM-01650,WIZ-02256,GLD-07,adept,2023-12-15,
MEM-01651,WIZ-02257,GLD-07,Adept,2025-01-19,
MEM-01652,WIZ-02258,GLD-02,apprentice,2024-04-25,
MEM-01653,WIZ-02261,GLD-07,apprentice,2026-04-15,
MEM-01654,WIZ-02262,GLD-04,apprentice,2023-11-21,
MEM-01655,WIZ-02264,GLD-06,apprentice,2026-06-23,
MEM-01656,WIZ-02265,GLD-11,apprentice,2024-09-14,2025-12-09
MEM-01657,WIZ-02265,GLD-11,adept,2025-12-09,
MEM-01658,WIZ-02266,GLD-10,apprentice,2024-05-14,
MEM-01659,WIZ-02268,GLD-05,apprentice,2025-02-26,
MEM-01660,WIZ-02270,GLD-12,adept,2024-08-01,
MEM-01661,WIZ-02272,GLD-11,apprentice,2026-06-28,
MEM-01662,WIZ-02273,GLD-01,apprentice,2025-07-23,
MEM-01663,WIZ-02274,GLD-04,apprentice,2025-11-11,
MEM-01664,WIZ-02275,GLD-08,ADEPT,2026-03-30,
MEM-01665,WIZ-02276,GLD-07,apprentice,2023-06-21,
MEM-01666,WIZ-02277,GLD-12,ADEPT,2026-06-25,
MEM-01667,WIZ-02278,GLD-01,archmage,2024-10-25,
MEM-01668,WIZ-02281,GLD-06,apprentice,2026-05-11,
MEM-01669,WIZ-02282,GLD-01,Adept,2023-05-12,
MEM-01670,WIZ-02283,GLD-09,apprentice,2026-05-28,
MEM-01671,WIZ-02284,GLD-04,Adept,2026-02-20,
MEM-01672,WIZ-02285,GLD-07,apprentice,2023-08-09,
MEM-01673,WIZ-02286,GLD-05,archmage,2024-12-07,
MEM-01674,WIZ-02287,GLD-10,APPRENTICE,2024-08-23,
MEM-01675,WIZ-02288,GLD-08,adept,2026-06-04,
MEM-01676,WIZ-02289,GLD-07,apprentice,2025-07-20,
MEM-01677,WIZ-02290,GLD-08,Adept,2024-04-20,2024-08-03
MEM-01678,WIZ-02290,GLD-08,ARCHMAGE,2024-08-03,
MEM-01679,WIZ-02291,GLD-11,Apprentice,2025-05-22,
MEM-01680,WIZ-02293,GLD-04,apprentice,2026-06-19,
MEM-01681,WIZ-02295,GLD-08,Apprentice,2024-08-01,
MEM-01682,WIZ-02296,GLD-02,archmage,2026-05-10,
MEM-01683,WIZ-02299,GLD-12,APPRENTICE,2025-07-13,
MEM-01684,WIZ-02300,GLD-01,apprentice,2026-03-08,
MEM-01685,WIZ-02302,GLD-09,adept,2024-12-23,2025-04-06
MEM-01686,WIZ-02302,GLD-09,ARCHMAGE,2025-04-06,
MEM-01687,WIZ-02303,GLD-08,apprentice,2023-08-28,
MEM-01688,WIZ-02305,GLD-07,apprentice,2025-01-10,
MEM-01689,WIZ-02306,GLD-12,ADEPT,2026-05-05,
MEM-01690,WIZ-02307,GLD-07,apprentice,2024-11-17,
MEM-01691,WIZ-02308,GLD-10,APPRENTICE,2025-09-05,
MEM-01692,WIZ-02310,GLD-07,Adept,2025-10-18,
MEM-01693,WIZ-02311,GLD-02,apprentice,2023-11-07,
MEM-01694,WIZ-02312,GLD-09,apprentice,2023-08-06,
MEM-01695,WIZ-02315,GLD-01,Apprentice,2025-01-30,
MEM-01696,WIZ-02317,GLD-09,Apprentice,2024-07-09,
MEM-01697,WIZ-02319,GLD-07,adept,2026-06-08,
MEM-01698,WIZ-02320,GLD-01,APPRENTICE,2024-05-09,
MEM-01699,WIZ-02321,GLD-05,apprentice,2026-05-28,
MEM-01700,WIZ-02322,GLD-10,apprentice,2025-04-14,
MEM-01701,WIZ-02323,GLD-07,adept,2023-09-13,
MEM-01702,WIZ-02324,GLD-08,apprentice,2026-05-07,
MEM-01703,WIZ-02325,GLD-03,adept,2026-06-05,
MEM-01704,WIZ-02326,GLD-08,apprentice,2025-10-10,
MEM-01705,WIZ-02327,GLD-11,apprentice,2024-10-10,
MEM-01706,WIZ-02328,GLD-10,adept,2023-04-19,
MEM-01707,WIZ-02329,GLD-03,apprentice,2025-11-29,
MEM-01708,WIZ-02330,GLD-07,Adept,2026-01-20,
MEM-01709,WIZ-02331,GLD-07,apprentice,2025-10-24,2026-06-27
MEM-01710,WIZ-02331,GLD-07,adept,2026-06-27,
MEM-01711,WIZ-02332,GLD-06,apprentice,2026-06-09,
MEM-01712,WIZ-02333,GLD-12,apprentice,2024-02-18,2025-02-23
MEM-01713,WIZ-02333,GLD-12,adept,2025-02-23,
MEM-01714,WIZ-02335,GLD-10,apprentice,2024-02-23,
MEM-01715,WIZ-02336,GLD-10,apprentice,2025-04-27,
MEM-01716,WIZ-02337,GLD-12,Apprentice,2024-01-13,
MEM-01717,WIZ-02338,GLD-09,adept,2024-08-11,
MEM-01718,WIZ-02340,GLD-04,adept,2024-09-09,
MEM-01719,WIZ-02342,GLD-02,Apprentice,2024-06-05,
MEM-01720,WIZ-02345,GLD-02,apprentice,2024-08-15,
MEM-01721,WIZ-02346,GLD-05,apprentice,2025-09-28,
MEM-01722,WIZ-02347,GLD-10,Archmage,2026-03-02,
MEM-01723,WIZ-02348,GLD-03,Adept,2025-08-23,
MEM-01724,WIZ-02349,GLD-08,adept,2025-07-08,
MEM-01725,WIZ-02351,GLD-01,apprentice,2024-12-25,
MEM-01726,WIZ-02352,GLD-03,APPRENTICE,2024-11-12,
MEM-01727,WIZ-02353,GLD-07,Archmage,2026-06-25,
MEM-01728,WIZ-02354,GLD-04,apprentice,2024-08-18,
MEM-01729,WIZ-02355,GLD-10,APPRENTICE,2026-01-09,
MEM-01730,WIZ-02356,GLD-12,apprentice,2025-02-25,
MEM-01731,WIZ-02357,GLD-11,adept,2023-10-21,
MEM-01732,WIZ-02358,GLD-05,apprentice,2024-11-17,
MEM-01733,WIZ-02360,GLD-04,apprentice,2024-06-12,
MEM-01734,WIZ-02362,GLD-11,Apprentice,2025-04-03,2026-02-21
MEM-01735,WIZ-02362,GLD-11,adept,2026-02-21,
MEM-01736,WIZ-02364,GLD-09,archmage,2024-04-30,
MEM-01737,WIZ-02367,GLD-05,apprentice,2024-01-06,
MEM-01738,WIZ-02368,GLD-11,archmage,2023-08-31,
MEM-01739,WIZ-02371,GLD-05,archmage,2026-01-17,
MEM-01740,WIZ-02372,GLD-04,apprentice,2023-05-30,
MEM-01741,WIZ-02373,GLD-07,APPRENTICE,2025-06-08,
MEM-01742,WIZ-02374,GLD-09,Archmage,2025-04-13,
MEM-01743,WIZ-02380,GLD-02,archmage,2024-02-05,
MEM-01744,WIZ-02381,GLD-02,Apprentice,2026-04-21,2026-06-20
MEM-01745,WIZ-02381,GLD-02,Adept,2026-06-20,
MEM-01746,WIZ-02382,GLD-04,ADEPT,2023-12-21,
MEM-01747,WIZ-02383,GLD-04,adept,2025-03-29,
MEM-01748,WIZ-02386,GLD-06,apprentice,2025-03-23,
MEM-01749,WIZ-02389,GLD-03,adept,2025-03-13,
MEM-01750,WIZ-02390,GLD-01,apprentice,2024-08-03,
MEM-01751,WIZ-02391,GLD-10,Adept,2025-04-14,
MEM-01752,WIZ-02392,GLD-09,apprentice,2024-02-20,
MEM-01753,WIZ-02394,GLD-02,apprentice,2026-03-28,2026-05-02
MEM-01754,WIZ-02394,GLD-02,Adept,2026-05-02,
MEM-01755,WIZ-02395,GLD-12,apprentice,2025-05-13,
MEM-01756,WIZ-02396,GLD-05,adept,2024-07-22,
MEM-01757,WIZ-02398,GLD-06,adept,2024-05-16,
MEM-01758,WIZ-02401,GLD-03,Apprentice,2025-01-28,2025-11-12
MEM-01759,WIZ-02401,GLD-03,Adept,2025-11-12,
MEM-01760,WIZ-02402,GLD-03,adept,2026-03-05,
MEM-01761,WIZ-02404,GLD-06,apprentice,2023-08-13,
MEM-01762,WIZ-02405,GLD-03,apprentice,2026-02-18,2026-04-24
MEM-01763,WIZ-02405,GLD-03,Adept,2026-04-24,
MEM-01764,WIZ-02408,GLD-09,Apprentice,2025-07-19,
MEM-01765,WIZ-02409,GLD-07,apprentice,2025-02-02,
MEM-01766,WIZ-02410,GLD-02,apprentice,2024-12-13,2026-02-22
MEM-01767,WIZ-02410,GLD-02,Adept,2026-02-22,
MEM-01768,WIZ-02411,GLD-09,APPRENTICE,2026-05-04,
MEM-01769,WIZ-02413,GLD-11,apprentice,2023-08-30,
MEM-01770,WIZ-02414,GLD-01,ARCHMAGE,2025-06-07,
MEM-01771,WIZ-02419,GLD-11,apprentice,2024-08-05,
MEM-01772,WIZ-02420,GLD-06,apprentice,2025-11-24,
MEM-01773,WIZ-02422,GLD-09,apprentice,2024-04-12,
MEM-01774,WIZ-02424,GLD-09,ADEPT,2023-12-03,
MEM-01775,WIZ-02425,GLD-01,apprentice,2026-06-01,
MEM-01776,WIZ-02426,GLD-08,apprentice,2025-02-13,
MEM-01777,WIZ-02427,GLD-10,adept,2025-06-21,
MEM-01778,WIZ-02428,GLD-09,apprentice,2026-03-30,
MEM-01779,WIZ-02432,GLD-03,apprentice,2025-09-06,
MEM-01780,WIZ-02433,GLD-05,archmage,2026-06-24,
MEM-01781,WIZ-02435,GLD-07,apprentice,2026-03-08,
MEM-01782,WIZ-02436,GLD-02,adept,2026-03-11,
MEM-01783,WIZ-02439,GLD-03,adept,2026-01-15,2026-03-11
MEM-01784,WIZ-02439,GLD-03,archmage,2026-03-11,
MEM-01785,WIZ-02440,GLD-11,apprentice,2025-03-24,
MEM-01786,WIZ-02441,GLD-07,ADEPT,2024-08-27,
MEM-01787,WIZ-02442,GLD-10,ADEPT,2026-05-02,
MEM-01788,WIZ-02443,GLD-04,Archmage,2025-02-22,
MEM-01789,WIZ-02445,GLD-12,apprentice,2024-08-06,
MEM-01790,WIZ-02446,GLD-01,apprentice,2023-11-17,
MEM-01791,WIZ-02447,GLD-12,apprentice,2025-05-06,
MEM-01792,WIZ-02449,GLD-01,APPRENTICE,2025-07-14,
MEM-01793,WIZ-02453,GLD-05,adept,2025-03-28,
MEM-01794,WIZ-02455,GLD-07,Apprentice,2025-11-03,2026-01-15
MEM-01795,WIZ-02455,GLD-07,adept,2026-01-15,
MEM-01796,WIZ-02456,GLD-03,apprentice,2026-05-17,
MEM-01797,WIZ-02457,GLD-01,apprentice,2025-01-08,
MEM-01798,WIZ-02459,GLD-04,apprentice,2025-07-19,
MEM-01799,WIZ-02460,GLD-04,adept,2023-12-25,
MEM-01800,WIZ-02461,GLD-05,adept,2026-05-04,
MEM-01801,WIZ-02463,GLD-12,apprentice,2025-06-25,
MEM-01802,WIZ-02464,GLD-08,adept,2025-07-24,
MEM-01803,WIZ-02465,GLD-04,archmage,2025-08-26,
MEM-01804,WIZ-02466,GLD-05,archmage,2026-06-30,
MEM-01805,WIZ-02468,GLD-09,adept,2023-10-03,
MEM-01806,WIZ-02470,GLD-03,Apprentice,2026-04-12,
MEM-01807,WIZ-02471,GLD-04,adept,2026-05-22,
MEM-01808,WIZ-02472,GLD-09,adept,2024-07-13,
MEM-01809,WIZ-02474,GLD-10,Adept,2025-07-13,
MEM-01810,WIZ-02475,GLD-03,apprentice,2023-07-25,
MEM-01811,WIZ-02477,GLD-05,APPRENTICE,2024-12-16,2025-12-22
MEM-01812,WIZ-02477,GLD-05,adept,2025-12-22,
MEM-01813,WIZ-02478,GLD-08,Apprentice,2026-06-16,
MEM-01814,WIZ-02479,GLD-05,apprentice,2024-12-31,
MEM-01815,WIZ-02482,GLD-04,apprentice,2024-06-22,
MEM-01816,WIZ-02483,GLD-01,adept,2026-06-19,
MEM-01817,WIZ-02484,GLD-04,apprentice,2026-06-18,
MEM-01818,WIZ-02486,GLD-08,Apprentice,2026-05-20,
MEM-01819,WIZ-02487,GLD-12,apprentice,2026-06-04,
MEM-01820,WIZ-02488,GLD-11,Apprentice,2026-04-16,
MEM-01821,WIZ-02489,GLD-03,apprentice,2024-11-09,
MEM-01822,WIZ-02490,GLD-09,Apprentice,2025-12-29,
MEM-01823,WIZ-02491,GLD-12,Adept,2025-09-24,
MEM-01824,WIZ-02492,GLD-06,apprentice,2026-04-27,
MEM-01825,WIZ-02493,GLD-11,apprentice,2026-01-20,
MEM-01826,WIZ-02495,GLD-12,apprentice,2025-08-29,
MEM-01827,WIZ-02496,GLD-10,apprentice,2026-06-02,
MEM-01828,WIZ-02497,GLD-08,archmage,2024-04-30,
MEM-01829,WIZ-02498,GLD-11,Apprentice,2026-04-25,
MEM-01830,WIZ-02500,GLD-04,adept,2026-04-01,
MEM-01831,WIZ-02502,GLD-03,archmage,2023-06-24,
MEM-01832,WIZ-02503,GLD-10,apprentice,2026-06-08,
MEM-01833,WIZ-02504,GLD-02,apprentice,2026-02-23,
MEM-01834,WIZ-02505,GLD-05,APPRENTICE,2024-04-24,
MEM-01835,WIZ-02506,GLD-02,apprentice,2026-06-02,
MEM-01836,WIZ-02507,GLD-08,Apprentice,2023-11-08,
MEM-01837,WIZ-02508,GLD-01,apprentice,2023-05-07,
MEM-01838,WIZ-02510,GLD-01,adept,2024-03-09,
MEM-01839,WIZ-02511,GLD-03,Apprentice,2026-03-14,
MEM-01840,WIZ-02512,GLD-01,apprentice,2026-06-21,
MEM-01841,WIZ-02514,GLD-12,Apprentice,2023-09-13,
MEM-01842,WIZ-02516,GLD-04,apprentice,2025-11-17,
MEM-01843,WIZ-02518,GLD-08,ADEPT,2026-04-06,
MEM-01844,WIZ-02519,GLD-08,Apprentice,2025-07-19,2026-03-16
MEM-01845,WIZ-02519,GLD-08,adept,2026-03-16,
MEM-01846,WIZ-02520,GLD-05,apprentice,2024-12-22,
MEM-01847,WIZ-02522,GLD-04,adept,2025-08-16,
MEM-01848,WIZ-02524,GLD-08,apprentice,2024-04-22,
MEM-01849,WIZ-02526,GLD-07,apprentice,2025-02-14,2025-05-31
MEM-01850,WIZ-02526,GLD-07,adept,2025-05-31,
MEM-01851,WIZ-02528,GLD-04,adept,2023-07-10,2025-01-17
MEM-01852,WIZ-02528,GLD-04,archmage,2025-01-17,
MEM-01853,WIZ-02529,GLD-06,Apprentice,2026-02-10,
MEM-01854,WIZ-02530,GLD-09,apprentice,2025-02-03,
MEM-01855,WIZ-02531,GLD-01,archmage,2026-04-29,
MEM-01856,WIZ-02532,GLD-03,Apprentice,2026-03-19,
MEM-01857,WIZ-02533,GLD-08,apprentice,2024-05-10,
MEM-01858,WIZ-02534,GLD-09,Adept,2025-12-28,
MEM-01859,WIZ-02535,GLD-10,apprentice,2024-02-28,
MEM-01860,WIZ-02538,GLD-11,apprentice,2024-01-04,
MEM-01861,WIZ-02539,GLD-09,Archmage,2026-05-26,
MEM-01862,WIZ-02540,GLD-05,Apprentice,2026-02-20,
MEM-01863,WIZ-02541,GLD-02,adept,2025-08-24,
MEM-01864,WIZ-02542,GLD-04,APPRENTICE,2024-09-24,
MEM-01865,WIZ-02543,GLD-09,apprentice,2025-04-09,
MEM-01866,WIZ-02545,GLD-05,apprentice,2025-09-26,
MEM-01867,WIZ-02546,GLD-11,apprentice,2025-01-01,2026-04-19
MEM-01868,WIZ-02546,GLD-11,adept,2026-04-19,
MEM-01869,WIZ-02547,GLD-12,apprentice,2026-04-16,2026-06-10
MEM-01870,WIZ-02547,GLD-12,adept,2026-06-10,
MEM-01871,WIZ-02548,GLD-07,apprentice,2025-08-05,2026-03-19
MEM-01872,WIZ-02548,GLD-07,ADEPT,2026-03-19,
MEM-01873,WIZ-02549,GLD-12,apprentice,2024-09-04,
MEM-01874,WIZ-02551,GLD-01,apprentice,2026-05-02,
MEM-01875,WIZ-02552,GLD-11,apprentice,2024-03-26,
MEM-01876,WIZ-02553,GLD-05,Apprentice,2024-01-12,
MEM-01877,WIZ-02554,GLD-02,apprentice,2026-01-27,
MEM-01878,WIZ-02556,GLD-01,Adept,2023-12-01,
MEM-01879,WIZ-02558,GLD-06,apprentice,2025-11-03,
MEM-01880,WIZ-02559,GLD-03,adept,2024-02-23,
MEM-01881,WIZ-02560,GLD-02,apprentice,2026-06-25,
MEM-01882,WIZ-02561,GLD-04,apprentice,2024-10-11,
MEM-01883,WIZ-02562,GLD-12,apprentice,2024-04-15,
MEM-01884,WIZ-02563,GLD-05,apprentice,2024-08-30,
MEM-01885,WIZ-02565,GLD-05,archmage,2025-06-30,
MEM-01886,WIZ-02566,GLD-12,adept,2025-03-11,
MEM-01887,WIZ-02567,GLD-03,ADEPT,2024-10-05,
MEM-01888,WIZ-02569,GLD-08,apprentice,2025-11-23,
MEM-01889,WIZ-02570,GLD-08,apprentice,2026-03-04,
MEM-01890,WIZ-02571,GLD-06,adept,2023-09-13,
MEM-01891,WIZ-02576,GLD-07,adept,2023-11-04,
MEM-01892,WIZ-02577,GLD-07,ADEPT,2024-12-19,
MEM-01893,WIZ-02580,GLD-12,adept,2026-06-18,
MEM-01894,WIZ-02582,GLD-02,apprentice,2026-03-19,2026-06-21
MEM-01895,WIZ-02582,GLD-02,Adept,2026-06-21,
MEM-01896,WIZ-02584,GLD-01,apprentice,2023-06-14,
MEM-01897,WIZ-02585,GLD-12,apprentice,2026-01-21,
MEM-01898,WIZ-02586,GLD-02,adept,2025-09-15,
MEM-01899,WIZ-02587,GLD-10,apprentice,2024-12-15,
MEM-01900,WIZ-02588,GLD-09,Apprentice,2024-03-21,
MEM-01901,WIZ-02589,GLD-02,apprentice,2025-05-12,
MEM-01902,WIZ-02591,GLD-05,Adept,2026-01-14,
MEM-01903,WIZ-02592,GLD-07,archmage,2026-06-16,
MEM-01904,WIZ-02593,GLD-06,adept,2025-11-03,
MEM-01905,WIZ-02594,GLD-08,adept,2026-05-24,
MEM-01906,WIZ-02595,GLD-01,apprentice,2024-02-27,
MEM-01907,WIZ-02597,GLD-09,apprentice,2024-06-07,
MEM-01908,WIZ-02599,GLD-08,apprentice,2023-12-27,
MEM-01909,WIZ-02600,GLD-08,APPRENTICE,2024-11-17,
MEM-01910,WIZ-02601,GLD-12,Apprentice,2024-06-25,
MEM-01911,WIZ-02603,GLD-11,adept,2024-07-16,
MEM-01912,WIZ-02604,GLD-12,apprentice,2025-04-24,
MEM-01913,WIZ-02605,GLD-04,APPRENTICE,2024-03-05,
MEM-01914,WIZ-02606,GLD-12,apprentice,2024-08-01,
MEM-01915,WIZ-02607,GLD-07,APPRENTICE,2026-03-19,
MEM-01916,WIZ-02608,GLD-01,apprentice,2026-03-01,2026-06-18
MEM-01917,WIZ-02608,GLD-01,adept,2026-06-18,
MEM-01918,WIZ-02609,GLD-12,apprentice,2026-04-14,
MEM-01919,WIZ-02613,GLD-06,adept,2025-11-26,
MEM-01920,WIZ-02614,GLD-04,Apprentice,2025-01-04,
MEM-01921,WIZ-02615,GLD-01,apprentice,2025-08-22,
MEM-01922,WIZ-02616,GLD-04,apprentice,2025-02-21,
MEM-01923,WIZ-02617,GLD-07,Adept,2026-04-02,
MEM-01924,WIZ-02619,GLD-06,adept,2024-02-15,
MEM-01925,WIZ-02621,GLD-09,Archmage,2026-05-04,
MEM-01926,WIZ-02623,GLD-03,adept,2025-01-17,
MEM-01927,WIZ-02624,GLD-06,apprentice,2026-06-16,
MEM-01928,WIZ-02626,GLD-03,apprentice,2026-05-10,
MEM-01929,WIZ-02628,GLD-10,adept,2025-07-14,
MEM-01930,WIZ-02629,GLD-11,apprentice,2026-04-19,
MEM-01931,WIZ-02630,GLD-04,adept,2026-05-20,
MEM-01932,WIZ-02631,GLD-09,archmage,2025-11-28,
MEM-01933,WIZ-02632,GLD-07,Apprentice,2026-03-05,
MEM-01934,WIZ-02633,GLD-09,adept,2026-03-27,
MEM-01935,WIZ-02635,GLD-10,apprentice,2025-02-12,
MEM-01936,WIZ-02636,GLD-07,archmage,2024-03-25,
MEM-01937,WIZ-02637,GLD-02,Adept,2024-04-19,
MEM-01938,WIZ-02638,GLD-08,adept,2025-06-10,
MEM-01939,WIZ-02639,GLD-12,apprentice,2025-11-11,
MEM-01940,WIZ-02640,GLD-09,APPRENTICE,2025-10-08,
MEM-01941,WIZ-02641,GLD-04,apprentice,2024-10-01,
MEM-01942,WIZ-02642,GLD-05,apprentice,2024-10-07,
MEM-01943,WIZ-02643,GLD-07,apprentice,2026-02-06,2026-05-15
MEM-01944,WIZ-02643,GLD-07,adept,2026-05-15,
MEM-01945,WIZ-02644,GLD-08,archmage,2024-03-18,
MEM-01946,WIZ-02645,GLD-05,apprentice,2024-05-31,2024-07-05
MEM-01947,WIZ-02645,GLD-05,adept,2024-07-05,
MEM-01948,WIZ-02646,GLD-09,Apprentice,2023-11-11,
MEM-01949,WIZ-02647,GLD-01,archmage,2025-06-22,
MEM-01950,WIZ-02648,GLD-03,apprentice,2025-04-03,
MEM-01951,WIZ-02650,GLD-07,Apprentice,2025-09-13,
MEM-01952,WIZ-02651,GLD-01,apprentice,2025-11-14,
MEM-01953,WIZ-02653,GLD-08,apprentice,2026-02-21,2026-04-02
MEM-01954,WIZ-02653,GLD-08,adept,2026-04-02,
MEM-01955,WIZ-02654,GLD-10,adept,2026-05-18,
MEM-01956,WIZ-02655,GLD-10,apprentice,2026-02-01,
MEM-01957,WIZ-02656,GLD-04,Adept,2026-02-13,2026-05-07
MEM-01958,WIZ-02656,GLD-04,archmage,2026-05-07,
MEM-01959,WIZ-02657,GLD-07,Apprentice,2026-06-01,
MEM-01960,WIZ-02658,GLD-09,apprentice,2026-02-20,
MEM-01961,WIZ-02660,GLD-06,Apprentice,2026-02-06,
MEM-01962,WIZ-02662,GLD-02,adept,2026-05-23,
MEM-01963,WIZ-02663,GLD-07,ADEPT,2026-05-08,
MEM-01964,WIZ-02665,GLD-09,Adept,2024-04-05,
MEM-01965,WIZ-02666,GLD-11,apprentice,2025-09-09,
MEM-01966,WIZ-02668,GLD-06,apprentice,2024-04-29,
MEM-01967,WIZ-02671,GLD-10,adept,2026-03-23,
MEM-01968,WIZ-02674,GLD-09,apprentice,2026-04-28,
MEM-01969,WIZ-02675,GLD-07,apprentice,2024-04-14,
MEM-01970,WIZ-02677,GLD-03,apprentice,2024-03-02,
MEM-01971,WIZ-02678,GLD-02,adept,2024-03-29,
MEM-01972,WIZ-02679,GLD-02,Apprentice,2024-10-01,
MEM-01973,WIZ-02682,GLD-12,apprentice,2026-04-11,
MEM-01974,WIZ-02683,GLD-09,adept,2026-04-23,
MEM-01975,WIZ-02688,GLD-10,apprentice,2026-02-15,
MEM-01976,WIZ-02689,GLD-11,ADEPT,2026-05-03,
MEM-01977,WIZ-02690,GLD-05,adept,2026-06-20,
MEM-01978,WIZ-02691,GLD-06,ARCHMAGE,2026-01-29,
MEM-01979,WIZ-02692,GLD-02,archmage,2026-03-06,
MEM-01980,WIZ-02694,GLD-01,apprentice,2024-02-09,
MEM-01981,WIZ-02696,GLD-10,APPRENTICE,2025-03-22,
MEM-01982,WIZ-02701,GLD-02,apprentice,2025-07-13,
MEM-01983,WIZ-02702,GLD-06,Adept,2026-06-23,
MEM-01984,WIZ-02704,GLD-05,Apprentice,2025-12-31,
MEM-01985,WIZ-02707,GLD-06,apprentice,2025-03-09,
MEM-01986,WIZ-02708,GLD-09,adept,2024-01-12,
MEM-01987,WIZ-02710,GLD-09,archmage,2025-03-18,
MEM-01988,WIZ-02713,GLD-08,archmage,2025-04-28,
MEM-01989,WIZ-02715,GLD-10,apprentice,2024-11-12,
MEM-01990,WIZ-02716,GLD-03,apprentice,2026-04-11,
MEM-01991,WIZ-02717,GLD-08,adept,2026-06-11,
MEM-01992,WIZ-02718,GLD-01,apprentice,2025-01-09,
MEM-01993,WIZ-02719,GLD-03,APPRENTICE,2025-06-20,
MEM-01994,WIZ-02720,GLD-02,apprentice,2026-06-24,
MEM-01995,WIZ-02721,GLD-02,apprentice,2024-02-12,
MEM-01996,WIZ-02722,GLD-05,Apprentice,2026-06-23,
MEM-01997,WIZ-02723,GLD-02,adept,2026-06-08,
MEM-01998,WIZ-02724,GLD-11,apprentice,2026-01-07,
MEM-01999,WIZ-02725,GLD-05,apprentice,2026-03-17,
MEM-02000,WIZ-02727,GLD-11,apprentice,2025-07-26,
MEM-02001,WIZ-02728,GLD-02,adept,2024-02-18,
MEM-02002,WIZ-02730,GLD-07,Adept,2025-12-28,2026-03-05
MEM-02003,WIZ-02730,GLD-07,archmage,2026-03-05,
MEM-02004,WIZ-02731,GLD-04,apprentice,2023-12-03,2024-09-13
MEM-02005,WIZ-02731,GLD-04,adept,2024-09-13,
MEM-02006,WIZ-02733,GLD-09,apprentice,2023-12-19,2025-11-16
MEM-02007,WIZ-02733,GLD-09,adept,2025-11-16,
MEM-02008,WIZ-02736,GLD-05,apprentice,2025-12-16,2026-05-13
MEM-02009,WIZ-02736,GLD-05,Adept,2026-05-13,
MEM-02010,WIZ-02737,GLD-02,archmage,2026-04-25,
MEM-02011,WIZ-02739,GLD-02,APPRENTICE,2024-05-26,
MEM-02012,WIZ-02742,GLD-06,apprentice,2024-02-19,
MEM-02013,WIZ-02743,GLD-08,adept,2023-12-08,
MEM-02014,WIZ-02745,GLD-12,apprentice,2025-09-10,
MEM-02015,WIZ-02748,GLD-04,adept,2026-05-06,
MEM-02016,WIZ-02749,GLD-10,APPRENTICE,2024-05-05,
MEM-02017,WIZ-02752,GLD-03,adept,2026-04-24,
MEM-02018,WIZ-02754,GLD-08,archmage,2023-11-21,
MEM-02019,WIZ-02756,GLD-12,ARCHMAGE,2024-11-03,
MEM-02020,WIZ-02759,GLD-10,adept,2023-12-13,
MEM-02021,WIZ-02760,GLD-12,Apprentice,2025-07-11,
MEM-02022,WIZ-02761,GLD-08,apprentice,2026-05-13,
MEM-02023,WIZ-02763,GLD-07,Apprentice,2026-05-06,
MEM-02024,WIZ-02764,GLD-05,apprentice,2024-01-06,
MEM-02025,WIZ-02765,GLD-07,apprentice,2025-03-21,
MEM-02026,WIZ-02766,GLD-07,adept,2025-10-05,
MEM-02027,WIZ-02768,GLD-02,Adept,2025-03-07,2026-02-26
MEM-02028,WIZ-02768,GLD-02,archmage,2026-02-26,
MEM-02029,WIZ-02769,GLD-05,apprentice,2025-11-23,
MEM-02030,WIZ-02770,GLD-11,archmage,2026-01-28,
MEM-02031,WIZ-02771,GLD-03,adept,2025-06-26,
MEM-02032,WIZ-02773,GLD-04,apprentice,2024-06-13,
MEM-02033,WIZ-02775,GLD-12,apprentice,2024-07-18,
MEM-02034,WIZ-02776,GLD-10,ADEPT,2026-05-10,
MEM-02035,WIZ-02777,GLD-09,adept,2025-09-02,
MEM-02036,WIZ-02778,GLD-01,adept,2024-05-09,
MEM-02037,WIZ-02779,GLD-06,apprentice,2025-04-28,
MEM-02038,WIZ-02780,GLD-02,apprentice,2025-09-30,
MEM-02039,WIZ-02781,GLD-05,archmage,2024-06-12,
MEM-02040,WIZ-02782,GLD-04,apprentice,2024-06-03,
MEM-02041,WIZ-02783,GLD-05,APPRENTICE,2026-06-03,
MEM-02042,WIZ-02785,GLD-05,apprentice,2026-02-09,2026-05-02
MEM-02043,WIZ-02785,GLD-05,Adept,2026-05-02,
MEM-02044,WIZ-02790,GLD-08,apprentice,2026-05-10,
MEM-02045,WIZ-02791,GLD-02,adept,2025-05-29,
MEM-02046,WIZ-02796,GLD-08,ADEPT,2023-10-02,
MEM-02047,WIZ-02797,GLD-08,adept,2023-11-21,
MEM-02048,WIZ-02799,GLD-06,Adept,2025-10-14,
MEM-02049,WIZ-02800,GLD-08,adept,2025-04-30,
MEM-02050,WIZ-02801,GLD-12,apprentice,2024-07-17,
MEM-02051,WIZ-02804,GLD-01,apprentice,2023-08-22,2025-01-28
MEM-02052,WIZ-02804,GLD-01,adept,2025-01-28,
MEM-02053,WIZ-02805,GLD-12,apprentice,2025-04-09,
MEM-02054,WIZ-02807,GLD-07,adept,2025-05-25,
MEM-02055,WIZ-02809,GLD-07,apprentice,2026-05-24,
MEM-02056,WIZ-02810,GLD-04,Apprentice,2026-04-18,2026-06-01
MEM-02057,WIZ-02810,GLD-04,Adept,2026-06-01,
MEM-02058,WIZ-02811,GLD-08,archmage,2024-02-16,
MEM-02059,WIZ-02812,GLD-05,apprentice,2024-01-14,
MEM-02060,WIZ-02814,GLD-10,adept,2024-06-30,
MEM-02061,WIZ-02815,GLD-11,apprentice,2024-12-19,
MEM-02062,WIZ-02816,GLD-01,adept,2026-05-20,
MEM-02063,WIZ-02817,GLD-12,Adept,2024-10-29,
MEM-02064,WIZ-02818,GLD-09,adept,2024-09-03,
MEM-02065,WIZ-02820,GLD-03,apprentice,2026-04-12,
MEM-02066,WIZ-02821,GLD-04,apprentice,2026-05-06,
MEM-02067,WIZ-02822,GLD-01,APPRENTICE,2025-11-01,
MEM-02068,WIZ-02824,GLD-11,apprentice,2024-09-11,
MEM-02069,WIZ-02825,GLD-08,adept,2026-03-17,
MEM-02070,WIZ-02826,GLD-10,APPRENTICE,2026-02-28,
MEM-02071,WIZ-02828,GLD-01,APPRENTICE,2026-05-05,
MEM-02072,WIZ-02829,GLD-07,apprentice,2024-12-18,
MEM-02073,WIZ-02831,GLD-04,APPRENTICE,2024-12-04,
MEM-02074,WIZ-02832,GLD-10,adept,2025-12-08,
MEM-02075,WIZ-02833,GLD-01,adept,2026-06-03,
MEM-02076,WIZ-02834,GLD-11,adept,2023-03-17,
MEM-02077,WIZ-02835,GLD-11,apprentice,2024-07-06,
MEM-02078,WIZ-02836,GLD-10,adept,2026-04-13,
MEM-02079,WIZ-02837,GLD-05,ADEPT,2023-03-13,2023-10-09
MEM-02080,WIZ-02837,GLD-05,archmage,2023-10-09,
MEM-02081,WIZ-02838,GLD-06,Apprentice,2025-11-03,
MEM-02082,WIZ-02839,GLD-03,Apprentice,2024-03-06,
MEM-02083,WIZ-02841,GLD-10,apprentice,2024-02-04,
MEM-02084,WIZ-02842,GLD-06,adept,2025-10-30,
MEM-02085,WIZ-02843,GLD-08,apprentice,2023-08-23,2024-05-12
MEM-02086,WIZ-02843,GLD-08,adept,2024-05-12,
MEM-02087,WIZ-02845,GLD-08,apprentice,2023-04-01,
MEM-02088,WIZ-02846,GLD-08,apprentice,2026-01-30,
MEM-02089,WIZ-02847,GLD-05,apprentice,2025-12-14,
MEM-02090,WIZ-02848,GLD-03,Apprentice,2025-02-20,
MEM-02091,WIZ-02849,GLD-12,apprentice,2024-02-16,
MEM-02092,WIZ-02852,GLD-09,archmage,2025-04-13,
MEM-02093,WIZ-02855,GLD-03,Apprentice,2024-07-18,
MEM-02094,WIZ-02856,GLD-05,apprentice,2024-01-25,2024-08-02
MEM-02095,WIZ-02856,GLD-05,Adept,2024-08-02,
MEM-02096,WIZ-02857,GLD-10,APPRENTICE,2024-02-12,2026-01-01
MEM-02097,WIZ-02857,GLD-10,adept,2026-01-01,
MEM-02098,WIZ-02859,GLD-09,adept,2026-06-08,
MEM-02099,WIZ-02860,GLD-03,adept,2026-02-07,
MEM-02100,WIZ-02862,GLD-07,APPRENTICE,2023-09-20,
MEM-02101,WIZ-02863,GLD-08,archmage,2025-08-31,
MEM-02102,WIZ-02864,GLD-01,apprentice,2026-05-12,
MEM-02103,WIZ-02865,GLD-09,apprentice,2023-07-28,
MEM-02104,WIZ-02866,GLD-09,Apprentice,2024-04-21,2024-09-12
MEM-02105,WIZ-02866,GLD-09,adept,2024-09-12,
MEM-02106,WIZ-02867,GLD-12,APPRENTICE,2025-08-16,
MEM-02107,WIZ-02868,GLD-08,adept,2026-05-31,
MEM-02108,WIZ-02869,GLD-12,apprentice,2026-05-14,
MEM-02109,WIZ-02871,GLD-04,adept,2024-03-30,
MEM-02110,WIZ-02873,GLD-12,apprentice,2023-10-16,
MEM-02111,WIZ-02874,GLD-01,APPRENTICE,2025-11-20,
MEM-02112,WIZ-02876,GLD-02,apprentice,2026-05-02,
MEM-02113,WIZ-02878,GLD-01,adept,2026-02-10,
MEM-02114,WIZ-02882,GLD-02,apprentice,2026-03-17,
MEM-02115,WIZ-02883,GLD-10,Apprentice,2023-07-31,
MEM-02116,WIZ-02884,GLD-12,archmage,2024-08-28,
MEM-02117,WIZ-02886,GLD-08,Apprentice,2026-02-19,
MEM-02118,WIZ-02888,GLD-02,Apprentice,2025-02-14,
MEM-02119,WIZ-02891,GLD-04,Apprentice,2025-08-24,
MEM-02120,WIZ-02892,GLD-06,Apprentice,2026-03-19,
MEM-02121,WIZ-02893,GLD-06,apprentice,2025-07-20,
MEM-02122,WIZ-02894,GLD-08,adept,2026-05-04,
MEM-02123,WIZ-02895,GLD-11,apprentice,2026-01-01,
MEM-02124,WIZ-02896,GLD-10,apprentice,2024-08-04,
MEM-02125,WIZ-02897,GLD-03,adept,2026-06-13,
MEM-02126,WIZ-02898,GLD-03,adept,2024-11-13,2026-02-16
MEM-02127,WIZ-02898,GLD-03,Archmage,2026-02-16,
MEM-02128,WIZ-02900,GLD-10,apprentice,2025-07-08,
MEM-02129,WIZ-02901,GLD-06,Archmage,2026-03-26,
MEM-02130,WIZ-02902,GLD-03,apprentice,2026-05-26,
MEM-02131,WIZ-02907,GLD-12,ADEPT,2025-05-09,
MEM-02132,WIZ-02908,GLD-04,adept,2025-02-11,
MEM-02133,WIZ-02909,GLD-08,adept,2026-04-19,
MEM-02134,WIZ-02910,GLD-01,archmage,2024-07-27,
MEM-02135,WIZ-02911,GLD-01,adept,2024-07-11,
MEM-02136,WIZ-02912,GLD-03,Apprentice,2023-04-12,
MEM-02137,WIZ-02913,GLD-05,apprentice,2026-06-02,
MEM-02138,WIZ-02915,GLD-06,apprentice,2023-12-17,2025-04-26
MEM-02139,WIZ-02915,GLD-06,Adept,2025-04-26,
MEM-02140,WIZ-02919,GLD-06,Apprentice,2024-11-26,
MEM-02141,WIZ-02922,GLD-06,apprentice,2026-05-09,
MEM-02142,WIZ-02924,GLD-10,APPRENTICE,2025-11-11,2025-12-24
MEM-02143,WIZ-02924,GLD-10,Adept,2025-12-24,
MEM-02144,WIZ-02926,GLD-08,Archmage,2024-08-04,
MEM-02145,WIZ-02928,GLD-08,Archmage,2026-06-04,
MEM-02146,WIZ-02929,GLD-11,Apprentice,2026-04-03,
MEM-02147,WIZ-02930,GLD-12,apprentice,2024-07-12,
MEM-02148,WIZ-02933,GLD-02,apprentice,2024-06-20,
MEM-02149,WIZ-02934,GLD-08,apprentice,2025-12-20,
MEM-02150,WIZ-02936,GLD-12,apprentice,2023-03-09,
MEM-02151,WIZ-02937,GLD-09,Adept,2024-04-25,
MEM-02152,WIZ-02938,GLD-07,Adept,2026-04-20,
MEM-02153,WIZ-02940,GLD-04,adept,2024-09-29,
MEM-02154,WIZ-02942,GLD-07,Adept,2025-04-29,
MEM-02155,WIZ-02944,GLD-12,archmage,2025-08-06,
MEM-02156,WIZ-02946,GLD-09,adept,2026-05-06,
MEM-02157,WIZ-02947,GLD-02,Apprentice,2026-04-05,
MEM-02158,WIZ-02948,GLD-01,apprentice,2023-11-23,
MEM-02159,WIZ-02949,GLD-11,apprentice,2023-08-30,
MEM-02160,WIZ-02951,GLD-09,Apprentice,2023-11-18,
MEM-02161,WIZ-02953,GLD-05,adept,2024-03-16,
MEM-02162,WIZ-02955,GLD-09,adept,2024-11-18,2025-04-04
MEM-02163,WIZ-02955,GLD-09,archmage,2025-04-04,
MEM-02164,WIZ-02956,GLD-09,apprentice,2024-05-18,
MEM-02165,WIZ-02957,GLD-10,apprentice,2026-04-25,2026-06-30
MEM-02166,WIZ-02957,GLD-10,adept,2026-06-30,
MEM-02167,WIZ-02958,GLD-01,Apprentice,2024-08-18,
MEM-02168,WIZ-02959,GLD-12,Apprentice,2026-04-24,
MEM-02169,WIZ-02960,GLD-04,adept,2024-01-08,
MEM-02170,WIZ-02963,GLD-08,adept,2025-12-30,
MEM-02171,WIZ-02964,GLD-06,apprentice,2026-05-06,
MEM-02172,WIZ-02965,GLD-02,apprentice,2025-05-05,2026-06-10
MEM-02173,WIZ-02965,GLD-02,adept,2026-06-10,
MEM-02174,WIZ-02966,GLD-09,apprentice,2024-08-28,
MEM-02175,WIZ-02967,GLD-03,apprentice,2025-08-18,
MEM-02176,WIZ-02970,GLD-08,archmage,2025-06-28,
MEM-02177,WIZ-02972,GLD-04,adept,2024-10-20,2026-01-17
MEM-02178,WIZ-02972,GLD-04,archmage,2026-01-17,
MEM-02179,WIZ-02973,GLD-02,apprentice,2023-12-13,
MEM-02180,WIZ-02975,GLD-04,adept,2024-10-23,
MEM-02181,WIZ-02976,GLD-11,APPRENTICE,2026-01-22,
MEM-02182,WIZ-02977,GLD-08,Apprentice,2024-05-06,
MEM-02183,WIZ-02978,GLD-05,apprentice,2025-01-17,
MEM-02184,WIZ-02979,GLD-06,apprentice,2024-03-11,
MEM-02185,WIZ-02981,GLD-02,adept,2025-05-26,
MEM-02186,WIZ-02983,GLD-08,archmage,2026-06-19,
MEM-02187,WIZ-02984,GLD-05,apprentice,2026-01-29,2026-06-12
MEM-02188,WIZ-02984,GLD-05,Adept,2026-06-12,
MEM-02189,WIZ-02985,GLD-11,apprentice,2026-06-25,
MEM-02190,WIZ-02989,GLD-04,Adept,2026-04-24,
MEM-02191,WIZ-02993,GLD-08,apprentice,2024-09-02,
MEM-02192,WIZ-02995,GLD-01,ADEPT,2025-10-30,
MEM-02193,WIZ-02999,GLD-11,adept,2024-09-14,
MEM-02194,WIZ-03000,GLD-05,adept,2025-08-20,
MEM-02195,WIZ-03001,GLD-09,Apprentice,2024-06-05,
MEM-02196,WIZ-03002,GLD-02,APPRENTICE,2025-07-06,2025-09-13
MEM-02197,WIZ-03002,GLD-02,adept,2025-09-13,
MEM-02198,WIZ-03007,GLD-07,apprentice,2024-04-15,
MEM-02199,WIZ-03008,GLD-10,apprentice,2024-02-19,
MEM-02200,WIZ-03009,GLD-04,apprentice,2026-05-31,
MEM-02201,WIZ-03011,GLD-02,Apprentice,2025-08-06,
MEM-02202,WIZ-03014,GLD-04,apprentice,2024-11-21,
MEM-02203,WIZ-03015,GLD-07,Apprentice,2025-04-16,
MEM-02204,WIZ-03017,GLD-07,Adept,2024-09-03,
MEM-02205,WIZ-03018,GLD-04,apprentice,2026-05-13,
MEM-02206,WIZ-03024,GLD-08,apprentice,2026-03-09,
MEM-02207,WIZ-03025,GLD-07,Adept,2024-06-17,
MEM-02208,WIZ-03027,GLD-08,apprentice,2026-01-15,
MEM-02209,WIZ-03028,GLD-12,adept,2026-05-26,
MEM-02210,WIZ-03030,GLD-08,adept,2023-08-07,
MEM-02211,WIZ-03031,GLD-07,apprentice,2024-10-24,
MEM-02212,WIZ-03033,GLD-01,Adept,2024-07-16,
MEM-02213,WIZ-03034,GLD-03,apprentice,2025-03-26,
MEM-02214,WIZ-03036,GLD-08,Archmage,2023-11-17,
MEM-02215,WIZ-03037,GLD-04,adept,2025-11-22,
MEM-02216,WIZ-03040,GLD-08,apprentice,2023-08-18,
MEM-02217,WIZ-03044,GLD-07,apprentice,2023-06-15,
MEM-02218,WIZ-03045,GLD-02,ADEPT,2023-03-23,2023-12-23
MEM-02219,WIZ-03045,GLD-02,archmage,2023-12-23,
MEM-02220,WIZ-03046,GLD-09,archmage,2026-02-12,
MEM-02221,WIZ-03049,GLD-06,Apprentice,2024-10-12,2025-07-21
MEM-02222,WIZ-03049,GLD-06,adept,2025-07-21,
MEM-02223,WIZ-03050,GLD-01,apprentice,2025-01-27,
MEM-02224,WIZ-03052,GLD-02,Apprentice,2025-10-11,
MEM-02225,WIZ-03053,GLD-05,apprentice,2025-09-25,
MEM-02226,WIZ-03054,GLD-11,Adept,2025-03-05,
MEM-02227,WIZ-03055,GLD-01,archmage,2026-04-11,
MEM-02228,WIZ-03057,GLD-04,apprentice,2024-01-21,
MEM-02229,WIZ-03058,GLD-10,APPRENTICE,2026-01-12,
MEM-02230,WIZ-03059,GLD-06,adept,2025-12-06,
MEM-02231,WIZ-03060,GLD-04,apprentice,2026-04-25,
MEM-02232,WIZ-03062,GLD-08,adept,2024-01-12,
MEM-02233,WIZ-03065,GLD-09,Adept,2024-07-13,
MEM-02234,WIZ-03066,GLD-05,apprentice,2025-06-12,
MEM-02235,WIZ-03067,GLD-04,ADEPT,2024-02-25,
MEM-02236,WIZ-03069,GLD-04,APPRENTICE,2025-04-06,
MEM-02237,WIZ-03070,GLD-10,apprentice,2026-03-12,
MEM-02238,WIZ-03072,GLD-02,archmage,2025-03-10,
MEM-02239,WIZ-03073,GLD-10,apprentice,2026-03-12,
MEM-02240,WIZ-03074,GLD-01,Adept,2025-03-14,
MEM-02241,WIZ-03078,GLD-11,apprentice,2025-01-16,2025-12-06
MEM-02242,WIZ-03078,GLD-11,adept,2025-12-06,
MEM-02243,WIZ-03079,GLD-08,apprentice,2025-12-06,2026-03-10
MEM-02244,WIZ-03079,GLD-08,adept,2026-03-10,
MEM-02245,WIZ-03081,GLD-05,apprentice,2024-08-17,
MEM-02246,WIZ-03084,GLD-03,adept,2026-06-09,
MEM-02247,WIZ-03085,GLD-01,apprentice,2024-03-23,
MEM-02248,WIZ-03086,GLD-08,Apprentice,2024-05-26,
MEM-02249,WIZ-03089,GLD-04,Adept,2025-10-29,
MEM-02250,WIZ-03090,GLD-03,adept,2026-04-22,
MEM-02251,WIZ-03091,GLD-08,apprentice,2023-11-13,
MEM-02252,WIZ-03095,GLD-03,Apprentice,2026-03-09,
MEM-02253,WIZ-03096,GLD-08,apprentice,2025-08-13,2026-01-28
MEM-02254,WIZ-03096,GLD-08,adept,2026-01-28,
MEM-02255,WIZ-03097,GLD-01,Apprentice,2023-09-28,
MEM-02256,WIZ-03100,GLD-07,Archmage,2024-12-06,
MEM-02257,WIZ-03101,GLD-08,apprentice,2024-01-07,
MEM-02258,WIZ-03104,GLD-06,adept,2024-06-07,
MEM-02259,WIZ-03106,GLD-11,apprentice,2025-07-09,
MEM-02260,WIZ-03108,GLD-05,apprentice,2026-01-17,2026-03-28
MEM-02261,WIZ-03108,GLD-05,Adept,2026-03-28,
MEM-02262,WIZ-03110,GLD-03,apprentice,2026-03-22,2026-06-09
MEM-02263,WIZ-03110,GLD-03,adept,2026-06-09,
MEM-02264,WIZ-03111,GLD-04,ADEPT,2024-12-29,
MEM-02265,WIZ-03112,GLD-08,APPRENTICE,2025-03-03,
MEM-02266,WIZ-03113,GLD-02,Apprentice,2025-06-08,
MEM-02267,WIZ-03114,GLD-09,apprentice,2025-12-14,
MEM-02268,WIZ-03115,GLD-02,Apprentice,2024-08-23,
MEM-02269,WIZ-03116,GLD-09,adept,2025-10-31,
MEM-02270,WIZ-03117,GLD-02,adept,2025-02-25,
MEM-02271,WIZ-03119,GLD-07,apprentice,2026-06-25,
MEM-02272,WIZ-03120,GLD-07,apprentice,2024-01-27,
MEM-02273,WIZ-03124,GLD-04,Adept,2024-01-12,
MEM-02274,WIZ-03126,GLD-01,apprentice,2026-05-27,
MEM-02275,WIZ-03129,GLD-09,adept,2024-05-03,
MEM-02276,WIZ-03130,GLD-01,Archmage,2025-11-07,
MEM-02277,WIZ-03131,GLD-10,apprentice,2025-02-05,
MEM-02278,WIZ-03133,GLD-03,apprentice,2026-03-22,
MEM-02279,WIZ-03134,GLD-04,ADEPT,2024-05-09,
MEM-02280,WIZ-03136,GLD-03,apprentice,2026-03-25,
MEM-02281,WIZ-03138,GLD-02,Apprentice,2023-09-28,
MEM-02282,WIZ-03139,GLD-02,ADEPT,2025-07-29,
MEM-02283,WIZ-03143,GLD-03,Archmage,2026-06-16,
MEM-02284,WIZ-03144,GLD-01,adept,2026-06-01,
MEM-02285,WIZ-03145,GLD-02,apprentice,2024-08-08,
MEM-02286,WIZ-03147,GLD-05,APPRENTICE,2024-02-05,
MEM-02287,WIZ-03149,GLD-07,Apprentice,2025-02-24,
MEM-02288,WIZ-03152,GLD-08,apprentice,2025-12-28,2026-01-30
MEM-02289,WIZ-03152,GLD-08,Adept,2026-01-30,
MEM-02290,WIZ-03153,GLD-08,apprentice,2026-06-07,
MEM-02291,WIZ-03154,GLD-09,apprentice,2025-09-05,
MEM-02292,WIZ-03155,GLD-05,apprentice,2026-03-07,
MEM-02293,WIZ-03156,GLD-02,Apprentice,2026-05-13,
MEM-02294,WIZ-03157,GLD-08,Adept,2026-02-21,
MEM-02295,WIZ-03158,GLD-05,ARCHMAGE,2026-04-01,
MEM-02296,WIZ-03159,GLD-11,adept,2024-07-09,
MEM-02297,WIZ-03160,GLD-12,APPRENTICE,2026-04-26,
MEM-02298,WIZ-03161,GLD-09,apprentice,2024-10-25,2026-03-24
MEM-02299,WIZ-03161,GLD-09,adept,2026-03-24,
MEM-02300,WIZ-03162,GLD-10,Apprentice,2025-06-18,
MEM-02301,WIZ-03163,GLD-05,Adept,2025-08-28,
MEM-02302,WIZ-03164,GLD-08,adept,2024-02-09,
MEM-02303,WIZ-03165,GLD-11,Archmage,2024-12-17,
MEM-02304,WIZ-03167,GLD-04,adept,2026-06-03,
MEM-02305,WIZ-03169,GLD-02,apprentice,2023-11-21,
MEM-02306,WIZ-03170,GLD-11,apprentice,2025-01-31,2025-12-12
MEM-02307,WIZ-03170,GLD-11,adept,2025-12-12,
MEM-02308,WIZ-03171,GLD-04,apprentice,2025-09-10,
MEM-02309,WIZ-03172,GLD-05,apprentice,2026-04-15,
MEM-02310,WIZ-03173,GLD-08,apprentice,2025-06-05,
MEM-02311,WIZ-03174,GLD-09,apprentice,2023-11-04,
MEM-02312,WIZ-03176,GLD-09,Apprentice,2024-08-04,2026-02-24
MEM-02313,WIZ-03176,GLD-09,adept,2026-02-24,
MEM-02314,WIZ-03177,GLD-06,ADEPT,2025-06-03,
MEM-02315,WIZ-03178,GLD-01,Adept,2025-04-17,
MEM-02316,WIZ-03179,GLD-03,apprentice,2024-06-14,
MEM-02317,WIZ-03180,GLD-06,APPRENTICE,2025-06-26,
MEM-02318,WIZ-03181,GLD-06,apprentice,2023-10-21,
MEM-02319,WIZ-03182,GLD-06,Apprentice,2025-04-08,2026-04-09
MEM-02320,WIZ-03182,GLD-06,adept,2026-04-09,
MEM-02321,WIZ-03183,GLD-06,adept,2024-04-03,
MEM-02322,WIZ-03184,GLD-11,adept,2025-08-11,2025-10-15
MEM-02323,WIZ-03184,GLD-11,archmage,2025-10-15,
MEM-02324,WIZ-03185,GLD-04,apprentice,2025-06-11,
MEM-02325,WIZ-03187,GLD-08,adept,2025-03-02,
MEM-02326,WIZ-03188,GLD-03,adept,2023-07-27,
MEM-02327,WIZ-03189,GLD-09,APPRENTICE,2026-06-16,
MEM-02328,WIZ-03191,GLD-05,apprentice,2024-03-21,2025-05-26
MEM-02329,WIZ-03191,GLD-05,adept,2025-05-26,
MEM-02330,WIZ-03193,GLD-05,apprentice,2024-01-26,
MEM-02331,WIZ-03194,GLD-09,APPRENTICE,2026-06-28,
MEM-02332,WIZ-03198,GLD-03,Apprentice,2023-11-16,
MEM-02333,WIZ-03200,GLD-10,archmage,2026-06-17,
MEM-02334,WIZ-03201,GLD-04,adept,2025-04-17,
MEM-02335,WIZ-03202,GLD-07,apprentice,2026-01-06,2026-06-07
MEM-02336,WIZ-03202,GLD-07,Adept,2026-06-07,
MEM-02337,WIZ-03203,GLD-02,apprentice,2026-06-16,
MEM-02338,WIZ-03204,GLD-10,apprentice,2026-02-16,2026-03-24
MEM-02339,WIZ-03204,GLD-10,adept,2026-03-24,
MEM-02340,WIZ-03206,GLD-01,archmage,2024-07-17,
MEM-02341,WIZ-03207,GLD-02,apprentice,2024-12-01,2025-07-27
MEM-02342,WIZ-03207,GLD-02,adept,2025-07-27,
MEM-02343,WIZ-03209,GLD-06,adept,2026-06-25,
MEM-02344,WIZ-03210,GLD-11,adept,2026-06-29,
MEM-02345,WIZ-03213,GLD-08,apprentice,2026-01-26,
MEM-02346,WIZ-03215,GLD-06,ADEPT,2025-09-22,
MEM-02347,WIZ-03216,GLD-05,Adept,2025-06-09,
MEM-02348,WIZ-03218,GLD-08,archmage,2023-06-10,
MEM-02349,WIZ-03219,GLD-12,apprentice,2024-12-11,2025-05-27
MEM-02350,WIZ-03219,GLD-12,adept,2025-05-27,
MEM-02351,WIZ-03222,GLD-05,Apprentice,2024-06-27,2025-12-22
MEM-02352,WIZ-03222,GLD-05,adept,2025-12-22,
MEM-02353,WIZ-03224,GLD-08,apprentice,2026-02-26,2026-06-30
MEM-02354,WIZ-03224,GLD-08,adept,2026-06-30,
MEM-02355,WIZ-03225,GLD-09,Apprentice,2025-11-19,
MEM-02356,WIZ-03226,GLD-06,apprentice,2024-10-22,
MEM-02357,WIZ-03229,GLD-09,apprentice,2026-06-01,
MEM-02358,WIZ-03230,GLD-01,Apprentice,2024-04-05,
MEM-02359,WIZ-03231,GLD-08,Adept,2026-03-30,
MEM-02360,WIZ-03234,GLD-08,archmage,2024-08-13,
MEM-02361,WIZ-03237,GLD-08,adept,2026-01-19,
MEM-02362,WIZ-03239,GLD-11,apprentice,2024-03-28,
MEM-02363,WIZ-03240,GLD-12,APPRENTICE,2025-08-10,
MEM-02364,WIZ-03242,GLD-01,Apprentice,2023-12-01,
MEM-02365,WIZ-03244,GLD-05,adept,2026-06-30,
MEM-02366,WIZ-03246,GLD-11,adept,2024-07-28,
MEM-02367,WIZ-03251,GLD-03,apprentice,2023-07-24,
MEM-02368,WIZ-03252,GLD-04,APPRENTICE,2024-12-21,
MEM-02369,WIZ-03253,GLD-07,apprentice,2024-12-12,
MEM-02370,WIZ-03256,GLD-01,APPRENTICE,2024-06-26,2025-12-23
MEM-02371,WIZ-03256,GLD-01,ADEPT,2025-12-23,
MEM-02372,WIZ-03257,GLD-12,Archmage,2026-04-18,
MEM-02373,WIZ-03258,GLD-11,APPRENTICE,2025-11-17,
MEM-02374,WIZ-03262,GLD-03,Adept,2023-04-24,
MEM-02375,WIZ-03263,GLD-03,adept,2023-11-10,
MEM-02376,WIZ-03264,GLD-07,adept,2025-02-24,
MEM-02377,WIZ-03265,GLD-10,apprentice,2024-12-25,2025-03-29
MEM-02378,WIZ-03265,GLD-10,adept,2025-03-29,
MEM-02379,WIZ-03269,GLD-11,apprentice,2024-06-29,
MEM-02380,WIZ-03270,GLD-10,adept,2024-01-30,
MEM-02381,WIZ-03271,GLD-04,ARCHMAGE,2025-05-06,
MEM-02382,WIZ-03272,GLD-01,apprentice,2023-12-15,
MEM-02383,WIZ-03274,GLD-05,Apprentice,2025-01-13,2025-07-10
MEM-02384,WIZ-03274,GLD-05,ADEPT,2025-07-10,
MEM-02385,WIZ-03275,GLD-04,ARCHMAGE,2023-09-27,
MEM-02386,WIZ-03276,GLD-07,apprentice,2026-04-29,
MEM-02387,WIZ-03277,GLD-03,Apprentice,2024-09-19,
MEM-02388,WIZ-03279,GLD-02,apprentice,2025-01-17,
MEM-02389,WIZ-03281,GLD-06,apprentice,2024-12-10,
MEM-02390,WIZ-03283,GLD-07,apprentice,2023-12-19,
MEM-02391,WIZ-03284,GLD-05,adept,2024-02-09,
MEM-02392,WIZ-03285,GLD-03,archmage,2026-03-07,
MEM-02393,WIZ-03287,GLD-05,archmage,2025-11-19,
MEM-02394,WIZ-03289,GLD-06,archmage,2026-06-30,
MEM-02395,WIZ-03290,GLD-07,adept,2024-05-09,
MEM-02396,WIZ-03291,GLD-12,apprentice,2024-02-28,
MEM-02397,WIZ-03292,GLD-11,Adept,2025-03-29,
MEM-02398,WIZ-03293,GLD-02,apprentice,2023-09-20,2024-08-25
MEM-02399,WIZ-03293,GLD-02,adept,2024-08-25,
MEM-02400,WIZ-03294,GLD-06,APPRENTICE,2025-05-23,
MEM-02401,WIZ-03295,GLD-03,apprentice,2024-06-11,
MEM-02402,WIZ-03297,GLD-03,apprentice,2024-11-02,
MEM-02403,WIZ-03298,GLD-08,apprentice,2024-09-08,
MEM-02404,WIZ-03299,GLD-09,ADEPT,2024-01-31,
MEM-02405,WIZ-03300,GLD-07,apprentice,2026-02-08,
MEM-02406,WIZ-03301,GLD-01,apprentice,2026-03-09,
MEM-02407,WIZ-03303,GLD-03,apprentice,2026-04-11,
MEM-02408,WIZ-03307,GLD-11,adept,2025-07-26,
MEM-02409,WIZ-03308,GLD-04,Apprentice,2026-01-16,
MEM-02410,WIZ-03309,GLD-11,apprentice,2025-02-17,
MEM-02411,WIZ-03310,GLD-03,APPRENTICE,2023-12-18,
MEM-02412,WIZ-03311,GLD-04,Apprentice,2025-12-28,
MEM-02413,WIZ-03313,GLD-05,adept,2025-10-04,
MEM-02414,WIZ-03315,GLD-06,Apprentice,2024-10-25,
MEM-02415,WIZ-03316,GLD-11,apprentice,2026-03-29,
MEM-02416,WIZ-03318,GLD-06,apprentice,2024-06-24,
MEM-02417,WIZ-03319,GLD-02,apprentice,2025-05-24,
MEM-02418,WIZ-03322,GLD-01,apprentice,2026-04-19,2026-05-31
MEM-02419,WIZ-03322,GLD-01,Adept,2026-05-31,
MEM-02420,WIZ-03324,GLD-10,apprentice,2026-05-12,
MEM-02421,WIZ-03326,GLD-06,adept,2026-05-11,
MEM-02422,WIZ-03330,GLD-12,apprentice,2026-05-01,
MEM-02423,WIZ-03332,GLD-09,apprentice,2025-08-27,
MEM-02424,WIZ-03333,GLD-08,adept,2024-04-25,
MEM-02425,WIZ-03336,GLD-07,APPRENTICE,2024-06-13,
MEM-02426,WIZ-03337,GLD-05,adept,2024-08-31,
MEM-02427,WIZ-03338,GLD-11,APPRENTICE,2026-04-13,
MEM-02428,WIZ-03339,GLD-02,apprentice,2025-02-01,
MEM-02429,WIZ-03341,GLD-07,apprentice,2024-11-26,
MEM-02430,WIZ-03343,GLD-12,apprentice,2023-11-17,
MEM-02431,WIZ-03344,GLD-12,Archmage,2026-06-21,
MEM-02432,WIZ-03345,GLD-02,adept,2023-10-25,2024-11-03
MEM-02433,WIZ-03345,GLD-02,archmage,2024-11-03,
MEM-02434,WIZ-03346,GLD-03,apprentice,2024-08-17,
MEM-02435,WIZ-03347,GLD-07,apprentice,2026-06-07,
MEM-02436,WIZ-03348,GLD-11,Apprentice,2024-01-29,
MEM-02437,WIZ-03349,GLD-01,adept,2024-08-23,
MEM-02438,WIZ-03351,GLD-04,Archmage,2026-05-31,
MEM-02439,WIZ-03352,GLD-01,archmage,2025-01-27,
MEM-02440,WIZ-03353,GLD-05,archmage,2026-04-25,
MEM-02441,WIZ-03354,GLD-12,APPRENTICE,2025-10-10,
MEM-02442,WIZ-03355,GLD-11,apprentice,2025-09-13,2025-11-05
MEM-02443,WIZ-03355,GLD-11,adept,2025-11-05,
MEM-02444,WIZ-03356,GLD-02,apprentice,2026-06-21,
MEM-02445,WIZ-03358,GLD-11,apprentice,2024-01-18,
MEM-02446,WIZ-03359,GLD-04,archmage,2023-05-07,
MEM-02447,WIZ-03361,GLD-10,apprentice,2026-05-31,
MEM-02448,WIZ-03363,GLD-08,Apprentice,2024-09-07,
MEM-02449,WIZ-03365,GLD-10,apprentice,2025-08-22,
MEM-02450,WIZ-03367,GLD-04,apprentice,2024-04-02,
MEM-02451,WIZ-03369,GLD-10,adept,2025-07-11,
MEM-02452,WIZ-03370,GLD-01,apprentice,2025-09-03,
MEM-02453,WIZ-03371,GLD-06,ADEPT,2025-03-14,
MEM-02454,WIZ-03372,GLD-01,apprentice,2024-02-08,2025-10-12
MEM-02455,WIZ-03372,GLD-01,Adept,2025-10-12,
MEM-02456,WIZ-03374,GLD-04,Archmage,2026-06-27,
MEM-02457,WIZ-03379,GLD-10,apprentice,2026-04-03,
MEM-02458,WIZ-03380,GLD-08,apprentice,2024-03-06,
MEM-02459,WIZ-03384,GLD-01,Apprentice,2026-05-19,
MEM-02460,WIZ-03385,GLD-11,apprentice,2025-08-15,2026-06-17
MEM-02461,WIZ-03385,GLD-11,ADEPT,2026-06-17,
MEM-02462,WIZ-03386,GLD-08,adept,2024-01-10,
MEM-02463,WIZ-03388,GLD-10,adept,2023-08-17,2024-08-05
MEM-02464,WIZ-03388,GLD-10,archmage,2024-08-05,
MEM-02465,WIZ-03390,GLD-02,adept,2026-06-08,
MEM-02466,WIZ-03391,GLD-09,apprentice,2024-01-25,
MEM-02467,WIZ-03392,GLD-07,apprentice,2023-06-26,
MEM-02468,WIZ-03395,GLD-11,apprentice,2023-08-23,
MEM-02469,WIZ-03396,GLD-05,apprentice,2024-05-22,
MEM-02470,WIZ-03398,GLD-08,Apprentice,2026-03-10,
MEM-02471,WIZ-03399,GLD-05,Adept,2023-11-29,
MEM-02472,WIZ-03401,GLD-12,APPRENTICE,2026-02-04,
MEM-02473,WIZ-03402,GLD-09,adept,2024-09-21,2026-04-14
MEM-02474,WIZ-03402,GLD-09,archmage,2026-04-14,
MEM-02475,WIZ-03403,GLD-02,apprentice,2025-02-03,
MEM-02476,WIZ-03405,GLD-08,apprentice,2025-10-05,
MEM-02477,WIZ-03406,GLD-11,Archmage,2025-06-28,
MEM-02478,WIZ-03407,GLD-08,Apprentice,2024-01-06,
MEM-02479,WIZ-03408,GLD-03,adept,2024-11-14,
MEM-02480,WIZ-03410,GLD-10,Apprentice,2025-09-13,
MEM-02481,WIZ-03414,GLD-11,apprentice,2024-10-25,
MEM-02482,WIZ-03417,GLD-07,apprentice,2025-06-19,
MEM-02483,WIZ-03419,GLD-08,adept,2026-06-19,
MEM-02484,WIZ-03420,GLD-05,apprentice,2026-06-22,
MEM-02485,WIZ-03422,GLD-12,apprentice,2024-02-05,
MEM-02486,WIZ-03423,GLD-04,ADEPT,2025-05-28,
MEM-02487,WIZ-03424,GLD-06,apprentice,2025-08-19,
MEM-02488,WIZ-03425,GLD-05,adept,2025-05-10,
MEM-02489,WIZ-03426,GLD-04,APPRENTICE,2025-03-28,
MEM-02490,WIZ-03427,GLD-09,apprentice,2026-04-26,
MEM-02491,WIZ-03428,GLD-05,apprentice,2024-01-13,
MEM-02492,WIZ-03431,GLD-10,adept,2025-11-11,
MEM-02493,WIZ-03432,GLD-10,Apprentice,2026-01-08,
MEM-02494,WIZ-03433,GLD-11,apprentice,2024-12-03,
MEM-02495,WIZ-03434,GLD-01,apprentice,2023-10-17,2025-09-13
MEM-02496,WIZ-03434,GLD-01,adept,2025-09-13,
MEM-02497,WIZ-03435,GLD-09,adept,2025-09-16,
MEM-02498,WIZ-03438,GLD-03,apprentice,2025-08-19,
MEM-02499,WIZ-03439,GLD-08,apprentice,2025-09-13,
MEM-02500,WIZ-03444,GLD-04,apprentice,2026-06-26,
MEM-02501,WIZ-03446,GLD-03,apprentice,2025-03-30,
MEM-02502,WIZ-03447,GLD-10,Archmage,2025-03-27,
MEM-02503,WIZ-03448,GLD-01,apprentice,2025-07-19,
MEM-02504,WIZ-03449,GLD-06,Adept,2025-08-18,2026-01-03
MEM-02505,WIZ-03449,GLD-06,Archmage,2026-01-03,
MEM-02506,WIZ-03451,GLD-08,apprentice,2024-12-02,
MEM-02507,WIZ-03453,GLD-08,apprentice,2026-06-21,
MEM-02508,WIZ-03454,GLD-07,Apprentice,2026-05-14,
MEM-02509,WIZ-03455,GLD-06,apprentice,2023-11-27,
MEM-02510,WIZ-03456,GLD-10,archmage,2025-06-11,
MEM-02511,WIZ-03457,GLD-12,apprentice,2026-05-03,
MEM-02512,WIZ-03458,GLD-07,apprentice,2024-02-05,
MEM-02513,WIZ-03460,GLD-03,APPRENTICE,2024-04-23,
MEM-02514,WIZ-03461,GLD-12,archmage,2025-01-21,
MEM-02515,WIZ-03463,GLD-04,apprentice,2024-12-04,
MEM-02516,WIZ-03464,GLD-08,apprentice,2026-05-03,
MEM-02517,WIZ-03465,GLD-01,Apprentice,2026-06-08,
MEM-02518,WIZ-03466,GLD-05,Apprentice,2026-05-22,
MEM-02519,WIZ-03469,GLD-06,Apprentice,2025-04-23,
MEM-02520,WIZ-03471,GLD-12,Apprentice,2024-11-14,2025-04-27
MEM-02521,WIZ-03471,GLD-12,adept,2025-04-27,
MEM-02522,WIZ-03472,GLD-03,ADEPT,2024-10-10,2025-05-27
MEM-02523,WIZ-03472,GLD-03,archmage,2025-05-27,
MEM-02524,WIZ-03473,GLD-05,archmage,2025-01-19,
MEM-02525,WIZ-03474,GLD-04,apprentice,2024-10-31,
MEM-02526,WIZ-03475,GLD-03,ARCHMAGE,2024-01-08,
MEM-02527,WIZ-03476,GLD-09,adept,2026-02-10,
MEM-02528,WIZ-03478,GLD-06,apprentice,2025-12-30,
MEM-02529,WIZ-03479,GLD-06,adept,2023-08-08,2024-02-20
MEM-02530,WIZ-03479,GLD-06,archmage,2024-02-20,
MEM-02531,WIZ-03480,GLD-09,apprentice,2024-06-18,
MEM-02532,WIZ-03482,GLD-05,Apprentice,2024-10-14,
MEM-02533,WIZ-03483,GLD-03,apprentice,2026-04-26,
MEM-02534,WIZ-03485,GLD-05,adept,2024-03-27,
MEM-02535,WIZ-03486,GLD-05,adept,2026-03-16,
MEM-02536,WIZ-03487,GLD-09,apprentice,2025-09-28,
MEM-02537,WIZ-03488,GLD-07,apprentice,2026-05-02,
MEM-02538,WIZ-03491,GLD-01,apprentice,2025-10-01,
MEM-02539,WIZ-03493,GLD-01,adept,2026-05-14,
MEM-02540,WIZ-03494,GLD-12,adept,2026-06-28,
MEM-02541,WIZ-03496,GLD-05,apprentice,2025-04-04,
MEM-02542,WIZ-03498,GLD-10,apprentice,2026-02-02,
MEM-02543,WIZ-03499,GLD-07,apprentice,2025-10-22,
MEM-02544,WIZ-03501,GLD-02,Adept,2026-05-25,
MEM-02545,WIZ-03502,GLD-09,apprentice,2024-09-18,2025-09-25
MEM-02546,WIZ-03502,GLD-09,adept,2025-09-25,
MEM-02547,WIZ-03503,GLD-04,adept,2023-12-22,2024-10-23
MEM-02548,WIZ-03503,GLD-04,Archmage,2024-10-23,
MEM-02549,WIZ-03504,GLD-02,apprentice,2025-01-22,2026-06-05
MEM-02550,WIZ-03504,GLD-02,adept,2026-06-05,
MEM-02551,WIZ-03506,GLD-07,Adept,2025-03-01,
MEM-02552,WIZ-03510,GLD-08,apprentice,2023-09-04,
MEM-02553,WIZ-03512,GLD-07,apprentice,2024-09-16,
MEM-02554,WIZ-03513,GLD-01,apprentice,2024-12-07,2026-01-09
MEM-02555,WIZ-03513,GLD-01,ADEPT,2026-01-09,
MEM-02556,WIZ-03516,GLD-10,apprentice,2024-09-09,
MEM-02557,WIZ-03517,GLD-10,apprentice,2023-12-08,2025-11-03
MEM-02558,WIZ-03517,GLD-10,Adept,2025-11-03,
MEM-02559,WIZ-03518,GLD-07,adept,2024-03-25,
MEM-02560,WIZ-03519,GLD-02,apprentice,2026-05-09,
MEM-02561,WIZ-03520,GLD-01,Apprentice,2024-10-02,
MEM-02562,WIZ-03521,GLD-09,apprentice,2024-02-02,
MEM-02563,WIZ-03526,GLD-12,apprentice,2024-01-30,
MEM-02564,WIZ-03527,GLD-10,apprentice,2026-04-20,
MEM-02565,WIZ-03531,GLD-07,adept,2023-03-21,
MEM-02566,WIZ-03533,GLD-06,Apprentice,2024-10-17,
MEM-02567,WIZ-03534,GLD-09,apprentice,2024-08-19,
MEM-02568,WIZ-03536,GLD-05,apprentice,2023-12-23,
MEM-02569,WIZ-03538,GLD-12,apprentice,2024-06-29,
MEM-02570,WIZ-03539,GLD-03,apprentice,2024-09-27,
MEM-02571,WIZ-03540,GLD-08,APPRENTICE,2025-12-26,
MEM-02572,WIZ-03542,GLD-02,adept,2025-08-17,
MEM-02573,WIZ-03543,GLD-06,apprentice,2024-07-07,
MEM-02574,WIZ-03545,GLD-02,Adept,2025-02-19,
MEM-02575,WIZ-03546,GLD-03,apprentice,2024-08-12,2025-08-01
MEM-02576,WIZ-03546,GLD-03,adept,2025-08-01,
MEM-02577,WIZ-03548,GLD-02,apprentice,2024-11-02,
MEM-02578,WIZ-03552,GLD-11,apprentice,2026-03-04,
MEM-02579,WIZ-03553,GLD-05,apprentice,2023-12-10,2024-04-20
MEM-02580,WIZ-03553,GLD-05,adept,2024-04-20,
MEM-02581,WIZ-03555,GLD-06,Apprentice,2025-08-09,2025-11-08
MEM-02582,WIZ-03555,GLD-06,Adept,2025-11-08,
MEM-02583,WIZ-03557,GLD-08,adept,2024-07-02,
MEM-02584,WIZ-03559,GLD-05,Apprentice,2025-05-21,
MEM-02585,WIZ-03561,GLD-07,apprentice,2026-01-23,
MEM-02586,WIZ-03562,GLD-06,apprentice,2026-05-06,
MEM-02587,WIZ-03563,GLD-03,APPRENTICE,2026-02-19,
MEM-02588,WIZ-03565,GLD-01,apprentice,2026-05-11,
MEM-02589,WIZ-03566,GLD-06,apprentice,2026-04-17,
MEM-02590,WIZ-03567,GLD-04,adept,2023-09-30,2024-11-24
MEM-02591,WIZ-03567,GLD-04,archmage,2024-11-24,
MEM-02592,WIZ-03568,GLD-03,adept,2026-05-22,
MEM-02593,WIZ-03569,GLD-11,Archmage,2024-09-20,
MEM-02594,WIZ-03570,GLD-05,adept,2026-04-18,
MEM-02595,WIZ-03571,GLD-02,ADEPT,2026-06-13,
MEM-02596,WIZ-03572,GLD-11,Apprentice,2025-05-01,2025-06-05
MEM-02597,WIZ-03572,GLD-11,adept,2025-06-05,
MEM-02598,WIZ-03574,GLD-04,archmage,2024-12-27,
MEM-02599,WIZ-03576,GLD-02,apprentice,2026-01-25,
MEM-02600,WIZ-03578,GLD-10,apprentice,2026-04-01,
MEM-02601,WIZ-03580,GLD-09,apprentice,2024-06-29,
MEM-02602,WIZ-03581,GLD-05,apprentice,2026-06-17,
MEM-02603,WIZ-03582,GLD-02,apprentice,2024-10-18,2026-01-10
MEM-02604,WIZ-03582,GLD-02,adept,2026-01-10,
MEM-02605,WIZ-03588,GLD-11,adept,2026-06-22,
MEM-02606,WIZ-03589,GLD-04,adept,2025-11-01,
MEM-02607,WIZ-03590,GLD-08,adept,2026-01-21,
MEM-02608,WIZ-03592,GLD-10,adept,2026-05-27,
MEM-02609,WIZ-03593,GLD-05,apprentice,2025-11-10,
MEM-02610,WIZ-03594,GLD-08,APPRENTICE,2025-04-15,
MEM-02611,WIZ-03595,GLD-12,Apprentice,2023-10-30,
MEM-02612,WIZ-03598,GLD-05,apprentice,2023-09-11,2024-01-22
MEM-02613,WIZ-03598,GLD-05,ADEPT,2024-01-22,
MEM-02614,WIZ-03599,GLD-06,Apprentice,2025-01-03,
MEM-02615,WIZ-03600,GLD-07,Adept,2025-05-31,
MEM-02616,WIZ-03602,GLD-04,adept,2025-06-30,
MEM-02617,WIZ-03603,GLD-06,apprentice,2026-06-23,
MEM-02618,WIZ-03604,GLD-04,apprentice,2026-05-18,
MEM-02619,WIZ-03605,GLD-04,APPRENTICE,2026-06-20,
MEM-02620,WIZ-03606,GLD-01,APPRENTICE,2024-12-22,
MEM-02621,WIZ-03607,GLD-02,apprentice,2026-05-21,
MEM-02622,WIZ-03608,GLD-01,adept,2026-02-05,
MEM-02623,WIZ-03610,GLD-09,apprentice,2024-07-06,
MEM-02624,WIZ-03611,GLD-05,apprentice,2023-09-25,
MEM-02625,WIZ-03612,GLD-08,apprentice,2026-05-06,
MEM-02626,WIZ-03613,GLD-07,Apprentice,2026-05-05,
MEM-02627,WIZ-03615,GLD-03,adept,2025-01-18,2025-03-06
MEM-02628,WIZ-03615,GLD-03,archmage,2025-03-06,
MEM-02629,WIZ-03616,GLD-09,apprentice,2023-12-18,
MEM-02630,WIZ-03617,GLD-02,apprentice,2025-11-13,
MEM-02631,WIZ-03618,GLD-10,adept,2024-09-02,
MEM-02632,WIZ-03619,GLD-04,apprentice,2025-08-15,
MEM-02633,WIZ-03620,GLD-11,Adept,2025-05-30,
MEM-02634,WIZ-03621,GLD-08,apprentice,2026-04-30,
MEM-02635,WIZ-03623,GLD-10,adept,2025-12-25,2026-03-20
MEM-02636,WIZ-03623,GLD-10,archmage,2026-03-20,
MEM-02637,WIZ-03624,GLD-12,apprentice,2025-05-02,
MEM-02638,WIZ-03627,GLD-11,archmage,2026-05-07,
MEM-02639,WIZ-03628,GLD-01,apprentice,2023-06-30,2024-06-12
MEM-02640,WIZ-03628,GLD-01,adept,2024-06-12,
MEM-02641,WIZ-03629,GLD-06,apprentice,2025-03-07,
MEM-02642,WIZ-03632,GLD-12,APPRENTICE,2026-01-08,
MEM-02643,WIZ-03633,GLD-08,APPRENTICE,2026-01-29,
MEM-02644,WIZ-03634,GLD-11,adept,2026-02-01,
MEM-02645,WIZ-03636,GLD-03,apprentice,2024-04-17,2024-12-25
MEM-02646,WIZ-03636,GLD-03,adept,2024-12-25,
MEM-02647,WIZ-03637,GLD-08,archmage,2026-03-17,
MEM-02648,WIZ-03638,GLD-07,Apprentice,2026-03-08,
MEM-02649,WIZ-03639,GLD-03,apprentice,2024-09-13,
MEM-02650,WIZ-03641,GLD-09,apprentice,2026-06-16,
MEM-02651,WIZ-03642,GLD-04,archmage,2026-04-11,
MEM-02652,WIZ-03644,GLD-03,adept,2024-08-24,
MEM-02653,WIZ-03645,GLD-05,APPRENTICE,2024-06-06,
MEM-02654,WIZ-03646,GLD-01,apprentice,2026-04-27,
MEM-02655,WIZ-03647,GLD-03,adept,2026-04-13,
MEM-02656,WIZ-03648,GLD-12,Adept,2024-07-11,
MEM-02657,WIZ-03649,GLD-03,apprentice,2025-07-12,2026-04-27
MEM-02658,WIZ-03649,GLD-03,adept,2026-04-27,
MEM-02659,WIZ-03650,GLD-05,apprentice,2025-08-13,
MEM-02660,WIZ-03653,GLD-08,apprentice,2025-12-10,
MEM-02661,WIZ-03656,GLD-09,adept,2025-12-31,
MEM-02662,WIZ-03657,GLD-09,apprentice,2024-02-25,
MEM-02663,WIZ-03658,GLD-09,Apprentice,2025-01-10,
MEM-02664,WIZ-03659,GLD-11,apprentice,2024-09-05,
MEM-02665,WIZ-03660,GLD-11,apprentice,2024-08-19,
MEM-02666,WIZ-03661,GLD-02,Apprentice,2025-01-29,2025-10-02
MEM-02667,WIZ-03661,GLD-02,Adept,2025-10-02,
MEM-02668,WIZ-03663,GLD-10,apprentice,2023-06-03,2024-09-15
MEM-02669,WIZ-03663,GLD-10,adept,2024-09-15,
MEM-02670,WIZ-03666,GLD-11,adept,2023-12-20,2024-06-25
MEM-02671,WIZ-03666,GLD-11,archmage,2024-06-25,
MEM-02672,WIZ-03667,GLD-10,apprentice,2025-03-22,
MEM-02673,WIZ-03669,GLD-12,adept,2026-01-27,
MEM-02674,WIZ-03670,GLD-01,archmage,2025-05-26,
MEM-02675,WIZ-03672,GLD-11,apprentice,2024-03-01,
MEM-02676,WIZ-03673,GLD-12,apprentice,2024-05-03,2026-02-09
MEM-02677,WIZ-03673,GLD-12,adept,2026-02-09,
MEM-02678,WIZ-03674,GLD-07,archmage,2026-02-28,
MEM-02679,WIZ-03675,GLD-04,Apprentice,2025-09-19,
MEM-02680,WIZ-03677,GLD-12,apprentice,2026-03-24,
MEM-02681,WIZ-03678,GLD-01,adept,2025-10-22,
MEM-02682,WIZ-03680,GLD-12,apprentice,2025-09-14,
MEM-02683,WIZ-03681,GLD-09,apprentice,2026-06-14,
MEM-02684,WIZ-03682,GLD-03,apprentice,2025-03-18,
MEM-02685,WIZ-03683,GLD-02,Apprentice,2025-07-19,2026-05-20
MEM-02686,WIZ-03683,GLD-02,Adept,2026-05-20,
MEM-02687,WIZ-03685,GLD-02,apprentice,2026-06-06,
MEM-02688,WIZ-03686,GLD-10,Apprentice,2025-11-02,
MEM-02689,WIZ-03688,GLD-12,Apprentice,2026-03-17,
MEM-02690,WIZ-03691,GLD-07,archmage,2024-04-16,
MEM-02691,WIZ-03692,GLD-11,Adept,2025-11-24,
MEM-02692,WIZ-03695,GLD-06,apprentice,2025-08-03,
MEM-02693,WIZ-03696,GLD-02,adept,2025-04-23,
MEM-02694,WIZ-03697,GLD-02,apprentice,2026-06-27,
MEM-02695,WIZ-03698,GLD-07,adept,2024-05-05,
MEM-02696,WIZ-03701,GLD-04,Adept,2026-03-07,
MEM-02697,WIZ-03702,GLD-02,adept,2026-06-10,
MEM-02698,WIZ-03703,GLD-08,apprentice,2025-05-16,
MEM-02699,WIZ-03704,GLD-10,Adept,2024-09-28,
MEM-02700,WIZ-03705,GLD-05,adept,2025-05-18,
MEM-02701,WIZ-03706,GLD-03,apprentice,2023-09-15,
MEM-02702,WIZ-03708,GLD-08,adept,2025-04-19,
MEM-02703,WIZ-03709,GLD-05,apprentice,2024-08-20,
MEM-02704,WIZ-03710,GLD-07,apprentice,2026-05-07,
MEM-02705,WIZ-03711,GLD-08,APPRENTICE,2024-01-15,
MEM-02706,WIZ-03712,GLD-12,apprentice,2023-05-21,
MEM-02707,WIZ-03713,GLD-06,apprentice,2026-06-28,
MEM-02708,WIZ-03714,GLD-02,apprentice,2023-11-04,
MEM-02709,WIZ-03715,GLD-06,adept,2026-05-10,
MEM-02710,WIZ-03717,GLD-05,apprentice,2025-10-24,
MEM-02711,WIZ-03719,GLD-05,Apprentice,2026-01-06,
MEM-02712,WIZ-03721,GLD-07,Apprentice,2026-04-06,
MEM-02713,WIZ-03722,GLD-12,APPRENTICE,2026-01-06,
MEM-02714,WIZ-03723,GLD-09,Archmage,2026-02-27,
MEM-02715,WIZ-03724,GLD-05,adept,2024-01-08,
MEM-02716,WIZ-03725,GLD-07,Apprentice,2024-03-10,
MEM-02717,WIZ-03726,GLD-06,APPRENTICE,2025-07-05,
MEM-02718,WIZ-03727,GLD-01,adept,2025-04-14,
MEM-02719,WIZ-03728,GLD-01,apprentice,2026-01-31,
MEM-02720,WIZ-03729,GLD-02,Apprentice,2025-02-17,
MEM-02721,WIZ-03731,GLD-07,apprentice,2024-04-14,
MEM-02722,WIZ-03733,GLD-12,archmage,2026-03-16,
MEM-02723,WIZ-03735,GLD-11,apprentice,2025-10-09,
MEM-02724,WIZ-03736,GLD-06,apprentice,2024-08-31,
MEM-02725,WIZ-03737,GLD-12,Apprentice,2025-02-12,2025-06-26
MEM-02726,WIZ-03737,GLD-12,adept,2025-06-26,
MEM-02727,WIZ-03738,GLD-05,archmage,2025-04-21,
MEM-02728,WIZ-03741,GLD-04,apprentice,2023-05-20,2024-12-18
MEM-02729,WIZ-03741,GLD-04,adept,2024-12-18,
MEM-02730,WIZ-03743,GLD-04,apprentice,2025-06-21,
MEM-02731,WIZ-03744,GLD-03,adept,2024-07-05,2025-12-23
MEM-02732,WIZ-03744,GLD-03,archmage,2025-12-23,
MEM-02733,WIZ-03745,GLD-10,ADEPT,2025-01-30,
MEM-02734,WIZ-03748,GLD-07,APPRENTICE,2026-03-26,
MEM-02735,WIZ-03752,GLD-09,adept,2026-05-28,
MEM-02736,WIZ-03753,GLD-03,apprentice,2025-04-03,
MEM-02737,WIZ-03756,GLD-09,apprentice,2023-08-19,
MEM-02738,WIZ-03757,GLD-07,apprentice,2026-06-01,
MEM-02739,WIZ-03758,GLD-05,apprentice,2025-09-25,
MEM-02740,WIZ-03759,GLD-02,Adept,2023-11-19,
MEM-02741,WIZ-03760,GLD-04,adept,2025-04-27,2026-03-05
MEM-02742,WIZ-03760,GLD-04,Archmage,2026-03-05,
MEM-02743,WIZ-03761,GLD-02,Adept,2026-05-12,
MEM-02744,WIZ-03763,GLD-07,archmage,2026-06-23,
MEM-02745,WIZ-03764,GLD-09,adept,2026-05-23,
MEM-02746,WIZ-03767,GLD-05,Apprentice,2025-01-08,
MEM-02747,WIZ-03768,GLD-09,apprentice,2025-05-18,2025-06-19
MEM-02748,WIZ-03768,GLD-09,adept,2025-06-19,
MEM-02749,WIZ-03769,GLD-04,adept,2025-07-29,
MEM-02750,WIZ-03771,GLD-04,apprentice,2026-04-27,
MEM-02751,WIZ-03772,GLD-06,apprentice,2025-07-26,
MEM-02752,WIZ-03773,GLD-04,Apprentice,2024-01-23,
MEM-02753,WIZ-03774,GLD-08,adept,2026-05-18,
MEM-02754,WIZ-03776,GLD-09,Apprentice,2024-02-24,
MEM-02755,WIZ-03777,GLD-07,archmage,2025-07-01,
MEM-02756,WIZ-03778,GLD-09,adept,2025-07-27,
MEM-02757,WIZ-03779,GLD-04,adept,2023-05-01,
MEM-02758,WIZ-03780,GLD-10,adept,2024-11-01,
MEM-02759,WIZ-03781,GLD-01,apprentice,2024-09-14,
MEM-02760,WIZ-03783,GLD-12,apprentice,2024-01-04,
MEM-02761,WIZ-03785,GLD-10,apprentice,2025-09-02,
MEM-02762,WIZ-03786,GLD-01,adept,2026-06-26,
MEM-02763,WIZ-03787,GLD-07,Apprentice,2026-03-23,2026-05-11
MEM-02764,WIZ-03787,GLD-07,adept,2026-05-11,
MEM-02765,WIZ-03788,GLD-08,adept,2025-02-27,
MEM-02766,WIZ-03790,GLD-02,apprentice,2024-08-30,
MEM-02767,WIZ-03792,GLD-05,apprentice,2025-12-27,
MEM-02768,WIZ-03793,GLD-01,apprentice,2025-07-12,
MEM-02769,WIZ-03794,GLD-12,APPRENTICE,2024-10-12,
MEM-02770,WIZ-03797,GLD-09,adept,2025-12-14,
MEM-02771,WIZ-03798,GLD-11,adept,2026-03-08,
MEM-02772,WIZ-03799,GLD-03,apprentice,2025-09-01,
MEM-02773,WIZ-03800,GLD-05,archmage,2025-09-09,
MEM-02774,WIZ-03801,GLD-12,APPRENTICE,2024-02-28,
MEM-02775,WIZ-03802,GLD-11,adept,2024-10-18,
MEM-02776,WIZ-03803,GLD-10,archmage,2024-07-10,
MEM-02777,WIZ-03804,GLD-06,apprentice,2025-11-28,
MEM-02778,WIZ-03805,GLD-02,apprentice,2025-06-24,
MEM-02779,WIZ-03806,GLD-03,adept,2025-10-09,
MEM-02780,WIZ-03807,GLD-04,apprentice,2025-11-03,
MEM-02781,WIZ-03811,GLD-03,apprentice,2024-02-05,
MEM-02782,WIZ-03812,GLD-03,apprentice,2023-10-10,
MEM-02783,WIZ-03813,GLD-08,APPRENTICE,2025-09-09,
MEM-02784,WIZ-03815,GLD-07,apprentice,2026-03-16,
MEM-02785,WIZ-03818,GLD-02,apprentice,2025-02-13,
MEM-02786,WIZ-03820,GLD-08,apprentice,2025-04-12,
MEM-02787,WIZ-03821,GLD-10,apprentice,2026-02-28,
MEM-02788,WIZ-03822,GLD-09,apprentice,2026-03-19,
MEM-02789,WIZ-03824,GLD-04,APPRENTICE,2026-03-17,2026-05-28
MEM-02790,WIZ-03824,GLD-04,Adept,2026-05-28,
MEM-02791,WIZ-03827,GLD-09,apprentice,2025-09-07,2025-12-04
MEM-02792,WIZ-03827,GLD-09,adept,2025-12-04,
MEM-02793,WIZ-03829,GLD-08,adept,2025-03-26,
MEM-02794,WIZ-03831,GLD-04,apprentice,2024-06-20,
MEM-02795,WIZ-03832,GLD-05,adept,2025-07-04,
MEM-02796,WIZ-03833,GLD-07,Adept,2023-09-25,
MEM-02797,WIZ-03834,GLD-11,apprentice,2026-02-24,
MEM-02798,WIZ-03835,GLD-12,Apprentice,2025-12-17,2026-02-15
MEM-02799,WIZ-03835,GLD-12,adept,2026-02-15,
MEM-02800,WIZ-03836,GLD-01,adept,2026-04-25,
MEM-02801,WIZ-03837,GLD-06,archmage,2026-01-30,
MEM-02802,WIZ-03838,GLD-12,APPRENTICE,2026-05-12,
MEM-02803,WIZ-03839,GLD-12,apprentice,2024-09-06,
MEM-02804,WIZ-03843,GLD-02,apprentice,2026-04-10,2026-06-21
MEM-02805,WIZ-03843,GLD-02,adept,2026-06-21,
MEM-02806,WIZ-03844,GLD-09,archmage,2025-07-25,
MEM-02807,WIZ-03846,GLD-12,adept,2026-05-11,
MEM-02808,WIZ-03847,GLD-03,Apprentice,2024-11-21,
MEM-02809,WIZ-03848,GLD-12,apprentice,2026-04-12,
MEM-02810,WIZ-03849,GLD-10,archmage,2023-12-16,
MEM-02811,WIZ-03850,GLD-08,APPRENTICE,2025-02-05,
MEM-02812,WIZ-03851,GLD-08,apprentice,2024-05-05,
MEM-02813,WIZ-03853,GLD-09,APPRENTICE,2025-11-15,
MEM-02814,WIZ-03854,GLD-08,apprentice,2023-12-15,2024-07-09
MEM-02815,WIZ-03854,GLD-08,adept,2024-07-09,
MEM-02816,WIZ-03856,GLD-04,apprentice,2025-07-02,
MEM-02817,WIZ-03858,GLD-01,apprentice,2025-09-02,
MEM-02818,WIZ-03859,GLD-02,APPRENTICE,2025-03-12,
MEM-02819,WIZ-03861,GLD-02,Apprentice,2025-09-03,
MEM-02820,WIZ-03862,GLD-06,archmage,2023-08-04,
MEM-02821,WIZ-03863,GLD-05,apprentice,2024-08-09,
MEM-02822,WIZ-03864,GLD-04,Adept,2024-07-29,
MEM-02823,WIZ-03867,GLD-11,apprentice,2025-05-10,
MEM-02824,WIZ-03870,GLD-03,APPRENTICE,2026-06-16,
MEM-02825,WIZ-03873,GLD-12,Archmage,2024-11-28,
MEM-02826,WIZ-03874,GLD-01,adept,2023-06-02,
MEM-02827,WIZ-03875,GLD-01,apprentice,2025-08-08,
MEM-02828,WIZ-03876,GLD-05,archmage,2024-01-13,
MEM-02829,WIZ-03877,GLD-03,apprentice,2024-11-17,
MEM-02830,WIZ-03878,GLD-04,APPRENTICE,2024-09-16,
MEM-02831,WIZ-03879,GLD-08,apprentice,2024-09-12,
MEM-02832,WIZ-03880,GLD-06,adept,2024-05-13,
MEM-02833,WIZ-03882,GLD-06,apprentice,2023-11-17,
MEM-02834,WIZ-03884,GLD-11,apprentice,2024-11-11,
MEM-02835,WIZ-03885,GLD-07,apprentice,2024-08-28,
MEM-02836,WIZ-03887,GLD-03,Archmage,2026-05-28,
MEM-02837,WIZ-03890,GLD-09,adept,2024-03-10,
MEM-02838,WIZ-03891,GLD-11,apprentice,2024-07-27,2024-11-08
MEM-02839,WIZ-03891,GLD-11,adept,2024-11-08,
MEM-02840,WIZ-03892,GLD-06,apprentice,2024-05-18,
MEM-02841,WIZ-03893,GLD-04,apprentice,2026-01-21,
MEM-02842,WIZ-03894,GLD-11,apprentice,2024-01-24,
MEM-02843,WIZ-03895,GLD-06,apprentice,2026-06-12,
MEM-02844,WIZ-03897,GLD-12,adept,2024-07-04,
MEM-02845,WIZ-03898,GLD-03,adept,2023-09-02,
MEM-02846,WIZ-03899,GLD-12,ADEPT,2026-02-22,
MEM-02847,WIZ-03900,GLD-02,apprentice,2026-06-02,
MEM-02848,WIZ-03902,GLD-06,apprentice,2024-06-18,
MEM-02849,WIZ-03904,GLD-04,adept,2023-07-11,
MEM-02850,WIZ-03905,GLD-11,archmage,2024-11-02,
MEM-02851,WIZ-03906,GLD-05,adept,2025-09-22,
MEM-02852,WIZ-03907,GLD-04,apprentice,2026-05-02,
MEM-02853,WIZ-03908,GLD-04,apprentice,2026-03-12,
MEM-02854,WIZ-03909,GLD-07,apprentice,2025-04-05,
MEM-02855,WIZ-03910,GLD-07,Archmage,2026-04-08,
MEM-02856,WIZ-03913,GLD-10,APPRENTICE,2024-03-01,
MEM-02857,WIZ-03914,GLD-05,Apprentice,2026-01-29,
MEM-02858,WIZ-03917,GLD-08,apprentice,2024-02-22,
MEM-02859,WIZ-03918,GLD-08,adept,2026-03-29,2026-05-26
MEM-02860,WIZ-03918,GLD-08,archmage,2026-05-26,
MEM-02861,WIZ-03919,GLD-05,adept,2026-06-20,
MEM-02862,WIZ-03920,GLD-05,apprentice,2025-04-15,
MEM-02863,WIZ-03921,GLD-08,apprentice,2025-04-11,
MEM-02864,WIZ-03922,GLD-06,adept,2023-07-09,
MEM-02865,WIZ-03923,GLD-02,Adept,2025-12-27,2026-03-31
MEM-02866,WIZ-03923,GLD-02,Archmage,2026-03-31,
MEM-02867,WIZ-03924,GLD-08,ADEPT,2025-07-15,
MEM-02868,WIZ-03925,GLD-06,apprentice,2026-02-13,
MEM-02869,WIZ-03926,GLD-04,Apprentice,2026-05-18,
MEM-02870,WIZ-03927,GLD-05,Adept,2024-02-23,2024-03-30
MEM-02871,WIZ-03927,GLD-05,archmage,2024-03-30,
MEM-02872,WIZ-03929,GLD-08,apprentice,2023-06-03,
MEM-02873,WIZ-03931,GLD-10,adept,2024-03-16,
MEM-02874,WIZ-03933,GLD-02,apprentice,2024-01-15,2024-02-27
MEM-02875,WIZ-03933,GLD-02,Adept,2024-02-27,
MEM-02876,WIZ-03934,GLD-11,Archmage,2024-07-20,
MEM-02877,WIZ-03935,GLD-01,archmage,2026-05-26,
MEM-02878,WIZ-03936,GLD-04,Apprentice,2025-08-12,
MEM-02879,WIZ-03938,GLD-08,adept,2025-06-22,
MEM-02880,WIZ-03939,GLD-12,apprentice,2026-05-30,
MEM-02881,WIZ-03940,GLD-01,Apprentice,2026-06-24,
MEM-02882,WIZ-03942,GLD-05,Adept,2024-08-25,
MEM-02883,WIZ-03944,GLD-01,Apprentice,2024-10-15,
MEM-02884,WIZ-03945,GLD-05,ADEPT,2024-04-08,
MEM-02885,WIZ-03947,GLD-01,apprentice,2025-01-27,
MEM-02886,WIZ-03948,GLD-08,Apprentice,2025-10-25,
MEM-02887,WIZ-03949,GLD-11,Apprentice,2023-10-10,
MEM-02888,WIZ-03950,GLD-06,apprentice,2024-10-03,
MEM-02889,WIZ-03953,GLD-12,Apprentice,2023-11-30,2025-02-19
MEM-02890,WIZ-03953,GLD-12,Adept,2025-02-19,
MEM-02891,WIZ-03954,GLD-04,apprentice,2025-10-11,2025-11-26
MEM-02892,WIZ-03954,GLD-04,adept,2025-11-26,
MEM-02893,WIZ-03956,GLD-10,apprentice,2025-09-01,
MEM-02894,WIZ-03957,GLD-12,apprentice,2024-11-09,
MEM-02895,WIZ-03958,GLD-01,apprentice,2026-05-07,
MEM-02896,WIZ-03959,GLD-06,archmage,2025-10-27,
MEM-02897,WIZ-03962,GLD-07,adept,2025-08-14,
MEM-02898,WIZ-03965,GLD-03,adept,2026-06-02,
MEM-02899,WIZ-03967,GLD-11,Apprentice,2024-08-11,
MEM-02900,WIZ-03971,GLD-08,apprentice,2024-10-24,
MEM-02901,WIZ-03972,GLD-11,apprentice,2025-01-16,2026-04-03
MEM-02902,WIZ-03972,GLD-11,adept,2026-04-03,
MEM-02903,WIZ-03973,GLD-02,APPRENTICE,2026-06-22,
MEM-02904,WIZ-03974,GLD-07,APPRENTICE,2024-04-19,2024-06-17
MEM-02905,WIZ-03974,GLD-07,adept,2024-06-17,
MEM-02906,WIZ-03977,GLD-08,Apprentice,2026-05-26,
MEM-02907,WIZ-03978,GLD-07,apprentice,2025-08-04,
MEM-02908,WIZ-03979,GLD-06,apprentice,2023-11-05,
MEM-02909,WIZ-03980,GLD-06,apprentice,2024-06-07,
MEM-02910,WIZ-03982,GLD-02,Adept,2026-04-04,
MEM-02911,WIZ-03983,GLD-03,apprentice,2024-06-10,
MEM-02912,WIZ-03984,GLD-09,archmage,2026-04-12,
MEM-02913,WIZ-03986,GLD-03,archmage,2026-01-26,
MEM-02914,WIZ-03987,GLD-06,archmage,2026-05-18,
MEM-02915,WIZ-03988,GLD-11,apprentice,2023-07-16,
MEM-02916,WIZ-03990,GLD-06,apprentice,2024-04-20,
MEM-02917,WIZ-03991,GLD-09,apprentice,2026-05-23,
MEM-02918,WIZ-03993,GLD-11,APPRENTICE,2026-03-21,
MEM-02919,WIZ-03995,GLD-08,Adept,2026-03-10,
MEM-02920,WIZ-03998,GLD-07,APPRENTICE,2025-03-23,2025-10-09
MEM-02921,WIZ-03998,GLD-07,adept,2025-10-09,
MEM-02922,WIZ-03999,GLD-05,Adept,2026-03-16,
MEM-02923,WIZ-04000,GLD-08,archmage,2024-11-17,
MEM-02924,WIZ-04002,GLD-09,adept,2024-01-13,2024-02-18
MEM-02925,WIZ-04002,GLD-09,Archmage,2024-02-18,
MEM-02926,WIZ-04003,GLD-10,apprentice,2026-01-27,
MEM-02927,WIZ-04004,GLD-11,adept,2023-05-12,
MEM-02928,WIZ-04006,GLD-05,apprentice,2023-04-17,
MEM-02929,WIZ-04007,GLD-06,adept,2024-08-28,
MEM-02930,WIZ-04010,GLD-07,Adept,2026-02-08,
MEM-02931,WIZ-04011,GLD-03,adept,2024-11-25,
MEM-02932,WIZ-04014,GLD-03,Apprentice,2025-08-05,
MEM-02933,WIZ-04015,GLD-10,apprentice,2026-03-26,
MEM-02934,WIZ-04016,GLD-02,apprentice,2024-11-04,
MEM-02935,WIZ-04017,GLD-06,apprentice,2026-02-16,
MEM-02936,WIZ-04020,GLD-05,apprentice,2026-02-27,
MEM-02937,WIZ-04021,GLD-09,APPRENTICE,2024-06-24,2026-05-06
MEM-02938,WIZ-04021,GLD-09,Adept,2026-05-06,
MEM-02939,WIZ-04022,GLD-09,Apprentice,2025-10-09,
MEM-02940,WIZ-04024,GLD-02,apprentice,2025-01-13,
MEM-02941,WIZ-04025,GLD-06,apprentice,2024-12-20,
MEM-02942,WIZ-04026,GLD-05,apprentice,2025-04-01,
MEM-02943,WIZ-04027,GLD-09,APPRENTICE,2026-06-07,
MEM-02944,WIZ-04029,GLD-12,adept,2025-04-23,
MEM-02945,WIZ-04030,GLD-12,archmage,2023-02-06,
MEM-02946,WIZ-04031,GLD-08,Apprentice,2023-11-08,
MEM-02947,WIZ-04032,GLD-06,Apprentice,2026-05-29,
MEM-02948,WIZ-04033,GLD-11,Apprentice,2026-01-16,2026-05-21
MEM-02949,WIZ-04033,GLD-11,adept,2026-05-21,
MEM-02950,WIZ-04037,GLD-05,apprentice,2025-07-06,
MEM-02951,WIZ-04039,GLD-02,APPRENTICE,2026-03-15,
MEM-02952,WIZ-04041,GLD-07,adept,2024-03-29,
MEM-02953,WIZ-04043,GLD-08,adept,2026-03-04,
MEM-02954,WIZ-04044,GLD-07,Apprentice,2024-05-06,2025-01-05
MEM-02955,WIZ-04044,GLD-07,adept,2025-01-05,
MEM-02956,WIZ-04046,GLD-03,adept,2024-09-21,
MEM-02957,WIZ-04047,GLD-06,apprentice,2024-05-21,
MEM-02958,WIZ-04048,GLD-07,APPRENTICE,2025-07-26,
MEM-02959,WIZ-04050,GLD-08,adept,2024-07-06,
MEM-02960,WIZ-04051,GLD-02,archmage,2026-06-11,
MEM-02961,WIZ-04052,GLD-07,apprentice,2024-09-01,2025-02-28
MEM-02962,WIZ-04052,GLD-07,adept,2025-02-28,
MEM-02963,WIZ-04053,GLD-06,adept,2024-01-26,
MEM-02964,WIZ-04055,GLD-09,apprentice,2025-05-05,
MEM-02965,WIZ-04056,GLD-05,adept,2025-06-09,
MEM-02966,WIZ-04057,GLD-12,Apprentice,2026-02-16,
MEM-02967,WIZ-04058,GLD-09,adept,2026-02-01,
MEM-02968,WIZ-04060,GLD-05,adept,2024-07-08,
MEM-02969,WIZ-04063,GLD-04,adept,2025-03-26,
MEM-02970,WIZ-04065,GLD-05,apprentice,2025-08-15,
MEM-02971,WIZ-04066,GLD-01,apprentice,2026-04-06,
MEM-02972,WIZ-04068,GLD-09,apprentice,2024-04-02,2025-11-06
MEM-02973,WIZ-04068,GLD-09,adept,2025-11-06,
MEM-02974,WIZ-04069,GLD-04,Apprentice,2025-11-26,2026-03-17
MEM-02975,WIZ-04069,GLD-04,adept,2026-03-17,
MEM-02976,WIZ-04070,GLD-11,ADEPT,2024-08-28,
MEM-02977,WIZ-04071,GLD-01,apprentice,2024-01-03,
MEM-02978,WIZ-04072,GLD-07,ADEPT,2024-05-30,
MEM-02979,WIZ-04073,GLD-06,Apprentice,2024-06-05,
MEM-02980,WIZ-04074,GLD-02,Apprentice,2023-05-18,2024-12-12
MEM-02981,WIZ-04074,GLD-02,Adept,2024-12-12,
MEM-02982,WIZ-04075,GLD-02,adept,2025-12-05,
MEM-02983,WIZ-04077,GLD-10,adept,2026-04-24,
MEM-02984,WIZ-04078,GLD-03,Apprentice,2024-09-07,
MEM-02985,WIZ-04080,GLD-11,Adept,2026-04-29,
MEM-02986,WIZ-04081,GLD-11,adept,2025-11-12,
MEM-02987,WIZ-04083,GLD-05,adept,2026-04-19,
MEM-02988,WIZ-04084,GLD-03,APPRENTICE,2026-03-08,
MEM-02989,WIZ-04085,GLD-05,adept,2026-04-22,
MEM-02990,WIZ-04088,GLD-11,apprentice,2026-06-01,
MEM-02991,WIZ-04089,GLD-04,apprentice,2024-01-13,
MEM-02992,WIZ-04092,GLD-07,apprentice,2026-05-20,
MEM-02993,WIZ-04093,GLD-02,adept,2026-05-06,
MEM-02994,WIZ-04094,GLD-08,apprentice,2026-04-12,
MEM-02995,WIZ-04096,GLD-01,adept,2026-01-17,
MEM-02996,WIZ-04097,GLD-02,apprentice,2024-12-14,
MEM-02997,WIZ-04098,GLD-10,apprentice,2024-08-15,
MEM-02998,WIZ-04101,GLD-05,apprentice,2025-10-03,
MEM-02999,WIZ-04102,GLD-01,Adept,2026-04-02,
MEM-03000,WIZ-04103,GLD-09,apprentice,2025-12-10,
MEM-03001,WIZ-04104,GLD-09,ARCHMAGE,2023-10-26,
MEM-03002,WIZ-04107,GLD-09,adept,2026-05-14,
MEM-03003,WIZ-04108,GLD-12,Apprentice,2024-05-30,
MEM-03004,WIZ-04110,GLD-03,apprentice,2026-05-05,
MEM-03005,WIZ-04112,GLD-05,apprentice,2026-01-14,
MEM-03006,WIZ-04116,GLD-05,apprentice,2025-12-07,
MEM-03007,WIZ-04117,GLD-12,apprentice,2025-08-13,2025-12-16
MEM-03008,WIZ-04117,GLD-12,Adept,2025-12-16,
MEM-03009,WIZ-04121,GLD-08,apprentice,2023-10-06,
MEM-03010,WIZ-04122,GLD-02,apprentice,2026-01-24,2026-05-15
MEM-03011,WIZ-04122,GLD-02,adept,2026-05-15,
MEM-03012,WIZ-04126,GLD-09,apprentice,2025-08-03,
MEM-03013,WIZ-04127,GLD-09,apprentice,2024-04-11,
MEM-03014,WIZ-04131,GLD-02,apprentice,2025-10-28,
MEM-03015,WIZ-04133,GLD-07,adept,2024-04-16,
MEM-03016,WIZ-04134,GLD-08,apprentice,2026-06-26,
MEM-03017,WIZ-04135,GLD-02,apprentice,2025-07-01,
MEM-03018,WIZ-04136,GLD-11,adept,2024-06-10,
MEM-03019,WIZ-04137,GLD-11,apprentice,2026-06-19,
MEM-03020,WIZ-04138,GLD-11,apprentice,2026-05-17,
MEM-03021,WIZ-04139,GLD-03,Archmage,2025-03-24,
MEM-03022,WIZ-04141,GLD-06,archmage,2026-06-02,
MEM-03023,WIZ-04142,GLD-11,apprentice,2023-10-02,
MEM-03024,WIZ-04143,GLD-02,Apprentice,2024-09-17,2025-10-03
MEM-03025,WIZ-04143,GLD-02,adept,2025-10-03,
MEM-03026,WIZ-04144,GLD-02,Apprentice,2025-01-16,
MEM-03027,WIZ-04146,GLD-02,adept,2025-10-30,
MEM-03028,WIZ-04149,GLD-01,apprentice,2025-10-03,
MEM-03029,WIZ-04150,GLD-11,adept,2026-01-03,2026-02-22
MEM-03030,WIZ-04150,GLD-11,archmage,2026-02-22,
MEM-03031,WIZ-04151,GLD-06,apprentice,2026-06-16,
MEM-03032,WIZ-04152,GLD-01,archmage,2026-01-22,
MEM-03033,WIZ-04155,GLD-08,apprentice,2025-01-06,
MEM-03034,WIZ-04157,GLD-07,Apprentice,2025-08-24,
MEM-03035,WIZ-04160,GLD-02,Apprentice,2026-02-23,
MEM-03036,WIZ-04161,GLD-07,apprentice,2024-11-17,2026-02-20
MEM-03037,WIZ-04161,GLD-07,Adept,2026-02-20,
MEM-03038,WIZ-04162,GLD-03,adept,2024-08-20,
MEM-03039,WIZ-04163,GLD-04,apprentice,2026-03-28,
MEM-03040,WIZ-04166,GLD-11,Adept,2023-11-26,2025-02-25
MEM-03041,WIZ-04166,GLD-11,archmage,2025-02-25,
MEM-03042,WIZ-04168,GLD-11,Adept,2026-05-15,
MEM-03043,WIZ-04169,GLD-11,archmage,2024-10-15,
MEM-03044,WIZ-04170,GLD-09,Apprentice,2025-07-17,
MEM-03045,WIZ-04171,GLD-08,adept,2023-09-09,
MEM-03046,WIZ-04172,GLD-11,apprentice,2026-02-28,
MEM-03047,WIZ-04173,GLD-07,apprentice,2026-06-20,
MEM-03048,WIZ-04174,GLD-06,apprentice,2023-10-18,2024-12-20
MEM-03049,WIZ-04174,GLD-06,adept,2024-12-20,
MEM-03050,WIZ-04175,GLD-02,Adept,2026-06-17,
MEM-03051,WIZ-04176,GLD-11,apprentice,2025-02-13,
MEM-03052,WIZ-04177,GLD-11,Apprentice,2025-08-21,
MEM-03053,WIZ-04179,GLD-10,adept,2026-06-30,
MEM-03054,WIZ-04182,GLD-09,archmage,2023-05-14,
MEM-03055,WIZ-04184,GLD-09,apprentice,2023-12-28,
MEM-03056,WIZ-04188,GLD-11,Apprentice,2024-11-14,
MEM-03057,WIZ-04189,GLD-12,ARCHMAGE,2025-04-17,
MEM-03058,WIZ-04190,GLD-01,adept,2026-05-10,
MEM-03059,WIZ-04191,GLD-04,APPRENTICE,2023-12-19,
MEM-03060,WIZ-04192,GLD-02,archmage,2023-10-18,
MEM-03061,WIZ-04193,GLD-06,apprentice,2023-07-24,
MEM-03062,WIZ-04194,GLD-08,apprentice,2025-10-21,
MEM-03063,WIZ-04195,GLD-03,apprentice,2026-02-05,
MEM-03064,WIZ-04196,GLD-05,APPRENTICE,2023-09-02,
MEM-03065,WIZ-04197,GLD-04,apprentice,2024-10-06,
MEM-03066,WIZ-04200,GLD-12,apprentice,2023-12-28,
MEM-03067,WIZ-04202,GLD-04,Adept,2026-06-06,
MEM-03068,WIZ-04204,GLD-09,Apprentice,2024-11-06,
MEM-03069,WIZ-04206,GLD-10,adept,2024-05-13,
MEM-03070,WIZ-04207,GLD-04,Apprentice,2026-01-24,
MEM-03071,WIZ-04209,GLD-06,apprentice,2025-03-11,
MEM-03072,WIZ-04211,GLD-03,apprentice,2024-03-27,
MEM-03073,WIZ-04213,GLD-09,adept,2026-06-09,
MEM-03074,WIZ-04214,GLD-07,apprentice,2025-08-29,
MEM-03075,WIZ-04216,GLD-08,apprentice,2026-04-03,
MEM-03076,WIZ-04218,GLD-03,Apprentice,2026-05-01,2026-06-08
MEM-03077,WIZ-04218,GLD-03,adept,2026-06-08,
MEM-03078,WIZ-04221,GLD-08,apprentice,2023-12-04,
MEM-03079,WIZ-04222,GLD-08,Apprentice,2026-02-01,
MEM-03080,WIZ-04224,GLD-09,Apprentice,2025-01-31,
MEM-03081,WIZ-04225,GLD-12,apprentice,2026-02-02,2026-06-15
MEM-03082,WIZ-04225,GLD-12,Adept,2026-06-15,
MEM-03083,WIZ-04226,GLD-10,apprentice,2025-07-29,
MEM-03084,WIZ-04227,GLD-03,apprentice,2024-09-23,
MEM-03085,WIZ-04228,GLD-12,Adept,2024-01-16,2025-10-25
MEM-03086,WIZ-04228,GLD-12,archmage,2025-10-25,
MEM-03087,WIZ-04229,GLD-03,Adept,2026-04-19,
MEM-03088,WIZ-04230,GLD-05,apprentice,2025-11-16,
MEM-03089,WIZ-04231,GLD-09,Apprentice,2024-05-23,
MEM-03090,WIZ-04233,GLD-07,APPRENTICE,2025-01-21,
MEM-03091,WIZ-04235,GLD-10,ADEPT,2024-03-06,
MEM-03092,WIZ-04240,GLD-09,apprentice,2026-03-28,
MEM-03093,WIZ-04243,GLD-11,Apprentice,2025-01-27,2026-05-08
MEM-03094,WIZ-04243,GLD-11,adept,2026-05-08,
MEM-03095,WIZ-04244,GLD-08,Apprentice,2025-09-14,
MEM-03096,WIZ-04245,GLD-05,apprentice,2023-06-29,
MEM-03097,WIZ-04246,GLD-07,archmage,2025-08-30,
MEM-03098,WIZ-04247,GLD-12,Adept,2025-06-16,
MEM-03099,WIZ-04249,GLD-04,adept,2024-05-22,
MEM-03100,WIZ-04252,GLD-12,adept,2026-02-03,
MEM-03101,WIZ-04255,GLD-02,ADEPT,2025-05-08,
MEM-03102,WIZ-04256,GLD-10,Adept,2026-06-28,
MEM-03103,WIZ-04257,GLD-03,apprentice,2024-10-07,
MEM-03104,WIZ-04258,GLD-11,apprentice,2025-04-01,
MEM-03105,WIZ-04259,GLD-06,apprentice,2025-02-21,
MEM-03106,WIZ-04261,GLD-10,apprentice,2024-11-14,2025-07-09
MEM-03107,WIZ-04261,GLD-10,Adept,2025-07-09,
MEM-03108,WIZ-04262,GLD-12,apprentice,2024-03-20,
MEM-03109,WIZ-04263,GLD-12,APPRENTICE,2025-11-25,
MEM-03110,WIZ-04264,GLD-07,adept,2023-12-16,
MEM-03111,WIZ-04266,GLD-08,apprentice,2025-03-11,
MEM-03112,WIZ-04268,GLD-02,adept,2024-05-22,
MEM-03113,WIZ-04269,GLD-11,apprentice,2025-12-18,
MEM-03114,WIZ-04270,GLD-08,apprentice,2026-02-07,
MEM-03115,WIZ-04271,GLD-01,Apprentice,2026-02-01,
MEM-03116,WIZ-04272,GLD-08,adept,2026-06-22,
MEM-03117,WIZ-04274,GLD-08,apprentice,2024-08-27,
MEM-03118,WIZ-04275,GLD-01,apprentice,2026-01-22,2026-03-11
MEM-03119,WIZ-04275,GLD-01,Adept,2026-03-11,
MEM-03120,WIZ-04277,GLD-09,archmage,2025-06-23,
MEM-03121,WIZ-04278,GLD-03,archmage,2025-10-02,
MEM-03122,WIZ-04279,GLD-07,adept,2025-01-17,
MEM-03123,WIZ-04280,GLD-02,adept,2024-08-30,
MEM-03124,WIZ-04281,GLD-07,adept,2024-07-15,
MEM-03125,WIZ-04282,GLD-11,adept,2024-04-18,
MEM-03126,WIZ-04284,GLD-09,apprentice,2025-08-12,
MEM-03127,WIZ-04286,GLD-06,adept,2024-10-31,
MEM-03128,WIZ-04287,GLD-12,apprentice,2024-10-08,2025-03-24
MEM-03129,WIZ-04287,GLD-12,Adept,2025-03-24,
MEM-03130,WIZ-04288,GLD-03,APPRENTICE,2024-01-15,2024-12-12
MEM-03131,WIZ-04288,GLD-03,adept,2024-12-12,
MEM-03132,WIZ-04289,GLD-09,apprentice,2023-11-03,
MEM-03133,WIZ-04290,GLD-12,apprentice,2026-04-05,
MEM-03134,WIZ-04292,GLD-12,apprentice,2023-08-11,
MEM-03135,WIZ-04294,GLD-06,apprentice,2025-03-09,
MEM-03136,WIZ-04295,GLD-09,Adept,2024-08-25,
MEM-03137,WIZ-04296,GLD-06,apprentice,2025-08-26,
MEM-03138,WIZ-04297,GLD-07,apprentice,2026-05-10,
MEM-03139,WIZ-04298,GLD-09,adept,2026-03-14,2026-05-05
MEM-03140,WIZ-04298,GLD-09,archmage,2026-05-05,
MEM-03141,WIZ-04301,GLD-12,apprentice,2024-06-30,
MEM-03142,WIZ-04302,GLD-08,adept,2025-10-05,2026-05-04
MEM-03143,WIZ-04302,GLD-08,archmage,2026-05-04,
MEM-03144,WIZ-04303,GLD-05,apprentice,2026-06-13,
MEM-03145,WIZ-04304,GLD-02,apprentice,2024-12-11,
MEM-03146,WIZ-04305,GLD-02,apprentice,2025-06-27,
MEM-03147,WIZ-04306,GLD-11,apprentice,2024-11-04,2025-02-03
MEM-03148,WIZ-04306,GLD-11,adept,2025-02-03,
MEM-03149,WIZ-04308,GLD-12,Adept,2025-02-19,
MEM-03150,WIZ-04309,GLD-07,Adept,2025-01-07,
MEM-03151,WIZ-04311,GLD-02,apprentice,2026-03-11,
MEM-03152,WIZ-04314,GLD-07,apprentice,2025-10-28,
MEM-03153,WIZ-04316,GLD-05,ADEPT,2026-06-30,
MEM-03154,WIZ-04317,GLD-01,apprentice,2025-05-23,
MEM-03155,WIZ-04318,GLD-02,Archmage,2023-11-24,
MEM-03156,WIZ-04319,GLD-10,apprentice,2026-01-26,
MEM-03157,WIZ-04322,GLD-07,adept,2025-09-30,
MEM-03158,WIZ-04324,GLD-12,adept,2025-09-18,
MEM-03159,WIZ-04325,GLD-06,APPRENTICE,2026-04-12,
MEM-03160,WIZ-04326,GLD-12,apprentice,2025-12-30,2026-03-31
MEM-03161,WIZ-04326,GLD-12,Adept,2026-03-31,
MEM-03162,WIZ-04327,GLD-03,adept,2024-01-08,
MEM-03163,WIZ-04328,GLD-01,apprentice,2023-06-18,2024-03-01
MEM-03164,WIZ-04328,GLD-01,Adept,2024-03-01,
MEM-03165,WIZ-04329,GLD-03,apprentice,2024-02-24,
MEM-03166,WIZ-04331,GLD-02,apprentice,2024-03-13,
MEM-03167,WIZ-04334,GLD-04,apprentice,2024-07-05,2026-02-26
MEM-03168,WIZ-04334,GLD-04,adept,2026-02-26,
MEM-03169,WIZ-04335,GLD-12,Apprentice,2026-06-07,
MEM-03170,WIZ-04336,GLD-04,Apprentice,2026-05-12,
MEM-03171,WIZ-04337,GLD-09,Apprentice,2025-05-15,2026-06-14
MEM-03172,WIZ-04337,GLD-09,adept,2026-06-14,
MEM-03173,WIZ-04338,GLD-03,adept,2023-07-10,2023-10-30
MEM-03174,WIZ-04338,GLD-03,ARCHMAGE,2023-10-30,
MEM-03175,WIZ-04340,GLD-11,apprentice,2025-09-17,
MEM-03176,WIZ-04341,GLD-03,apprentice,2025-08-01,
MEM-03177,WIZ-04343,GLD-07,Apprentice,2025-05-17,
MEM-03178,WIZ-04344,GLD-05,adept,2025-01-22,
MEM-03179,WIZ-04346,GLD-04,apprentice,2026-03-27,
MEM-03180,WIZ-04347,GLD-02,apprentice,2024-12-19,2026-04-24
MEM-03181,WIZ-04347,GLD-02,adept,2026-04-24,
MEM-03182,WIZ-04348,GLD-02,adept,2026-03-09,
MEM-03183,WIZ-04349,GLD-04,apprentice,2025-10-25,2025-12-19
MEM-03184,WIZ-04349,GLD-04,adept,2025-12-19,
MEM-03185,WIZ-04356,GLD-10,ADEPT,2026-02-08,2026-06-02
MEM-03186,WIZ-04356,GLD-10,Archmage,2026-06-02,
MEM-03187,WIZ-04358,GLD-05,apprentice,2025-08-19,
MEM-03188,WIZ-04361,GLD-09,adept,2024-08-05,
MEM-03189,WIZ-04362,GLD-11,adept,2025-07-01,
MEM-03190,WIZ-04364,GLD-07,apprentice,2024-07-30,
MEM-03191,WIZ-04366,GLD-12,Apprentice,2026-05-13,
MEM-03192,WIZ-04370,GLD-08,APPRENTICE,2024-09-30,
MEM-03193,WIZ-04371,GLD-12,Apprentice,2026-02-23,
MEM-03194,WIZ-04374,GLD-07,apprentice,2025-11-27,
MEM-03195,WIZ-04375,GLD-10,APPRENTICE,2024-10-15,
MEM-03196,WIZ-04376,GLD-12,archmage,2026-01-30,
MEM-03197,WIZ-04377,GLD-05,Apprentice,2025-01-17,
MEM-03198,WIZ-04378,GLD-04,APPRENTICE,2024-02-25,
MEM-03199,WIZ-04379,GLD-05,Apprentice,2026-04-12,
MEM-03200,WIZ-04380,GLD-09,APPRENTICE,2024-04-12,
MEM-03201,WIZ-04381,GLD-07,adept,2026-06-14,
MEM-03202,WIZ-04384,GLD-03,Apprentice,2026-01-15,
MEM-03203,WIZ-04388,GLD-06,Apprentice,2024-09-11,
MEM-03204,WIZ-04389,GLD-10,APPRENTICE,2026-02-06,
MEM-03205,WIZ-04391,GLD-09,ADEPT,2026-01-05,
MEM-03206,WIZ-04392,GLD-01,adept,2024-08-28,
MEM-03207,WIZ-04393,GLD-09,apprentice,2025-05-29,2026-04-12
MEM-03208,WIZ-04393,GLD-09,adept,2026-04-12,
MEM-03209,WIZ-04394,GLD-07,Apprentice,2026-06-14,
MEM-03210,WIZ-04397,GLD-12,Apprentice,2026-01-30,
MEM-03211,WIZ-04398,GLD-09,apprentice,2023-06-03,
MEM-03212,WIZ-04399,GLD-07,ADEPT,2024-08-08,
MEM-03213,WIZ-04401,GLD-12,Apprentice,2023-05-17,
MEM-03214,WIZ-04402,GLD-10,archmage,2025-07-06,
MEM-03215,WIZ-04403,GLD-01,apprentice,2023-11-05,
MEM-03216,WIZ-04404,GLD-06,apprentice,2026-06-15,
MEM-03217,WIZ-04405,GLD-01,ADEPT,2024-04-05,2025-04-20
MEM-03218,WIZ-04405,GLD-01,archmage,2025-04-20,
MEM-03219,WIZ-04406,GLD-04,archmage,2025-11-24,
MEM-03220,WIZ-04407,GLD-05,apprentice,2026-04-22,
MEM-03221,WIZ-04408,GLD-01,archmage,2025-01-04,
MEM-03222,WIZ-04409,GLD-09,Apprentice,2025-06-01,
MEM-03223,WIZ-04410,GLD-07,adept,2026-03-23,
MEM-03224,WIZ-04411,GLD-09,apprentice,2025-07-19,2025-11-19
MEM-03225,WIZ-04411,GLD-09,adept,2025-11-19,
MEM-03226,WIZ-04413,GLD-11,ADEPT,2023-12-04,
MEM-03227,WIZ-04414,GLD-04,Apprentice,2024-10-24,
MEM-03228,WIZ-04415,GLD-02,apprentice,2025-06-26,
MEM-03229,WIZ-04417,GLD-06,apprentice,2026-02-11,
MEM-03230,WIZ-04418,GLD-03,adept,2023-11-13,
MEM-03231,WIZ-04420,GLD-03,apprentice,2026-04-07,2026-06-28
MEM-03232,WIZ-04420,GLD-03,adept,2026-06-28,
MEM-03233,WIZ-04424,GLD-02,apprentice,2024-01-22,
MEM-03234,WIZ-04425,GLD-05,Apprentice,2025-08-17,
MEM-03235,WIZ-04428,GLD-05,apprentice,2023-11-05,
MEM-03236,WIZ-04430,GLD-03,apprentice,2025-05-21,2025-08-13
MEM-03237,WIZ-04430,GLD-03,adept,2025-08-13,
MEM-03238,WIZ-04433,GLD-07,Apprentice,2025-10-07,
MEM-03239,WIZ-04434,GLD-03,apprentice,2024-10-07,
MEM-03240,WIZ-04436,GLD-08,APPRENTICE,2025-10-17,
MEM-03241,WIZ-04437,GLD-09,apprentice,2025-02-11,
MEM-03242,WIZ-04439,GLD-09,apprentice,2024-01-04,
MEM-03243,WIZ-04440,GLD-04,Apprentice,2023-11-29,
MEM-03244,WIZ-04442,GLD-10,Apprentice,2025-05-01,
MEM-03245,WIZ-04443,GLD-08,archmage,2025-06-19,
MEM-03246,WIZ-04445,GLD-03,adept,2026-06-05,
MEM-03247,WIZ-04450,GLD-05,Archmage,2025-04-21,
MEM-03248,WIZ-04451,GLD-01,Apprentice,2026-03-16,
MEM-03249,WIZ-04452,GLD-12,Adept,2025-03-09,
MEM-03250,WIZ-04453,GLD-08,apprentice,2026-03-07,
MEM-03251,WIZ-04454,GLD-08,apprentice,2026-06-13,
MEM-03252,WIZ-04455,GLD-08,ADEPT,2025-11-22,
MEM-03253,WIZ-04456,GLD-05,Adept,2025-07-13,
MEM-03254,WIZ-04458,GLD-07,apprentice,2025-01-24,
MEM-03255,WIZ-04459,GLD-12,apprentice,2024-07-21,
MEM-03256,WIZ-04460,GLD-01,apprentice,2023-05-16,
MEM-03257,WIZ-04461,GLD-02,apprentice,2025-04-10,
MEM-03258,WIZ-04462,GLD-07,Adept,2025-12-15,
MEM-03259,WIZ-04463,GLD-12,APPRENTICE,2025-02-15,
MEM-03260,WIZ-04465,GLD-01,apprentice,2025-12-21,
MEM-03261,WIZ-04467,GLD-10,apprentice,2026-06-29,
MEM-03262,WIZ-04468,GLD-05,apprentice,2026-06-05,
MEM-03263,WIZ-04471,GLD-10,APPRENTICE,2024-03-30,
MEM-03264,WIZ-04473,GLD-09,apprentice,2026-06-04,
MEM-03265,WIZ-04480,GLD-02,Adept,2025-06-28,2026-03-27
MEM-03266,WIZ-04480,GLD-02,ARCHMAGE,2026-03-27,
MEM-03267,WIZ-04481,GLD-09,Archmage,2024-05-15,
MEM-03268,WIZ-04482,GLD-10,apprentice,2023-12-01,
MEM-03269,WIZ-04483,GLD-08,apprentice,2026-01-01,
MEM-03270,WIZ-04484,GLD-02,Archmage,2023-10-21,
MEM-03271,WIZ-04487,GLD-09,apprentice,2024-11-09,
MEM-03272,WIZ-04489,GLD-03,apprentice,2025-10-17,
MEM-03273,WIZ-04490,GLD-10,APPRENTICE,2025-11-10,
MEM-03274,WIZ-04491,GLD-06,adept,2023-04-25,
MEM-03275,WIZ-04493,GLD-10,Apprentice,2026-02-19,
MEM-03276,WIZ-04495,GLD-12,apprentice,2026-04-08,
MEM-03277,WIZ-04499,GLD-03,apprentice,2023-08-20,
MEM-03278,WIZ-04501,GLD-10,archmage,2023-10-27,
MEM-03279,WIZ-04503,GLD-12,Adept,2025-01-13,
MEM-03280,WIZ-04504,GLD-01,APPRENTICE,2024-06-29,
MEM-03281,WIZ-04505,GLD-01,Apprentice,2025-08-04,2026-01-18
MEM-03282,WIZ-04505,GLD-01,adept,2026-01-18,
MEM-03283,WIZ-04506,GLD-06,apprentice,2023-11-15,2024-03-09
MEM-03284,WIZ-04506,GLD-06,adept,2024-03-09,
MEM-03285,WIZ-04507,GLD-09,apprentice,2026-05-27,
MEM-03286,WIZ-04509,GLD-02,ADEPT,2026-04-24,
MEM-03287,WIZ-04511,GLD-07,adept,2026-04-15,
MEM-03288,WIZ-04512,GLD-03,apprentice,2025-08-05,
MEM-03289,WIZ-04515,GLD-12,ARCHMAGE,2026-03-12,
MEM-03290,WIZ-04516,GLD-09,apprentice,2026-06-16,
MEM-03291,WIZ-04520,GLD-12,ARCHMAGE,2025-07-13,
MEM-03292,WIZ-04521,GLD-06,apprentice,2023-06-19,
MEM-03293,WIZ-04524,GLD-05,APPRENTICE,2024-06-21,
MEM-03294,WIZ-04526,GLD-08,apprentice,2025-05-07,2025-08-10
MEM-03295,WIZ-04526,GLD-08,adept,2025-08-10,
MEM-03296,WIZ-04527,GLD-02,Apprentice,2025-05-05,
MEM-03297,WIZ-04528,GLD-09,adept,2025-12-20,
MEM-03298,WIZ-04529,GLD-10,apprentice,2023-11-21,
MEM-03299,WIZ-04531,GLD-09,archmage,2024-08-28,
MEM-03300,WIZ-04532,GLD-12,apprentice,2026-02-08,
MEM-03301,WIZ-04536,GLD-06,Apprentice,2024-03-19,2025-04-17
MEM-03302,WIZ-04536,GLD-06,adept,2025-04-17,
MEM-03303,WIZ-04537,GLD-06,adept,2026-05-21,
MEM-03304,WIZ-04538,GLD-03,Adept,2026-03-02,
MEM-03305,WIZ-04540,GLD-12,Apprentice,2024-11-27,
MEM-03306,WIZ-04541,GLD-09,APPRENTICE,2025-01-03,
MEM-03307,WIZ-04543,GLD-01,ADEPT,2026-06-19,
MEM-03308,WIZ-04544,GLD-11,ADEPT,2026-06-20,
MEM-03309,WIZ-04545,GLD-11,Adept,2024-01-12,
MEM-03310,WIZ-04546,GLD-06,APPRENTICE,2024-01-30,
MEM-03311,WIZ-04547,GLD-04,archmage,2024-09-25,
MEM-03312,WIZ-04549,GLD-04,adept,2025-06-30,
MEM-03313,WIZ-04551,GLD-06,apprentice,2024-06-30,
MEM-03314,WIZ-04552,GLD-01,apprentice,2023-12-08,2025-09-09
MEM-03315,WIZ-04552,GLD-01,adept,2025-09-09,
MEM-03316,WIZ-04553,GLD-07,adept,2024-04-24,
MEM-03317,WIZ-04554,GLD-01,apprentice,2026-05-16,
MEM-03318,WIZ-04555,GLD-12,Apprentice,2025-03-14,
MEM-03319,WIZ-04556,GLD-02,apprentice,2023-10-02,2024-06-15
MEM-03320,WIZ-04556,GLD-02,adept,2024-06-15,
MEM-03321,WIZ-04561,GLD-09,apprentice,2026-01-29,
MEM-03322,WIZ-04562,GLD-11,adept,2025-06-11,
MEM-03323,WIZ-04565,GLD-10,apprentice,2023-12-16,
MEM-03324,WIZ-04566,GLD-05,apprentice,2024-02-01,
MEM-03325,WIZ-04567,GLD-04,apprentice,2025-01-12,
MEM-03326,WIZ-04568,GLD-01,apprentice,2024-08-09,
MEM-03327,WIZ-04569,GLD-05,Adept,2025-07-09,
MEM-03328,WIZ-04571,GLD-03,APPRENTICE,2025-10-27,2026-03-25
MEM-03329,WIZ-04571,GLD-03,adept,2026-03-25,
MEM-03330,WIZ-04572,GLD-05,adept,2024-12-13,
MEM-03331,WIZ-04574,GLD-12,apprentice,2025-03-26,
MEM-03332,WIZ-04575,GLD-01,apprentice,2025-10-03,
MEM-03333,WIZ-04576,GLD-07,archmage,2025-12-23,
MEM-03334,WIZ-04577,GLD-03,apprentice,2023-08-11,
MEM-03335,WIZ-04578,GLD-05,Archmage,2025-11-06,
MEM-03336,WIZ-04579,GLD-08,ADEPT,2024-05-10,
MEM-03337,WIZ-04580,GLD-02,APPRENTICE,2025-02-09,
MEM-03338,WIZ-04582,GLD-06,Apprentice,2025-01-02,
MEM-03339,WIZ-04584,GLD-08,APPRENTICE,2026-04-26,
MEM-03340,WIZ-04585,GLD-08,Archmage,2026-05-20,
MEM-03341,WIZ-04586,GLD-02,apprentice,2023-09-09,
MEM-03342,WIZ-04587,GLD-03,Apprentice,2023-12-11,
MEM-03343,WIZ-04588,GLD-09,APPRENTICE,2023-07-16,
MEM-03344,WIZ-04589,GLD-08,Archmage,2026-03-14,
MEM-03345,WIZ-04590,GLD-10,apprentice,2025-04-16,
MEM-03346,WIZ-04591,GLD-07,adept,2026-05-26,
MEM-03347,WIZ-04593,GLD-07,apprentice,2023-09-14,
MEM-03348,WIZ-04595,GLD-05,Adept,2023-09-29,
MEM-03349,WIZ-04596,GLD-06,apprentice,2024-05-05,
MEM-03350,WIZ-04598,GLD-05,APPRENTICE,2026-04-02,
MEM-03351,WIZ-04601,GLD-02,apprentice,2026-03-17,
MEM-03352,WIZ-04604,GLD-01,apprentice,2026-04-13,2026-05-20
MEM-03353,WIZ-04604,GLD-01,adept,2026-05-20,
MEM-03354,WIZ-04606,GLD-12,apprentice,2026-01-05,
MEM-03355,WIZ-04607,GLD-06,APPRENTICE,2024-05-20,
MEM-03356,WIZ-04608,GLD-12,apprentice,2026-06-25,
MEM-03357,WIZ-04609,GLD-02,apprentice,2023-07-11,
MEM-03358,WIZ-04610,GLD-01,apprentice,2025-12-19,
MEM-03359,WIZ-04611,GLD-10,apprentice,2025-04-23,2026-02-24
MEM-03360,WIZ-04611,GLD-10,adept,2026-02-24,
MEM-03361,WIZ-04613,GLD-02,apprentice,2026-05-29,
MEM-03362,WIZ-04616,GLD-11,apprentice,2025-10-24,
MEM-03363,WIZ-04617,GLD-03,APPRENTICE,2026-05-19,
MEM-03364,WIZ-04620,GLD-12,apprentice,2025-05-07,
MEM-03365,WIZ-04622,GLD-06,apprentice,2026-03-03,
MEM-03366,WIZ-04623,GLD-03,APPRENTICE,2026-02-11,
MEM-03367,WIZ-04624,GLD-11,apprentice,2023-07-04,
MEM-03368,WIZ-04627,GLD-11,adept,2026-06-02,
MEM-03369,WIZ-04632,GLD-09,apprentice,2025-08-04,2025-12-02
MEM-03370,WIZ-04632,GLD-09,adept,2025-12-02,
MEM-03371,WIZ-04633,GLD-01,Adept,2025-01-27,
MEM-03372,WIZ-04634,GLD-07,apprentice,2026-05-20,
MEM-03373,WIZ-04635,GLD-08,APPRENTICE,2025-11-04,
MEM-03374,WIZ-04636,GLD-09,adept,2026-06-15,
MEM-03375,WIZ-04637,GLD-06,adept,2025-04-10,2025-09-03
MEM-03376,WIZ-04637,GLD-06,Archmage,2025-09-03,
MEM-03377,WIZ-04639,GLD-06,apprentice,2026-01-02,
MEM-03378,WIZ-04640,GLD-01,apprentice,2026-02-24,
MEM-03379,WIZ-04641,GLD-07,Apprentice,2024-04-07,
MEM-03380,WIZ-04643,GLD-01,adept,2026-06-19,
MEM-03381,WIZ-04644,GLD-02,apprentice,2026-02-22,
MEM-03382,WIZ-04645,GLD-05,Adept,2024-12-27,
MEM-03383,WIZ-04646,GLD-05,Apprentice,2024-05-07,
MEM-03384,WIZ-04648,GLD-09,APPRENTICE,2024-01-17,
MEM-03385,WIZ-04649,GLD-02,apprentice,2025-03-02,2025-09-21
MEM-03386,WIZ-04649,GLD-02,adept,2025-09-21,
MEM-03387,WIZ-04650,GLD-07,Adept,2024-03-29,
MEM-03388,WIZ-04651,GLD-02,apprentice,2025-06-19,
MEM-03389,WIZ-04652,GLD-08,apprentice,2023-01-09,
MEM-03390,WIZ-04654,GLD-06,Adept,2025-06-06,
MEM-03391,WIZ-04655,GLD-09,apprentice,2025-05-20,2026-05-04
MEM-03392,WIZ-04655,GLD-09,adept,2026-05-04,
MEM-03393,WIZ-04656,GLD-04,apprentice,2024-06-07,
MEM-03394,WIZ-04658,GLD-10,Apprentice,2025-06-21,
MEM-03395,WIZ-04659,GLD-02,archmage,2026-04-25,
MEM-03396,WIZ-04661,GLD-06,apprentice,2024-06-10,
MEM-03397,WIZ-04663,GLD-08,apprentice,2025-08-01,
MEM-03398,WIZ-04664,GLD-10,archmage,2026-03-17,
MEM-03399,WIZ-04665,GLD-06,adept,2025-10-16,
MEM-03400,WIZ-04667,GLD-03,apprentice,2024-04-27,
MEM-03401,WIZ-04668,GLD-02,apprentice,2023-04-27,
MEM-03402,WIZ-04670,GLD-03,apprentice,2025-03-02,
MEM-03403,WIZ-04672,GLD-08,Apprentice,2026-04-30,
MEM-03404,WIZ-04673,GLD-07,adept,2026-05-06,
MEM-03405,WIZ-04674,GLD-05,adept,2025-06-12,
MEM-03406,WIZ-04675,GLD-02,apprentice,2025-12-13,
MEM-03407,WIZ-04677,GLD-12,adept,2025-07-12,2026-01-16
MEM-03408,WIZ-04677,GLD-12,archmage,2026-01-16,
MEM-03409,WIZ-04678,GLD-09,apprentice,2023-10-17,
MEM-03410,WIZ-04679,GLD-06,adept,2023-08-29,
MEM-03411,WIZ-04681,GLD-07,Archmage,2026-06-19,
MEM-03412,WIZ-04682,GLD-07,Apprentice,2026-06-30,
MEM-03413,WIZ-04685,GLD-05,apprentice,2024-07-05,
MEM-03414,WIZ-04686,GLD-08,archmage,2025-10-07,
MEM-03415,WIZ-04687,GLD-08,archmage,2026-03-27,
MEM-03416,WIZ-04688,GLD-09,apprentice,2025-12-31,
MEM-03417,WIZ-04689,GLD-02,adept,2025-03-01,
MEM-03418,WIZ-04691,GLD-05,Adept,2025-11-17,
MEM-03419,WIZ-04692,GLD-01,apprentice,2023-08-15,2024-02-11
MEM-03420,WIZ-04692,GLD-01,adept,2024-02-11,
MEM-03421,WIZ-04693,GLD-12,apprentice,2024-08-14,2025-03-17
MEM-03422,WIZ-04693,GLD-12,adept,2025-03-17,
MEM-03423,WIZ-04694,GLD-08,ADEPT,2025-11-23,
MEM-03424,WIZ-04695,GLD-01,APPRENTICE,2023-10-20,
MEM-03425,WIZ-04696,GLD-12,APPRENTICE,2026-03-14,
MEM-03426,WIZ-04697,GLD-09,apprentice,2025-02-08,
MEM-03427,WIZ-04699,GLD-09,apprentice,2026-06-29,
MEM-03428,WIZ-04701,GLD-09,Adept,2026-06-15,
MEM-03429,WIZ-04702,GLD-05,archmage,2025-10-14,
MEM-03430,WIZ-04704,GLD-02,apprentice,2024-11-27,2025-11-28
MEM-03431,WIZ-04704,GLD-02,Adept,2025-11-28,
MEM-03432,WIZ-04705,GLD-07,apprentice,2024-01-01,
MEM-03433,WIZ-04706,GLD-06,apprentice,2024-10-05,
MEM-03434,WIZ-04707,GLD-08,archmage,2026-06-30,
MEM-03435,WIZ-04708,GLD-06,APPRENTICE,2026-02-16,
MEM-03436,WIZ-04709,GLD-10,archmage,2024-04-27,
MEM-03437,WIZ-04713,GLD-01,apprentice,2025-05-19,
MEM-03438,WIZ-04714,GLD-11,Apprentice,2023-11-16,
MEM-03439,WIZ-04715,GLD-02,Adept,2024-08-07,
MEM-03440,WIZ-04717,GLD-12,apprentice,2026-05-29,
MEM-03441,WIZ-04718,GLD-09,apprentice,2026-05-27,
MEM-03442,WIZ-04719,GLD-11,apprentice,2024-01-21,
MEM-03443,WIZ-04723,GLD-03,adept,2025-04-25,
MEM-03444,WIZ-04725,GLD-02,Apprentice,2025-09-30,
MEM-03445,WIZ-04727,GLD-07,adept,2026-01-06,
MEM-03446,WIZ-04728,GLD-07,ADEPT,2024-12-07,
MEM-03447,WIZ-04729,GLD-09,adept,2026-04-29,2026-06-27
MEM-03448,WIZ-04729,GLD-09,archmage,2026-06-27,
MEM-03449,WIZ-04730,GLD-04,apprentice,2026-05-14,
MEM-03450,WIZ-04731,GLD-11,apprentice,2026-04-05,
MEM-03451,WIZ-04733,GLD-06,Apprentice,2025-08-19,
MEM-03452,WIZ-04734,GLD-02,adept,2024-12-22,
MEM-03453,WIZ-04735,GLD-02,apprentice,2026-06-20,
MEM-03454,WIZ-04736,GLD-12,ARCHMAGE,2025-09-21,
MEM-03455,WIZ-04737,GLD-12,apprentice,2026-02-28,
MEM-03456,WIZ-04738,GLD-11,Adept,2023-10-03,2024-11-24
MEM-03457,WIZ-04738,GLD-11,ARCHMAGE,2024-11-24,
MEM-03458,WIZ-04739,GLD-05,apprentice,2025-06-30,
MEM-03459,WIZ-04740,GLD-02,Archmage,2026-05-07,
MEM-03460,WIZ-04741,GLD-10,adept,2023-11-18,
MEM-03461,WIZ-04742,GLD-03,Apprentice,2024-08-02,
MEM-03462,WIZ-04743,GLD-05,APPRENTICE,2026-04-01,2026-05-20
MEM-03463,WIZ-04743,GLD-05,Adept,2026-05-20,
MEM-03464,WIZ-04744,GLD-08,adept,2026-05-03,
MEM-03465,WIZ-04745,GLD-12,apprentice,2023-08-06,
MEM-03466,WIZ-04746,GLD-05,archmage,2025-09-02,
MEM-03467,WIZ-04747,GLD-10,archmage,2025-10-17,
MEM-03468,WIZ-04748,GLD-01,apprentice,2024-05-30,
MEM-03469,WIZ-04749,GLD-11,apprentice,2024-09-10,
MEM-03470,WIZ-04750,GLD-11,Archmage,2025-01-12,
MEM-03471,WIZ-04751,GLD-08,Apprentice,2026-04-01,
MEM-03472,WIZ-04752,GLD-02,adept,2024-03-24,
MEM-03473,WIZ-04753,GLD-08,adept,2025-10-11,
MEM-03474,WIZ-04755,GLD-06,adept,2025-03-08,
MEM-03475,WIZ-04756,GLD-08,Apprentice,2024-12-28,2026-04-21
MEM-03476,WIZ-04756,GLD-08,adept,2026-04-21,
MEM-03477,WIZ-04757,GLD-09,Apprentice,2025-04-26,2026-01-19
MEM-03478,WIZ-04757,GLD-09,Adept,2026-01-19,
MEM-03479,WIZ-04758,GLD-03,archmage,2023-12-21,
MEM-03480,WIZ-04759,GLD-10,apprentice,2026-05-02,
MEM-03481,WIZ-04760,GLD-06,apprentice,2025-11-20,
MEM-03482,WIZ-04762,GLD-06,Adept,2025-10-12,
MEM-03483,WIZ-04763,GLD-05,adept,2025-12-20,
MEM-03484,WIZ-04764,GLD-12,apprentice,2026-04-21,
MEM-03485,WIZ-04765,GLD-08,Apprentice,2025-10-04,
MEM-03486,WIZ-04766,GLD-11,apprentice,2024-05-06,
MEM-03487,WIZ-04768,GLD-05,apprentice,2026-03-31,
MEM-03488,WIZ-04769,GLD-01,apprentice,2024-04-03,
MEM-03489,WIZ-04770,GLD-06,adept,2025-06-23,
MEM-03490,WIZ-04771,GLD-04,Apprentice,2025-03-10,
MEM-03491,WIZ-04772,GLD-10,adept,2025-11-18,
MEM-03492,WIZ-04773,GLD-04,Apprentice,2024-01-04,
MEM-03493,WIZ-04777,GLD-11,apprentice,2025-08-13,
MEM-03494,WIZ-04778,GLD-08,apprentice,2024-07-18,
MEM-03495,WIZ-04779,GLD-05,apprentice,2025-10-18,
MEM-03496,WIZ-04780,GLD-02,apprentice,2025-09-28,
MEM-03497,WIZ-04784,GLD-12,apprentice,2024-12-14,
MEM-03498,WIZ-04785,GLD-10,adept,2026-06-24,
MEM-03499,WIZ-04786,GLD-12,apprentice,2023-10-10,2025-04-27
MEM-03500,WIZ-04786,GLD-12,adept,2025-04-27,
MEM-03501,WIZ-04789,GLD-09,apprentice,2026-01-31,2026-03-13
MEM-03502,WIZ-04789,GLD-09,adept,2026-03-13,
MEM-03503,WIZ-04791,GLD-08,adept,2025-11-19,2026-06-20
MEM-03504,WIZ-04791,GLD-08,ARCHMAGE,2026-06-20,
MEM-03505,WIZ-04792,GLD-10,apprentice,2025-08-18,2025-10-12
MEM-03506,WIZ-04792,GLD-10,adept,2025-10-12,
MEM-03507,WIZ-04794,GLD-10,apprentice,2026-01-09,
MEM-03508,WIZ-04795,GLD-04,adept,2024-10-13,
MEM-03509,WIZ-04797,GLD-08,adept,2024-02-03,
MEM-03510,WIZ-04798,GLD-06,adept,2024-07-27,
MEM-03511,WIZ-04801,GLD-12,Apprentice,2025-01-04,
MEM-03512,WIZ-04802,GLD-02,adept,2025-10-19,
MEM-03513,WIZ-04804,GLD-07,adept,2024-11-15,
MEM-03514,WIZ-04805,GLD-04,apprentice,2024-12-21,
MEM-03515,WIZ-04807,GLD-12,Adept,2024-03-18,
MEM-03516,WIZ-04808,GLD-02,apprentice,2025-08-03,2025-12-26
MEM-03517,WIZ-04808,GLD-02,adept,2025-12-26,
MEM-03518,WIZ-04809,GLD-03,apprentice,2023-03-31,
MEM-03519,WIZ-04812,GLD-08,Adept,2026-05-28,
MEM-03520,WIZ-04813,GLD-02,apprentice,2024-11-11,
MEM-03521,WIZ-04814,GLD-06,adept,2026-03-24,
MEM-03522,WIZ-04815,GLD-08,adept,2023-07-18,
MEM-03523,WIZ-04816,GLD-02,adept,2026-04-04,2026-05-30
MEM-03524,WIZ-04816,GLD-02,archmage,2026-05-30,
MEM-03525,WIZ-04817,GLD-02,archmage,2023-10-27,
MEM-03526,WIZ-04820,GLD-06,Apprentice,2024-03-05,
MEM-03527,WIZ-04821,GLD-02,adept,2026-05-16,
MEM-03528,WIZ-04822,GLD-04,Apprentice,2024-09-24,
MEM-03529,WIZ-04823,GLD-04,apprentice,2025-08-17,
MEM-03530,WIZ-04824,GLD-02,adept,2025-07-28,
MEM-03531,WIZ-04825,GLD-06,Adept,2026-04-22,
MEM-03532,WIZ-04827,GLD-05,adept,2024-11-23,
MEM-03533,WIZ-04828,GLD-07,adept,2024-05-07,
MEM-03534,WIZ-04830,GLD-08,apprentice,2024-05-20,
MEM-03535,WIZ-04831,GLD-09,apprentice,2024-03-08,
MEM-03536,WIZ-04834,GLD-09,apprentice,2025-09-29,2026-05-08
MEM-03537,WIZ-04834,GLD-09,ADEPT,2026-05-08,
MEM-03538,WIZ-04836,GLD-09,archmage,2026-06-10,
MEM-03539,WIZ-04837,GLD-04,Apprentice,2025-03-20,
MEM-03540,WIZ-04838,GLD-05,Adept,2026-01-02,
MEM-03541,WIZ-04841,GLD-06,apprentice,2026-01-26,
MEM-03542,WIZ-04842,GLD-01,apprentice,2024-04-22,
MEM-03543,WIZ-04843,GLD-05,apprentice,2023-11-26,
MEM-03544,WIZ-04846,GLD-03,apprentice,2026-02-02,2026-04-21
MEM-03545,WIZ-04846,GLD-03,Adept,2026-04-21,
MEM-03546,WIZ-04848,GLD-03,Apprentice,2025-12-19,2026-03-01
MEM-03547,WIZ-04848,GLD-03,ADEPT,2026-03-01,
MEM-03548,WIZ-04849,GLD-06,apprentice,2024-07-10,
MEM-03549,WIZ-04851,GLD-11,apprentice,2026-03-30,
MEM-03550,WIZ-04852,GLD-10,archmage,2025-12-06,
MEM-03551,WIZ-04857,GLD-08,Archmage,2025-11-14,
MEM-03552,WIZ-04861,GLD-03,adept,2024-10-28,
MEM-03553,WIZ-04863,GLD-06,apprentice,2026-05-27,
MEM-03554,WIZ-04864,GLD-03,Apprentice,2026-04-15,
MEM-03555,WIZ-04866,GLD-12,apprentice,2024-02-26,
MEM-03556,WIZ-04867,GLD-11,apprentice,2026-03-27,
MEM-03557,WIZ-04868,GLD-06,apprentice,2024-02-05,
MEM-03558,WIZ-04869,GLD-05,APPRENTICE,2026-01-18,
MEM-03559,WIZ-04870,GLD-11,ADEPT,2024-09-19,
MEM-03560,WIZ-04871,GLD-05,apprentice,2023-09-04,
MEM-03561,WIZ-04872,GLD-03,adept,2026-06-10,
MEM-03562,WIZ-04873,GLD-06,apprentice,2024-09-13,2025-05-27
MEM-03563,WIZ-04873,GLD-06,adept,2025-05-27,
MEM-03564,WIZ-04879,GLD-04,apprentice,2026-04-08,
MEM-03565,WIZ-04881,GLD-03,Apprentice,2024-02-24,
MEM-03566,WIZ-04883,GLD-09,apprentice,2024-07-22,
MEM-03567,WIZ-04885,GLD-03,Apprentice,2024-12-18,
MEM-03568,WIZ-04886,GLD-12,APPRENTICE,2025-07-07,2026-06-29
MEM-03569,WIZ-04886,GLD-12,adept,2026-06-29,
MEM-03570,WIZ-04887,GLD-05,Apprentice,2024-10-12,
MEM-03571,WIZ-04888,GLD-01,apprentice,2026-05-10,
MEM-03572,WIZ-04891,GLD-03,apprentice,2024-09-14,
MEM-03573,WIZ-04892,GLD-03,apprentice,2024-05-28,
MEM-03574,WIZ-04893,GLD-01,apprentice,2026-03-08,
MEM-03575,WIZ-04894,GLD-03,adept,2024-02-08,
MEM-03576,WIZ-04896,GLD-06,adept,2025-06-18,
MEM-03577,WIZ-04897,GLD-11,archmage,2026-03-25,
MEM-03578,WIZ-04898,GLD-11,apprentice,2026-04-28,
MEM-03579,WIZ-04900,GLD-06,Apprentice,2026-04-06,
MEM-03580,WIZ-04901,GLD-08,apprentice,2025-07-28,
MEM-03581,WIZ-04902,GLD-02,adept,2025-09-09,
MEM-03582,WIZ-04904,GLD-10,apprentice,2026-06-19,
MEM-03583,WIZ-04906,GLD-11,apprentice,2024-10-30,
MEM-03584,WIZ-04907,GLD-10,apprentice,2023-01-28,
MEM-03585,WIZ-04909,GLD-11,adept,2024-06-06,
MEM-03586,WIZ-04911,GLD-01,adept,2024-04-11,
MEM-03587,WIZ-04912,GLD-10,adept,2025-03-20,
MEM-03588,WIZ-04913,GLD-02,archmage,2023-04-27,
MEM-03589,WIZ-04914,GLD-05,Adept,2026-04-29,
MEM-03590,WIZ-04915,GLD-03,archmage,2024-03-01,
MEM-03591,WIZ-04916,GLD-06,ADEPT,2023-05-07,
MEM-03592,WIZ-04917,GLD-08,Adept,2026-05-03,
MEM-03593,WIZ-04919,GLD-09,apprentice,2025-03-29,
MEM-03594,WIZ-04920,GLD-06,Archmage,2025-09-29,
MEM-03595,WIZ-04921,GLD-06,Apprentice,2023-06-28,
MEM-03596,WIZ-04922,GLD-05,apprentice,2026-06-22,
MEM-03597,WIZ-04923,GLD-06,Apprentice,2023-09-04,
MEM-03598,WIZ-04924,GLD-06,adept,2024-12-17,
MEM-03599,WIZ-04925,GLD-11,Adept,2024-10-26,
MEM-03600,WIZ-04926,GLD-05,adept,2026-02-21,
MEM-03601,WIZ-04928,GLD-07,adept,2025-07-23,
MEM-03602,WIZ-04930,GLD-10,apprentice,2026-05-25,
MEM-03603,WIZ-04931,GLD-12,ADEPT,2026-06-16,
MEM-03604,WIZ-04934,GLD-02,apprentice,2024-10-07,
MEM-03605,WIZ-04936,GLD-09,Apprentice,2026-05-15,
MEM-03606,WIZ-04938,GLD-11,APPRENTICE,2026-04-09,
MEM-03607,WIZ-04939,GLD-02,Apprentice,2024-12-28,2025-06-22
MEM-03608,WIZ-04939,GLD-02,ADEPT,2025-06-22,
MEM-03609,WIZ-04942,GLD-03,apprentice,2025-05-02,
MEM-03610,WIZ-04943,GLD-03,archmage,2026-05-15,
MEM-03611,WIZ-04945,GLD-09,archmage,2026-05-14,
MEM-03612,WIZ-04946,GLD-08,Adept,2026-03-09,
MEM-03613,WIZ-04948,GLD-02,apprentice,2025-11-06,
MEM-03614,WIZ-04949,GLD-09,apprentice,2026-04-14,
MEM-03615,WIZ-04951,GLD-05,Apprentice,2026-06-01,
MEM-03616,WIZ-04952,GLD-08,Apprentice,2026-06-12,
MEM-03617,WIZ-04954,GLD-01,APPRENTICE,2025-08-15,
MEM-03618,WIZ-04955,GLD-08,apprentice,2023-06-17,
MEM-03619,WIZ-04956,GLD-07,adept,2024-07-30,
MEM-03620,WIZ-04957,GLD-11,apprentice,2026-05-11,
MEM-03621,WIZ-04958,GLD-03,adept,2026-05-24,
MEM-03622,WIZ-04959,GLD-12,apprentice,2025-08-02,
MEM-03623,WIZ-04962,GLD-06,apprentice,2025-11-13,2026-06-07
MEM-03624,WIZ-04962,GLD-06,adept,2026-06-07,
MEM-03625,WIZ-04963,GLD-07,apprentice,2024-07-04,
MEM-03626,WIZ-04964,GLD-04,APPRENTICE,2023-05-06,2024-05-03
MEM-03627,WIZ-04964,GLD-04,adept,2024-05-03,
MEM-03628,WIZ-04966,GLD-10,apprentice,2024-07-29,
MEM-03629,WIZ-04968,GLD-02,apprentice,2024-05-23,
MEM-03630,WIZ-04969,GLD-03,apprentice,2024-04-12,
MEM-03631,WIZ-04970,GLD-04,ARCHMAGE,2026-06-06,
MEM-03632,WIZ-04971,GLD-04,apprentice,2025-10-21,
MEM-03633,WIZ-04972,GLD-06,apprentice,2023-11-03,
MEM-03634,WIZ-04975,GLD-03,adept,2025-08-09,2026-04-26
MEM-03635,WIZ-04975,GLD-03,ARCHMAGE,2026-04-26,
MEM-03636,WIZ-04978,GLD-08,apprentice,2023-10-07,
MEM-03637,WIZ-04979,GLD-06,adept,2025-04-20,
MEM-03638,WIZ-04980,GLD-09,adept,2025-03-12,
MEM-03639,WIZ-04981,GLD-05,Apprentice,2026-02-26,2026-05-08
MEM-03640,WIZ-04981,GLD-05,adept,2026-05-08,
MEM-03641,WIZ-04982,GLD-02,Adept,2024-06-15,
MEM-03642,WIZ-04983,GLD-01,adept,2025-10-19,2026-01-11
MEM-03643,WIZ-04983,GLD-01,archmage,2026-01-11,
MEM-03644,WIZ-04984,GLD-08,adept,2026-06-04,
MEM-03645,WIZ-04985,GLD-02,adept,2024-09-08,2025-10-31
MEM-03646,WIZ-04985,GLD-02,archmage,2025-10-31,
MEM-03647,WIZ-04986,GLD-12,Apprentice,2025-02-27,
MEM-03648,WIZ-04987,GLD-05,adept,2026-06-14,
MEM-03649,WIZ-04988,GLD-09,apprentice,2025-12-08,
MEM-03650,WIZ-04991,GLD-09,apprentice,2023-08-05,
MEM-03651,WIZ-04992,GLD-06,apprentice,2026-02-16,
MEM-03652,WIZ-04993,GLD-12,Apprentice,2025-04-04,
MEM-03653,WIZ-04994,GLD-05,Apprentice,2026-05-26,
MEM-03654,WIZ-04995,GLD-01,apprentice,2024-08-15,
MEM-03655,WIZ-04996,GLD-03,APPRENTICE,2025-07-30,
MEM-03656,WIZ-04998,GLD-08,adept,2026-06-25,
MEM-03657,WIZ-04999,GLD-11,adept,2025-07-17,
MEM-03658,WIZ-05000,GLD-11,APPRENTICE,2024-05-10,
MEM-03659,WIZ-05002,GLD-09,Archmage,2025-03-12,
MEM-03660,WIZ-05003,GLD-08,adept,2025-11-24,
MEM-03661,WIZ-05004,GLD-04,apprentice,2024-02-14,2025-06-10
MEM-03662,WIZ-05004,GLD-04,adept,2025-06-10,
MEM-03663,WIZ-05005,GLD-04,apprentice,2025-03-19,
MEM-03664,WIZ-05006,GLD-03,ADEPT,2024-04-18,
MEM-03665,WIZ-05007,GLD-11,archmage,2026-06-11,
MEM-03666,WIZ-05008,GLD-07,ADEPT,2025-02-08,2026-05-14
MEM-03667,WIZ-05008,GLD-07,Archmage,2026-05-14,
MEM-03668,WIZ-05009,GLD-07,archmage,2023-12-16,
MEM-03669,WIZ-05010,GLD-08,Apprentice,2026-01-27,
MEM-03670,WIZ-05011,GLD-09,Archmage,2025-04-16,
MEM-03671,WIZ-05013,GLD-09,Apprentice,2026-01-05,
MEM-03672,WIZ-05014,GLD-12,archmage,2025-05-09,
MEM-03673,WIZ-05017,GLD-10,apprentice,2025-10-04,
MEM-03674,WIZ-05018,GLD-10,apprentice,2025-11-17,
MEM-03675,WIZ-05019,GLD-06,Apprentice,2026-05-18,
MEM-03676,WIZ-05020,GLD-08,adept,2026-06-26,
MEM-03677,WIZ-05022,GLD-04,apprentice,2026-01-14,
MEM-03678,WIZ-05025,GLD-11,adept,2024-04-05,
MEM-03679,WIZ-05026,GLD-07,apprentice,2023-07-09,2023-12-23
MEM-03680,WIZ-05026,GLD-07,Adept,2023-12-23,
MEM-03681,WIZ-05027,GLD-04,apprentice,2024-03-17,
MEM-03682,WIZ-05029,GLD-03,Apprentice,2024-10-07,2025-05-10
MEM-03683,WIZ-05029,GLD-03,adept,2025-05-10,
MEM-03684,WIZ-05031,GLD-02,apprentice,2025-11-28,
MEM-03685,WIZ-05033,GLD-05,apprentice,2024-10-17,
MEM-03686,WIZ-05034,GLD-04,apprentice,2026-06-24,
MEM-03687,WIZ-05035,GLD-09,apprentice,2025-08-04,2025-10-19
MEM-03688,WIZ-05035,GLD-09,adept,2025-10-19,
MEM-03689,WIZ-05036,GLD-09,ARCHMAGE,2025-11-25,
MEM-03690,WIZ-05037,GLD-06,apprentice,2025-10-24,
MEM-03691,WIZ-05038,GLD-01,apprentice,2026-03-22,
MEM-03692,WIZ-05039,GLD-06,apprentice,2025-09-12,2026-06-23
MEM-03693,WIZ-05039,GLD-06,adept,2026-06-23,
MEM-03694,WIZ-05040,GLD-06,adept,2024-08-31,2026-01-26
MEM-03695,WIZ-05040,GLD-06,Archmage,2026-01-26,
MEM-03696,WIZ-05041,GLD-04,adept,2023-08-29,
MEM-03697,WIZ-05042,GLD-05,Apprentice,2024-12-05,
MEM-03698,WIZ-05044,GLD-04,APPRENTICE,2026-06-09,
MEM-03699,WIZ-05046,GLD-07,apprentice,2023-09-12,
MEM-03700,WIZ-05048,GLD-11,apprentice,2026-04-14,
MEM-03701,WIZ-05050,GLD-08,adept,2026-06-03,
MEM-03702,WIZ-05051,GLD-08,apprentice,2026-06-19,
MEM-03703,WIZ-05052,GLD-10,apprentice,2026-04-07,
MEM-03704,WIZ-05053,GLD-05,apprentice,2024-04-02,2026-02-26
MEM-03705,WIZ-05053,GLD-05,adept,2026-02-26,
MEM-03706,WIZ-05054,GLD-05,adept,2023-12-28,
MEM-03707,WIZ-05055,GLD-03,apprentice,2024-10-16,
MEM-03708,WIZ-05056,GLD-10,adept,2026-06-28,
MEM-03709,WIZ-05058,GLD-06,apprentice,2024-12-07,
MEM-03710,WIZ-05060,GLD-07,Apprentice,2026-06-24,
MEM-03711,WIZ-05062,GLD-02,apprentice,2025-11-28,
MEM-03712,WIZ-05064,GLD-06,APPRENTICE,2025-07-18,
MEM-03713,WIZ-05065,GLD-03,Apprentice,2025-03-14,
MEM-03714,WIZ-05066,GLD-11,adept,2024-03-04,
MEM-03715,WIZ-05067,GLD-08,adept,2026-04-29,
MEM-03716,WIZ-05068,GLD-09,adept,2026-06-25,
MEM-03717,WIZ-05069,GLD-06,Adept,2025-09-07,
MEM-03718,WIZ-05070,GLD-01,apprentice,2024-12-24,
MEM-03719,WIZ-05071,GLD-06,apprentice,2025-12-18,
MEM-03720,WIZ-05072,GLD-07,apprentice,2023-08-21,
MEM-03721,WIZ-05074,GLD-11,apprentice,2024-09-03,
MEM-03722,WIZ-05075,GLD-07,Adept,2023-12-09,
MEM-03723,WIZ-05076,GLD-02,APPRENTICE,2023-11-23,
MEM-03724,WIZ-05077,GLD-11,adept,2026-06-02,
MEM-03725,WIZ-05078,GLD-10,apprentice,2024-09-10,
MEM-03726,WIZ-05079,GLD-03,apprentice,2025-09-20,
MEM-03727,WIZ-05081,GLD-04,apprentice,2023-11-29,
MEM-03728,WIZ-05082,GLD-03,apprentice,2025-02-25,
MEM-03729,WIZ-05083,GLD-08,adept,2026-03-08,
MEM-03730,WIZ-05084,GLD-10,Apprentice,2023-04-23,
MEM-03731,WIZ-05085,GLD-10,apprentice,2025-03-29,
MEM-03732,WIZ-05086,GLD-09,apprentice,2026-01-29,
MEM-03733,WIZ-05087,GLD-11,adept,2024-08-05,
MEM-03734,WIZ-05088,GLD-04,Adept,2026-01-28,2026-03-27
MEM-03735,WIZ-05088,GLD-04,archmage,2026-03-27,
MEM-03736,WIZ-05089,GLD-02,Adept,2025-09-26,
MEM-03737,WIZ-05092,GLD-11,APPRENTICE,2024-12-15,
MEM-03738,WIZ-05094,GLD-05,adept,2025-08-23,
MEM-03739,WIZ-05097,GLD-09,apprentice,2023-01-23,
MEM-03740,WIZ-05099,GLD-12,apprentice,2024-02-18,
MEM-03741,WIZ-05101,GLD-12,apprentice,2025-09-13,
MEM-03742,WIZ-05102,GLD-03,adept,2026-05-01,
MEM-03743,WIZ-05103,GLD-09,apprentice,2023-11-26,
MEM-03744,WIZ-05104,GLD-11,APPRENTICE,2026-04-01,
MEM-03745,WIZ-05105,GLD-04,apprentice,2024-07-15,2025-12-25
MEM-03746,WIZ-05105,GLD-04,adept,2025-12-25,
MEM-03747,WIZ-05106,GLD-11,apprentice,2026-06-06,
MEM-03748,WIZ-05108,GLD-05,apprentice,2024-03-11,
MEM-03749,WIZ-05110,GLD-09,Apprentice,2025-10-08,
MEM-03750,WIZ-05111,GLD-07,apprentice,2025-02-13,2025-12-17
MEM-03751,WIZ-05111,GLD-07,Adept,2025-12-17,
MEM-03752,WIZ-05115,GLD-02,apprentice,2023-09-22,
MEM-03753,WIZ-05117,GLD-06,archmage,2026-06-16,
MEM-03754,WIZ-05119,GLD-01,apprentice,2023-09-10,2024-01-28
MEM-03755,WIZ-05119,GLD-01,adept,2024-01-28,
MEM-03756,WIZ-05122,GLD-06,Adept,2026-05-02,
MEM-03757,WIZ-05123,GLD-11,apprentice,2024-11-15,2026-06-21
MEM-03758,WIZ-05123,GLD-11,ADEPT,2026-06-21,
MEM-03759,WIZ-05125,GLD-03,apprentice,2025-10-17,
MEM-03760,WIZ-05126,GLD-11,apprentice,2024-11-17,
MEM-03761,WIZ-05128,GLD-01,apprentice,2023-04-07,2023-08-31
MEM-03762,WIZ-05128,GLD-01,adept,2023-08-31,
MEM-03763,WIZ-05130,GLD-05,apprentice,2024-10-10,
MEM-03764,WIZ-05132,GLD-12,apprentice,2024-03-12,
MEM-03765,WIZ-05133,GLD-09,Adept,2024-09-17,
MEM-03766,WIZ-05134,GLD-04,apprentice,2026-06-16,
MEM-03767,WIZ-05136,GLD-06,archmage,2023-09-29,
MEM-03768,WIZ-05137,GLD-08,Adept,2025-06-16,2025-08-20
MEM-03769,WIZ-05137,GLD-08,ARCHMAGE,2025-08-20,
MEM-03770,WIZ-05138,GLD-11,Adept,2026-06-30,
MEM-03771,WIZ-05139,GLD-03,ADEPT,2026-02-09,
MEM-03772,WIZ-05140,GLD-07,Archmage,2024-05-19,
MEM-03773,WIZ-05141,GLD-02,apprentice,2025-12-01,
MEM-03774,WIZ-05142,GLD-10,adept,2023-09-04,
MEM-03775,WIZ-05143,GLD-09,adept,2023-12-28,
MEM-03776,WIZ-05144,GLD-12,apprentice,2025-08-17,
MEM-03777,WIZ-05145,GLD-07,adept,2026-05-19,
MEM-03778,WIZ-05146,GLD-01,adept,2023-12-06,
MEM-03779,WIZ-05147,GLD-05,apprentice,2025-11-30,
MEM-03780,WIZ-05148,GLD-03,apprentice,2024-03-05,
MEM-03781,WIZ-05151,GLD-11,Adept,2026-04-30,
MEM-03782,WIZ-05153,GLD-04,APPRENTICE,2024-01-14,
MEM-03783,WIZ-05159,GLD-08,apprentice,2023-09-25,
MEM-03784,WIZ-05164,GLD-08,adept,2026-06-21,
MEM-03785,WIZ-05166,GLD-08,Apprentice,2026-02-19,
MEM-03786,WIZ-05168,GLD-10,apprentice,2026-05-17,
MEM-03787,WIZ-05171,GLD-12,apprentice,2024-09-03,
MEM-03788,WIZ-05172,GLD-03,Apprentice,2025-01-03,2025-07-24
MEM-03789,WIZ-05172,GLD-03,Adept,2025-07-24,
MEM-03790,WIZ-05173,GLD-01,apprentice,2024-03-23,2026-01-16
MEM-03791,WIZ-05173,GLD-01,Adept,2026-01-16,
MEM-03792,WIZ-05175,GLD-09,apprentice,2026-06-20,
MEM-03793,WIZ-05176,GLD-11,apprentice,2024-06-06,
MEM-03794,WIZ-05177,GLD-03,adept,2024-02-15,
MEM-03795,WIZ-05178,GLD-06,APPRENTICE,2025-01-05,
MEM-03796,WIZ-05179,GLD-04,adept,2025-07-12,
MEM-03797,WIZ-05180,GLD-11,apprentice,2024-10-11,
MEM-03798,WIZ-05181,GLD-03,Adept,2025-03-12,
MEM-03799,WIZ-05183,GLD-09,Archmage,2023-12-26,
MEM-03800,WIZ-05184,GLD-08,Apprentice,2025-05-26,
MEM-03801,WIZ-05186,GLD-10,Adept,2026-05-18,
MEM-03802,WIZ-05187,GLD-09,apprentice,2024-02-24,
MEM-03803,WIZ-05188,GLD-11,apprentice,2024-09-23,
MEM-03804,WIZ-05190,GLD-09,apprentice,2023-05-21,
MEM-03805,WIZ-05192,GLD-08,adept,2024-12-29,2025-02-28
MEM-03806,WIZ-05192,GLD-08,archmage,2025-02-28,
MEM-03807,WIZ-05194,GLD-12,apprentice,2024-10-11,
MEM-03808,WIZ-05198,GLD-05,apprentice,2026-04-07,
MEM-03809,WIZ-05199,GLD-11,apprentice,2025-12-10,
MEM-03810,WIZ-05200,GLD-08,apprentice,2025-05-20,
MEM-03811,WIZ-05204,GLD-05,ADEPT,2023-12-23,
MEM-03812,WIZ-05205,GLD-07,adept,2026-01-25,2026-06-11
MEM-03813,WIZ-05205,GLD-07,Archmage,2026-06-11,
MEM-03814,WIZ-05207,GLD-12,APPRENTICE,2026-03-05,
MEM-03815,WIZ-05209,GLD-01,apprentice,2026-04-16,
MEM-03816,WIZ-05210,GLD-03,archmage,2025-09-10,
MEM-03817,WIZ-05212,GLD-01,apprentice,2024-10-04,
MEM-03818,WIZ-05213,GLD-10,Archmage,2024-10-15,
MEM-03819,WIZ-05215,GLD-12,apprentice,2024-06-21,
MEM-03820,WIZ-05216,GLD-02,adept,2026-04-12,
MEM-03821,WIZ-05220,GLD-05,archmage,2025-07-15,
MEM-03822,WIZ-05223,GLD-02,adept,2026-03-12,
MEM-03823,WIZ-05224,GLD-09,Archmage,2025-01-24,
MEM-03824,WIZ-05226,GLD-05,adept,2024-07-11,
MEM-03825,WIZ-05227,GLD-12,adept,2026-05-12,
MEM-03826,WIZ-05228,GLD-01,adept,2026-06-08,
MEM-03827,WIZ-05229,GLD-11,apprentice,2025-08-19,
MEM-03828,WIZ-05230,GLD-03,apprentice,2026-02-12,
MEM-03829,WIZ-05231,GLD-10,adept,2025-07-29,
MEM-03830,WIZ-05233,GLD-05,apprentice,2023-12-25,2025-01-04
MEM-03831,WIZ-05233,GLD-05,adept,2025-01-04,
MEM-03832,WIZ-05234,GLD-03,apprentice,2025-06-10,
MEM-03833,WIZ-05235,GLD-08,Adept,2026-06-27,
MEM-03834,WIZ-05236,GLD-04,apprentice,2026-05-10,
MEM-03835,WIZ-05238,GLD-03,apprentice,2024-07-13,
MEM-03836,WIZ-05239,GLD-01,archmage,2026-05-03,
MEM-03837,WIZ-05240,GLD-07,apprentice,2026-06-06,
MEM-03838,WIZ-05241,GLD-04,apprentice,2026-03-20,
MEM-03839,WIZ-05242,GLD-11,apprentice,2025-09-09,
MEM-03840,WIZ-05243,GLD-11,adept,2024-04-29,
MEM-03841,WIZ-05244,GLD-08,apprentice,2025-07-13,
MEM-03842,WIZ-05245,GLD-10,apprentice,2024-10-16,
MEM-03843,WIZ-05246,GLD-02,apprentice,2025-10-21,
MEM-03844,WIZ-05248,GLD-10,archmage,2025-08-20,
MEM-03845,WIZ-05249,GLD-01,apprentice,2026-04-04,
MEM-03846,WIZ-05250,GLD-08,APPRENTICE,2025-12-06,
MEM-03847,WIZ-05252,GLD-12,apprentice,2026-06-24,
MEM-03848,WIZ-05253,GLD-12,apprentice,2023-03-16,
MEM-03849,WIZ-05255,GLD-03,apprentice,2024-10-08,
MEM-03850,WIZ-05256,GLD-05,adept,2024-03-25,
MEM-03851,WIZ-05258,GLD-06,adept,2025-03-18,
MEM-03852,WIZ-05260,GLD-06,archmage,2026-03-27,
MEM-03853,WIZ-05261,GLD-03,apprentice,2025-10-17,
MEM-03854,WIZ-05262,GLD-09,apprentice,2025-11-06,
MEM-03855,WIZ-05263,GLD-02,apprentice,2025-04-12,
MEM-03856,WIZ-05264,GLD-04,adept,2025-06-21,
MEM-03857,WIZ-05265,GLD-02,adept,2025-08-18,
MEM-03858,WIZ-05266,GLD-11,apprentice,2024-09-28,
MEM-03859,WIZ-05267,GLD-08,apprentice,2024-02-16,
MEM-03860,WIZ-05269,GLD-04,Apprentice,2023-07-23,
MEM-03861,WIZ-05272,GLD-06,apprentice,2025-04-07,2025-05-28
MEM-03862,WIZ-05272,GLD-06,adept,2025-05-28,
MEM-03863,WIZ-05275,GLD-03,apprentice,2024-10-17,2026-01-29
MEM-03864,WIZ-05275,GLD-03,adept,2026-01-29,
MEM-03865,WIZ-05276,GLD-05,adept,2026-03-17,2026-04-18
MEM-03866,WIZ-05276,GLD-05,Archmage,2026-04-18,
MEM-03867,WIZ-05278,GLD-06,Archmage,2024-01-13,
MEM-03868,WIZ-05281,GLD-03,apprentice,2024-08-19,
MEM-03869,WIZ-05283,GLD-10,apprentice,2024-05-21,
MEM-03870,WIZ-05284,GLD-08,APPRENTICE,2025-05-17,
MEM-03871,WIZ-05285,GLD-05,apprentice,2023-12-07,
MEM-03872,WIZ-05286,GLD-08,Apprentice,2023-09-10,
MEM-03873,WIZ-05290,GLD-04,Adept,2025-08-11,2026-01-19
MEM-03874,WIZ-05290,GLD-04,archmage,2026-01-19,
MEM-03875,WIZ-05291,GLD-10,adept,2024-10-18,2025-04-02
MEM-03876,WIZ-05291,GLD-10,archmage,2025-04-02,
MEM-03877,WIZ-05292,GLD-01,adept,2024-02-29,
MEM-03878,WIZ-05293,GLD-01,ARCHMAGE,2026-05-20,
MEM-03879,WIZ-05297,GLD-03,Adept,2026-05-19,
MEM-03880,WIZ-05300,GLD-06,apprentice,2025-04-01,
MEM-03881,WIZ-05302,GLD-12,Archmage,2024-05-28,
MEM-03882,WIZ-05303,GLD-01,apprentice,2026-06-21,
MEM-03883,WIZ-05304,GLD-07,APPRENTICE,2025-08-25,
MEM-03884,WIZ-05305,GLD-08,apprentice,2025-10-04,
MEM-03885,WIZ-05306,GLD-02,APPRENTICE,2024-11-08,
MEM-03886,WIZ-05307,GLD-10,adept,2026-02-26,
MEM-03887,WIZ-05309,GLD-12,apprentice,2024-11-18,2026-03-17
MEM-03888,WIZ-05309,GLD-12,adept,2026-03-17,
MEM-03889,WIZ-05311,GLD-12,apprentice,2024-04-04,
MEM-03890,WIZ-05312,GLD-07,Adept,2024-05-09,
MEM-03891,WIZ-05313,GLD-10,Apprentice,2026-04-22,
MEM-03892,WIZ-05314,GLD-07,apprentice,2023-10-03,
MEM-03893,WIZ-05315,GLD-04,adept,2024-10-11,
MEM-03894,WIZ-05316,GLD-12,apprentice,2024-11-19,
MEM-03895,WIZ-05317,GLD-06,apprentice,2025-03-25,
MEM-03896,WIZ-05322,GLD-04,apprentice,2025-02-02,
MEM-03897,WIZ-05323,GLD-06,Adept,2025-07-19,
MEM-03898,WIZ-05324,GLD-05,apprentice,2025-11-25,
MEM-03899,WIZ-05326,GLD-08,Apprentice,2024-09-09,
MEM-03900,WIZ-05329,GLD-11,apprentice,2023-04-11,
MEM-03901,WIZ-05330,GLD-09,apprentice,2024-03-05,2025-11-15
MEM-03902,WIZ-05330,GLD-09,adept,2025-11-15,
MEM-03903,WIZ-05331,GLD-05,Adept,2026-06-14,
MEM-03904,WIZ-05332,GLD-01,Apprentice,2026-03-30,
MEM-03905,WIZ-05333,GLD-06,apprentice,2024-11-13,2024-12-17
MEM-03906,WIZ-05333,GLD-06,adept,2024-12-17,
MEM-03907,WIZ-05334,GLD-02,adept,2023-12-01,2025-04-29
MEM-03908,WIZ-05334,GLD-02,archmage,2025-04-29,
MEM-03909,WIZ-05335,GLD-10,apprentice,2025-11-22,
MEM-03910,WIZ-05336,GLD-11,apprentice,2026-05-17,
MEM-03911,WIZ-05337,GLD-12,apprentice,2023-06-03,
MEM-03912,WIZ-05338,GLD-05,Apprentice,2024-03-04,
MEM-03913,WIZ-05342,GLD-07,adept,2024-05-31,2025-12-25
MEM-03914,WIZ-05342,GLD-07,ARCHMAGE,2025-12-25,
MEM-03915,WIZ-05343,GLD-07,apprentice,2023-08-04,2024-06-03
MEM-03916,WIZ-05343,GLD-07,ADEPT,2024-06-03,
MEM-03917,WIZ-05344,GLD-07,adept,2024-09-04,
MEM-03918,WIZ-05346,GLD-09,apprentice,2025-09-12,
MEM-03919,WIZ-05347,GLD-01,ARCHMAGE,2023-04-27,
MEM-03920,WIZ-05349,GLD-06,Archmage,2024-04-30,
MEM-03921,WIZ-05351,GLD-05,apprentice,2025-08-14,
MEM-03922,WIZ-05353,GLD-01,apprentice,2026-02-03,
MEM-03923,WIZ-05355,GLD-11,ADEPT,2023-06-04,
MEM-03924,WIZ-05356,GLD-11,archmage,2026-03-16,
MEM-03925,WIZ-05357,GLD-08,APPRENTICE,2025-12-19,
MEM-03926,WIZ-05358,GLD-04,apprentice,2025-12-07,
MEM-03927,WIZ-05359,GLD-12,adept,2025-11-07,
MEM-03928,WIZ-05360,GLD-01,adept,2023-08-09,
MEM-03929,WIZ-05361,GLD-01,apprentice,2024-03-12,
MEM-03930,WIZ-05363,GLD-04,adept,2024-06-08,
MEM-03931,WIZ-05366,GLD-01,adept,2025-07-29,
MEM-03932,WIZ-05369,GLD-05,APPRENTICE,2026-04-14,
MEM-03933,WIZ-05371,GLD-07,apprentice,2025-04-12,
MEM-03934,WIZ-05373,GLD-08,adept,2024-04-13,
MEM-03935,WIZ-05374,GLD-04,apprentice,2023-10-09,2024-04-10
MEM-03936,WIZ-05374,GLD-04,adept,2024-04-10,
MEM-03937,WIZ-05375,GLD-02,Adept,2026-06-07,
MEM-03938,WIZ-05376,GLD-02,archmage,2026-05-03,
MEM-03939,WIZ-05377,GLD-03,Apprentice,2026-06-27,
MEM-03940,WIZ-05378,GLD-12,apprentice,2025-02-12,2026-03-20
MEM-03941,WIZ-05378,GLD-12,adept,2026-03-20,
MEM-03942,WIZ-05379,GLD-08,apprentice,2026-06-25,
MEM-03943,WIZ-05380,GLD-01,adept,2024-12-08,
MEM-03944,WIZ-05381,GLD-01,apprentice,2025-10-24,
MEM-03945,WIZ-05383,GLD-06,apprentice,2026-04-30,
MEM-03946,WIZ-05384,GLD-02,apprentice,2026-06-18,
MEM-03947,WIZ-05385,GLD-10,apprentice,2025-05-01,
MEM-03948,WIZ-05386,GLD-06,apprentice,2025-12-12,
MEM-03949,WIZ-05387,GLD-02,apprentice,2025-02-26,
MEM-03950,WIZ-05388,GLD-08,apprentice,2026-01-23,
MEM-03951,WIZ-05389,GLD-06,Adept,2026-05-26,
MEM-03952,WIZ-05391,GLD-11,ADEPT,2025-04-17,
MEM-03953,WIZ-05392,GLD-04,apprentice,2024-02-05,
MEM-03954,WIZ-05393,GLD-04,APPRENTICE,2024-06-15,
MEM-03955,WIZ-05394,GLD-12,apprentice,2024-03-03,
MEM-03956,WIZ-05396,GLD-04,adept,2024-11-25,
MEM-03957,WIZ-05397,GLD-09,APPRENTICE,2026-05-14,
MEM-03958,WIZ-05400,GLD-02,apprentice,2023-12-21,
MEM-03959,WIZ-05401,GLD-11,APPRENTICE,2025-04-10,
MEM-03960,WIZ-05402,GLD-05,adept,2025-04-27,
MEM-03961,WIZ-05404,GLD-05,Archmage,2026-03-19,
MEM-03962,WIZ-05406,GLD-02,apprentice,2024-03-17,
MEM-03963,WIZ-05407,GLD-05,apprentice,2025-03-13,
MEM-03964,WIZ-05408,GLD-11,ADEPT,2025-05-26,
MEM-03965,WIZ-05410,GLD-09,apprentice,2024-02-26,
MEM-03966,WIZ-05412,GLD-12,Archmage,2026-02-24,
MEM-03967,WIZ-05414,GLD-12,Apprentice,2025-03-29,
MEM-03968,WIZ-05415,GLD-11,apprentice,2025-06-24,2025-08-15
MEM-03969,WIZ-05415,GLD-11,adept,2025-08-15,
MEM-03970,WIZ-05416,GLD-01,Apprentice,2026-06-15,
MEM-03971,WIZ-05419,GLD-08,Adept,2024-10-14,
MEM-03972,WIZ-05421,GLD-11,Apprentice,2026-01-17,2026-03-03
MEM-03973,WIZ-05421,GLD-11,adept,2026-03-03,
MEM-03974,WIZ-05422,GLD-04,APPRENTICE,2024-12-07,
MEM-03975,WIZ-05423,GLD-12,apprentice,2026-04-21,
MEM-03976,WIZ-05424,GLD-10,Apprentice,2025-07-30,
MEM-03977,WIZ-05425,GLD-10,Adept,2025-04-14,
MEM-03978,WIZ-05426,GLD-07,apprentice,2026-06-21,
MEM-03979,WIZ-05428,GLD-12,apprentice,2025-10-29,
MEM-03980,WIZ-05430,GLD-06,apprentice,2024-08-31,
MEM-03981,WIZ-05432,GLD-07,apprentice,2026-05-29,
MEM-03982,WIZ-05433,GLD-03,adept,2026-05-15,
MEM-03983,WIZ-05434,GLD-08,apprentice,2026-05-15,
MEM-03984,WIZ-05435,GLD-08,Apprentice,2025-12-17,
MEM-03985,WIZ-05436,GLD-08,Apprentice,2025-09-14,
MEM-03986,WIZ-05437,GLD-03,apprentice,2025-04-30,
MEM-03987,WIZ-05438,GLD-09,apprentice,2024-09-14,
MEM-03988,WIZ-05439,GLD-11,apprentice,2024-08-07,
MEM-03989,WIZ-05440,GLD-08,apprentice,2025-03-01,
MEM-03990,WIZ-05442,GLD-09,adept,2024-08-19,
MEM-03991,WIZ-05443,GLD-04,Apprentice,2024-10-03,
MEM-03992,WIZ-05444,GLD-03,adept,2024-12-30,2026-04-23
MEM-03993,WIZ-05444,GLD-03,archmage,2026-04-23,
MEM-03994,WIZ-05445,GLD-10,apprentice,2025-10-05,
MEM-03995,WIZ-05446,GLD-09,apprentice,2025-06-29,
MEM-03996,WIZ-05451,GLD-02,adept,2025-03-05,
MEM-03997,WIZ-05452,GLD-07,Adept,2026-04-22,
MEM-03998,WIZ-05453,GLD-08,adept,2026-05-13,
MEM-03999,WIZ-05454,GLD-01,apprentice,2025-11-01,
MEM-04000,WIZ-05457,GLD-11,Apprentice,2025-06-05,2026-06-24
MEM-04001,WIZ-05457,GLD-11,adept,2026-06-24,
MEM-04002,WIZ-05461,GLD-10,apprentice,2024-12-13,
MEM-04003,WIZ-05463,GLD-05,APPRENTICE,2025-11-12,
MEM-04004,WIZ-05464,GLD-02,apprentice,2025-02-17,
MEM-04005,WIZ-05465,GLD-08,apprentice,2026-05-07,
MEM-04006,WIZ-05466,GLD-09,adept,2026-06-20,
MEM-04007,WIZ-05468,GLD-08,apprentice,2026-01-10,
MEM-04008,WIZ-05469,GLD-02,apprentice,2026-02-06,
MEM-04009,WIZ-05470,GLD-12,Adept,2025-06-30,2026-04-27
MEM-04010,WIZ-05470,GLD-12,Archmage,2026-04-27,
MEM-04011,WIZ-05471,GLD-12,APPRENTICE,2026-01-13,
MEM-04012,WIZ-05472,GLD-04,apprentice,2024-11-20,
MEM-04013,WIZ-05473,GLD-11,adept,2024-08-20,
MEM-04014,WIZ-05474,GLD-05,archmage,2025-08-03,
MEM-04015,WIZ-05475,GLD-07,apprentice,2024-09-21,
MEM-04016,WIZ-05476,GLD-03,Apprentice,2025-08-31,
MEM-04017,WIZ-05478,GLD-07,adept,2026-01-20,
MEM-04018,WIZ-05480,GLD-11,adept,2026-03-21,
MEM-04019,WIZ-05481,GLD-06,apprentice,2026-06-09,
MEM-04020,WIZ-05484,GLD-05,apprentice,2026-04-26,2026-06-14
MEM-04021,WIZ-05484,GLD-05,adept,2026-06-14,
MEM-04022,WIZ-05485,GLD-07,Apprentice,2024-08-01,
MEM-04023,WIZ-05488,GLD-10,apprentice,2023-07-11,
MEM-04024,WIZ-05489,GLD-06,Apprentice,2024-05-01,
MEM-04025,WIZ-05490,GLD-12,apprentice,2025-07-20,
MEM-04026,WIZ-05496,GLD-09,apprentice,2023-11-13,
MEM-04027,WIZ-05497,GLD-10,Apprentice,2025-10-17,
MEM-04028,WIZ-05498,GLD-03,archmage,2024-07-11,
MEM-04029,WIZ-05500,GLD-06,adept,2023-07-07,
MEM-04030,WIZ-05503,GLD-11,archmage,2025-06-17,
MEM-04031,WIZ-05506,GLD-10,adept,2024-10-12,
MEM-04032,WIZ-05507,GLD-03,Apprentice,2024-05-02,
MEM-04033,WIZ-05508,GLD-01,Apprentice,2025-03-05,
MEM-04034,WIZ-05509,GLD-05,Adept,2026-06-23,
MEM-04035,WIZ-05511,GLD-12,Apprentice,2023-01-18,
MEM-04036,WIZ-05512,GLD-03,archmage,2026-06-08,
MEM-04037,WIZ-05515,GLD-05,apprentice,2025-04-06,
MEM-04038,WIZ-05517,GLD-12,apprentice,2026-06-01,
MEM-04039,WIZ-05518,GLD-09,apprentice,2023-04-22,
MEM-04040,WIZ-05519,GLD-05,apprentice,2024-09-25,
MEM-04041,WIZ-05520,GLD-06,apprentice,2024-09-28,
MEM-04042,WIZ-05521,GLD-11,apprentice,2025-02-11,2025-09-22
MEM-04043,WIZ-05521,GLD-11,adept,2025-09-22,
MEM-04044,WIZ-05523,GLD-09,APPRENTICE,2026-02-13,
MEM-04045,WIZ-05524,GLD-07,apprentice,2025-07-06,
MEM-04046,WIZ-05527,GLD-07,archmage,2026-02-13,
MEM-04047,WIZ-05528,GLD-03,adept,2026-04-02,
MEM-04048,WIZ-05530,GLD-11,archmage,2024-09-20,
MEM-04049,WIZ-05531,GLD-01,apprentice,2026-06-02,
MEM-04050,WIZ-05534,GLD-11,adept,2024-03-26,
MEM-04051,WIZ-05537,GLD-08,apprentice,2024-03-28,
MEM-04052,WIZ-05538,GLD-10,Apprentice,2024-10-24,
MEM-04053,WIZ-05539,GLD-07,adept,2024-10-01,
MEM-04054,WIZ-05541,GLD-11,apprentice,2024-10-25,
MEM-04055,WIZ-05544,GLD-03,apprentice,2025-03-31,
MEM-04056,WIZ-05545,GLD-08,apprentice,2024-07-13,
MEM-04057,WIZ-05546,GLD-12,ADEPT,2024-02-16,2024-10-27
MEM-04058,WIZ-05546,GLD-12,archmage,2024-10-27,
MEM-04059,WIZ-05548,GLD-05,apprentice,2024-12-11,
MEM-04060,WIZ-05549,GLD-09,apprentice,2026-04-11,
MEM-04061,WIZ-05550,GLD-05,apprentice,2023-07-03,
MEM-04062,WIZ-05552,GLD-08,apprentice,2026-06-17,
MEM-04063,WIZ-05553,GLD-11,apprentice,2025-12-03,
MEM-04064,WIZ-05554,GLD-08,archmage,2026-02-14,
MEM-04065,WIZ-05555,GLD-08,apprentice,2023-04-23,
MEM-04066,WIZ-05556,GLD-02,apprentice,2024-02-16,
MEM-04067,WIZ-05557,GLD-07,Apprentice,2026-06-30,
MEM-04068,WIZ-05559,GLD-08,Archmage,2024-12-18,
MEM-04069,WIZ-05561,GLD-05,Apprentice,2024-08-21,
MEM-04070,WIZ-05563,GLD-03,apprentice,2026-06-13,
MEM-04071,WIZ-05565,GLD-04,archmage,2025-11-10,
MEM-04072,WIZ-05567,GLD-08,Adept,2026-04-26,2026-05-27
MEM-04073,WIZ-05567,GLD-08,archmage,2026-05-27,
MEM-04074,WIZ-05569,GLD-11,adept,2024-11-03,
MEM-04075,WIZ-05571,GLD-09,apprentice,2026-04-08,
MEM-04076,WIZ-05572,GLD-10,Apprentice,2023-06-25,
MEM-04077,WIZ-05573,GLD-10,adept,2023-07-13,
MEM-04078,WIZ-05574,GLD-09,ADEPT,2026-05-12,
MEM-04079,WIZ-05575,GLD-08,apprentice,2023-03-03,
MEM-04080,WIZ-05576,GLD-12,Adept,2023-12-09,
MEM-04081,WIZ-05577,GLD-09,apprentice,2024-10-12,
MEM-04082,WIZ-05579,GLD-05,APPRENTICE,2026-06-26,
MEM-04083,WIZ-05580,GLD-04,Adept,2026-02-12,
MEM-04084,WIZ-05581,GLD-08,adept,2026-04-18,
MEM-04085,WIZ-05582,GLD-03,apprentice,2025-01-21,
MEM-04086,WIZ-05583,GLD-07,apprentice,2023-12-29,
MEM-04087,WIZ-05584,GLD-04,apprentice,2026-03-31,2026-06-24
MEM-04088,WIZ-05584,GLD-04,adept,2026-06-24,
MEM-04089,WIZ-05585,GLD-06,adept,2026-06-19,
MEM-04090,WIZ-05586,GLD-01,apprentice,2026-03-30,
MEM-04091,WIZ-05587,GLD-06,apprentice,2026-05-26,
MEM-04092,WIZ-05588,GLD-07,Archmage,2026-06-06,
MEM-04093,WIZ-05589,GLD-08,adept,2026-06-12,
MEM-04094,WIZ-05591,GLD-07,ADEPT,2023-11-21,
MEM-04095,WIZ-05593,GLD-10,apprentice,2026-06-25,
MEM-04096,WIZ-05594,GLD-07,apprentice,2023-07-07,2024-11-22
MEM-04097,WIZ-05594,GLD-07,adept,2024-11-22,
MEM-04098,WIZ-05595,GLD-08,apprentice,2026-05-11,
MEM-04099,WIZ-05596,GLD-03,apprentice,2024-02-23,
MEM-04100,WIZ-05599,GLD-04,apprentice,2026-03-22,
MEM-04101,WIZ-05600,GLD-09,Archmage,2024-11-14,
MEM-04102,WIZ-05603,GLD-06,Adept,2025-11-01,
MEM-04103,WIZ-05605,GLD-12,apprentice,2025-08-22,
MEM-04104,WIZ-05607,GLD-01,apprentice,2025-06-17,
MEM-04105,WIZ-05608,GLD-05,apprentice,2024-02-08,
MEM-04106,WIZ-05609,GLD-03,Archmage,2024-06-04,
MEM-04107,WIZ-05610,GLD-07,adept,2023-09-15,
MEM-04108,WIZ-05611,GLD-01,Apprentice,2025-11-06,
MEM-04109,WIZ-05612,GLD-12,apprentice,2025-11-15,2026-03-15
MEM-04110,WIZ-05612,GLD-12,adept,2026-03-15,
MEM-04111,WIZ-05615,GLD-09,adept,2025-10-26,
MEM-04112,WIZ-05616,GLD-09,adept,2023-05-06,
MEM-04113,WIZ-05618,GLD-01,Apprentice,2025-07-02,
MEM-04114,WIZ-05620,GLD-04,Adept,2026-05-09,
MEM-04115,WIZ-05621,GLD-12,Adept,2025-08-10,
MEM-04116,WIZ-05622,GLD-04,apprentice,2023-09-29,
MEM-04117,WIZ-05625,GLD-04,archmage,2026-03-24,
MEM-04118,WIZ-05626,GLD-02,apprentice,2026-06-26,
MEM-04119,WIZ-05627,GLD-05,Adept,2026-06-12,
MEM-04120,WIZ-05629,GLD-02,adept,2026-06-03,
MEM-04121,WIZ-05631,GLD-08,Adept,2024-10-13,
MEM-04122,WIZ-05632,GLD-06,apprentice,2025-04-25,
MEM-04123,WIZ-05633,GLD-02,adept,2025-05-31,
MEM-04124,WIZ-05635,GLD-03,Adept,2026-04-02,
MEM-04125,WIZ-05640,GLD-09,adept,2024-07-08,2025-02-01
MEM-04126,WIZ-05640,GLD-09,archmage,2025-02-01,
MEM-04127,WIZ-05641,GLD-07,apprentice,2024-04-09,
MEM-04128,WIZ-05643,GLD-12,ADEPT,2025-12-30,
MEM-04129,WIZ-05645,GLD-12,apprentice,2024-12-04,
MEM-04130,WIZ-05646,GLD-03,apprentice,2026-04-12,
MEM-04131,WIZ-05648,GLD-03,adept,2023-04-16,
MEM-04132,WIZ-05649,GLD-02,adept,2026-01-18,
MEM-04133,WIZ-05650,GLD-07,Apprentice,2024-11-18,
MEM-04134,WIZ-05651,GLD-10,Apprentice,2026-03-21,
MEM-04135,WIZ-05652,GLD-04,apprentice,2024-04-29,
MEM-04136,WIZ-05653,GLD-08,adept,2023-11-01,
MEM-04137,WIZ-05654,GLD-08,Apprentice,2026-01-26,
MEM-04138,WIZ-05655,GLD-08,apprentice,2026-01-30,
MEM-04139,WIZ-05658,GLD-11,apprentice,2024-02-25,
MEM-04140,WIZ-05659,GLD-02,apprentice,2025-09-15,
MEM-04141,WIZ-05660,GLD-06,apprentice,2026-01-05,
MEM-04142,WIZ-05661,GLD-08,apprentice,2026-02-23,
MEM-04143,WIZ-05662,GLD-12,apprentice,2025-12-15,
MEM-04144,WIZ-05663,GLD-05,ADEPT,2024-10-12,2026-02-12
MEM-04145,WIZ-05663,GLD-05,archmage,2026-02-12,
MEM-04146,WIZ-05665,GLD-07,apprentice,2025-06-21,2026-02-24
MEM-04147,WIZ-05665,GLD-07,adept,2026-02-24,
MEM-04148,WIZ-05666,GLD-02,adept,2024-06-10,2025-11-25
MEM-04149,WIZ-05666,GLD-02,ARCHMAGE,2025-11-25,
MEM-04150,WIZ-05668,GLD-06,apprentice,2025-09-11,
MEM-04151,WIZ-05669,GLD-04,adept,2025-04-26,2026-01-19
MEM-04152,WIZ-05669,GLD-04,archmage,2026-01-19,
MEM-04153,WIZ-05670,GLD-02,apprentice,2026-02-17,
MEM-04154,WIZ-05671,GLD-03,apprentice,2024-08-01,
MEM-04155,WIZ-05673,GLD-08,archmage,2025-06-03,
MEM-04156,WIZ-05674,GLD-03,adept,2023-09-30,
MEM-04157,WIZ-05676,GLD-12,archmage,2023-10-21,
MEM-04158,WIZ-05677,GLD-08,APPRENTICE,2026-02-05,
MEM-04159,WIZ-05678,GLD-03,Apprentice,2025-08-28,
MEM-04160,WIZ-05680,GLD-02,ADEPT,2025-10-06,
MEM-04161,WIZ-05682,GLD-06,Adept,2024-08-10,
MEM-04162,WIZ-05683,GLD-06,ADEPT,2025-05-22,
MEM-04163,WIZ-05684,GLD-11,adept,2026-06-17,
MEM-04164,WIZ-05685,GLD-09,apprentice,2025-07-27,
MEM-04165,WIZ-05686,GLD-05,Apprentice,2026-04-30,
MEM-04166,WIZ-05693,GLD-09,Adept,2025-02-24,
MEM-04167,WIZ-05695,GLD-07,apprentice,2026-06-07,
MEM-04168,WIZ-05698,GLD-04,apprentice,2025-11-23,2026-06-10
MEM-04169,WIZ-05698,GLD-04,Adept,2026-06-10,
MEM-04170,WIZ-05700,GLD-11,archmage,2025-12-10,
MEM-04171,WIZ-05703,GLD-03,adept,2025-11-03,
MEM-04172,WIZ-05704,GLD-02,Apprentice,2023-12-05,
MEM-04173,WIZ-05705,GLD-02,apprentice,2024-06-05,
MEM-04174,WIZ-05708,GLD-02,apprentice,2026-04-10,2026-06-07
MEM-04175,WIZ-05708,GLD-02,adept,2026-06-07,
MEM-04176,WIZ-05709,GLD-12,apprentice,2026-02-02,
MEM-04177,WIZ-05710,GLD-06,APPRENTICE,2026-03-26,
MEM-04178,WIZ-05711,GLD-03,Apprentice,2026-01-03,
MEM-04179,WIZ-05712,GLD-07,apprentice,2025-09-25,
MEM-04180,WIZ-05714,GLD-09,Adept,2025-08-09,
MEM-04181,WIZ-05715,GLD-02,apprentice,2026-06-24,
MEM-04182,WIZ-05716,GLD-08,apprentice,2024-04-26,
MEM-04183,WIZ-05717,GLD-04,Apprentice,2025-02-15,
MEM-04184,WIZ-05719,GLD-03,ADEPT,2025-11-27,2026-05-29
MEM-04185,WIZ-05719,GLD-03,ARCHMAGE,2026-05-29,
MEM-04186,WIZ-05720,GLD-10,adept,2023-08-09,
MEM-04187,WIZ-05722,GLD-09,apprentice,2025-03-01,
MEM-04188,WIZ-05723,GLD-05,Adept,2025-07-01,2026-03-26
MEM-04189,WIZ-05723,GLD-05,archmage,2026-03-26,
MEM-04190,WIZ-05724,GLD-11,Apprentice,2026-06-10,
MEM-04191,WIZ-05725,GLD-04,apprentice,2025-06-25,
MEM-04192,WIZ-05726,GLD-05,apprentice,2024-06-27,
MEM-04193,WIZ-05727,GLD-12,apprentice,2026-01-23,
MEM-04194,WIZ-05728,GLD-08,adept,2025-12-29,
MEM-04195,WIZ-05729,GLD-05,Apprentice,2025-07-18,2026-01-29
MEM-04196,WIZ-05729,GLD-05,ADEPT,2026-01-29,
MEM-04197,WIZ-05730,GLD-11,Apprentice,2024-01-22,
MEM-04198,WIZ-05731,GLD-05,Apprentice,2023-12-25,
MEM-04199,WIZ-05732,GLD-05,apprentice,2025-01-20,
MEM-04200,WIZ-05733,GLD-01,archmage,2024-12-16,
MEM-04201,WIZ-05734,GLD-07,apprentice,2023-08-07,
MEM-04202,WIZ-05735,GLD-10,apprentice,2023-11-13,2024-09-28
MEM-04203,WIZ-05735,GLD-10,ADEPT,2024-09-28,
MEM-04204,WIZ-05736,GLD-06,apprentice,2026-06-06,
MEM-04205,WIZ-05738,GLD-04,APPRENTICE,2026-05-19,
MEM-04206,WIZ-05740,GLD-05,Apprentice,2024-06-05,
MEM-04207,WIZ-05741,GLD-01,Apprentice,2023-05-03,
MEM-04208,WIZ-05742,GLD-06,apprentice,2023-09-11,
MEM-04209,WIZ-05744,GLD-08,Adept,2025-06-11,
MEM-04210,WIZ-05745,GLD-07,apprentice,2025-09-22,
MEM-04211,WIZ-05746,GLD-08,apprentice,2024-10-07,
MEM-04212,WIZ-05748,GLD-06,Apprentice,2025-04-09,
MEM-04213,WIZ-05752,GLD-12,adept,2025-03-07,2025-05-10
MEM-04214,WIZ-05752,GLD-12,Archmage,2025-05-10,
MEM-04215,WIZ-05757,GLD-05,Apprentice,2026-03-22,
MEM-04216,WIZ-05758,GLD-06,Apprentice,2023-12-29,
MEM-04217,WIZ-05761,GLD-02,adept,2026-05-15,
MEM-04218,WIZ-05762,GLD-02,apprentice,2024-11-20,
MEM-04219,WIZ-05763,GLD-10,ARCHMAGE,2024-10-07,
MEM-04220,WIZ-05767,GLD-08,adept,2026-05-29,
MEM-04221,WIZ-05768,GLD-06,apprentice,2026-01-02,
MEM-04222,WIZ-05769,GLD-03,Apprentice,2024-11-01,2025-05-25
MEM-04223,WIZ-05769,GLD-03,adept,2025-05-25,
MEM-04224,WIZ-05770,GLD-05,APPRENTICE,2025-05-24,
MEM-04225,WIZ-05772,GLD-02,apprentice,2023-12-04,
MEM-04226,WIZ-05774,GLD-05,archmage,2026-05-02,
MEM-04227,WIZ-05775,GLD-06,APPRENTICE,2024-06-20,
MEM-04228,WIZ-05776,GLD-05,apprentice,2025-05-12,
MEM-04229,WIZ-05777,GLD-08,apprentice,2024-07-07,
MEM-04230,WIZ-05778,GLD-08,APPRENTICE,2025-10-10,
MEM-04231,WIZ-05779,GLD-05,Apprentice,2026-02-23,
MEM-04232,WIZ-05780,GLD-07,apprentice,2024-12-23,2025-06-06
MEM-04233,WIZ-05780,GLD-07,Adept,2025-06-06,
MEM-04234,WIZ-05782,GLD-04,apprentice,2025-03-13,
MEM-04235,WIZ-05784,GLD-07,Apprentice,2023-10-08,
MEM-04236,WIZ-05788,GLD-01,apprentice,2024-10-27,2025-04-07
MEM-04237,WIZ-05788,GLD-01,adept,2025-04-07,
MEM-04238,WIZ-05792,GLD-05,apprentice,2023-12-03,
MEM-04239,WIZ-05794,GLD-09,Apprentice,2026-02-02,
MEM-04240,WIZ-05795,GLD-04,apprentice,2025-04-09,
MEM-04241,WIZ-05798,GLD-04,apprentice,2025-12-16,
MEM-04242,WIZ-05799,GLD-04,apprentice,2024-05-09,
MEM-04243,WIZ-05807,GLD-07,apprentice,2024-03-08,
MEM-04244,WIZ-05808,GLD-05,apprentice,2023-12-29,2024-02-29
MEM-04245,WIZ-05808,GLD-05,adept,2024-02-29,
MEM-04246,WIZ-05809,GLD-05,apprentice,2025-04-22,
MEM-04247,WIZ-05812,GLD-12,apprentice,2025-04-06,
MEM-04248,WIZ-05814,GLD-08,apprentice,2023-09-06,
MEM-04249,WIZ-05815,GLD-04,adept,2024-07-20,
MEM-04250,WIZ-05819,GLD-07,apprentice,2023-07-23,
MEM-04251,WIZ-05820,GLD-11,apprentice,2024-07-24,2024-09-06
MEM-04252,WIZ-05820,GLD-11,adept,2024-09-06,
MEM-04253,WIZ-05822,GLD-02,APPRENTICE,2026-06-06,
MEM-04254,WIZ-05823,GLD-09,apprentice,2025-02-18,
MEM-04255,WIZ-05824,GLD-06,apprentice,2026-01-07,
MEM-04256,WIZ-05825,GLD-07,Apprentice,2024-03-24,
MEM-04257,WIZ-05826,GLD-08,apprentice,2026-05-19,
MEM-04258,WIZ-05827,GLD-04,ADEPT,2025-04-04,2026-06-10
MEM-04259,WIZ-05827,GLD-04,archmage,2026-06-10,
MEM-04260,WIZ-05828,GLD-07,apprentice,2025-01-11,
MEM-04261,WIZ-05830,GLD-02,Apprentice,2025-06-27,
MEM-04262,WIZ-05831,GLD-04,APPRENTICE,2025-09-20,
MEM-04263,WIZ-05833,GLD-10,apprentice,2025-01-18,
MEM-04264,WIZ-05835,GLD-09,apprentice,2026-03-09,2026-06-02
MEM-04265,WIZ-05835,GLD-09,adept,2026-06-02,
MEM-04266,WIZ-05836,GLD-09,Archmage,2025-06-15,
MEM-04267,WIZ-05840,GLD-07,apprentice,2025-04-09,
MEM-04268,WIZ-05841,GLD-03,adept,2023-10-31,2024-02-12
MEM-04269,WIZ-05841,GLD-03,archmage,2024-02-12,
MEM-04270,WIZ-05842,GLD-10,adept,2026-05-16,
MEM-04271,WIZ-05845,GLD-05,apprentice,2023-12-26,2025-10-23
MEM-04272,WIZ-05845,GLD-05,adept,2025-10-23,
MEM-04273,WIZ-05846,GLD-06,apprentice,2024-06-30,
MEM-04274,WIZ-05848,GLD-08,apprentice,2025-01-05,
MEM-04275,WIZ-05849,GLD-07,apprentice,2025-06-17,
MEM-04276,WIZ-05850,GLD-11,Apprentice,2026-06-14,
MEM-04277,WIZ-05851,GLD-11,apprentice,2024-03-04,
MEM-04278,WIZ-05852,GLD-08,adept,2025-06-24,
MEM-04279,WIZ-05853,GLD-09,APPRENTICE,2023-08-30,
MEM-04280,WIZ-05857,GLD-10,adept,2026-03-27,
MEM-04281,WIZ-05858,GLD-07,Archmage,2024-12-29,
MEM-04282,WIZ-05860,GLD-02,adept,2025-08-13,2025-11-17
MEM-04283,WIZ-05860,GLD-02,archmage,2025-11-17,
MEM-04284,WIZ-05861,GLD-02,apprentice,2024-09-20,
MEM-04285,WIZ-05862,GLD-08,apprentice,2026-03-21,
MEM-04286,WIZ-05865,GLD-09,Apprentice,2026-02-09,
MEM-04287,WIZ-05866,GLD-11,adept,2026-01-08,2026-03-16
MEM-04288,WIZ-05866,GLD-11,ARCHMAGE,2026-03-16,
MEM-04289,WIZ-05867,GLD-12,adept,2026-04-09,
MEM-04290,WIZ-05868,GLD-09,Apprentice,2025-12-03,
MEM-04291,WIZ-05869,GLD-02,apprentice,2023-12-02,2025-02-21
MEM-04292,WIZ-05869,GLD-02,ADEPT,2025-02-21,
MEM-04293,WIZ-05870,GLD-01,Adept,2023-04-03,
MEM-04294,WIZ-05871,GLD-11,Apprentice,2025-04-15,
MEM-04295,WIZ-05874,GLD-05,apprentice,2024-09-11,
MEM-04296,WIZ-05875,GLD-10,Apprentice,2026-06-17,
MEM-04297,WIZ-05878,GLD-10,apprentice,2023-09-11,2024-12-04
MEM-04298,WIZ-05878,GLD-10,Adept,2024-12-04,
MEM-04299,WIZ-05880,GLD-05,archmage,2026-01-06,
MEM-04300,WIZ-05881,GLD-09,apprentice,2026-03-23,
MEM-04301,WIZ-05883,GLD-09,Apprentice,2025-08-17,
MEM-04302,WIZ-05884,GLD-12,Apprentice,2026-02-26,
MEM-04303,WIZ-05885,GLD-12,adept,2025-11-28,
MEM-04304,WIZ-05887,GLD-03,apprentice,2024-01-24,
MEM-04305,WIZ-05888,GLD-02,apprentice,2025-11-13,
MEM-04306,WIZ-05889,GLD-12,APPRENTICE,2024-04-25,
MEM-04307,WIZ-05890,GLD-09,apprentice,2024-10-17,2025-03-01
MEM-04308,WIZ-05890,GLD-09,Adept,2025-03-01,
MEM-04309,WIZ-05891,GLD-04,apprentice,2025-08-17,
MEM-04310,WIZ-05892,GLD-12,apprentice,2025-05-20,
MEM-04311,WIZ-05893,GLD-04,ADEPT,2024-08-08,2025-04-07
MEM-04312,WIZ-05893,GLD-04,archmage,2025-04-07,
MEM-04313,WIZ-05895,GLD-03,ADEPT,2026-05-13,
MEM-04314,WIZ-05897,GLD-03,apprentice,2025-03-26,
MEM-04315,WIZ-05898,GLD-08,archmage,2024-02-06,
MEM-04316,WIZ-05899,GLD-04,archmage,2023-08-20,
MEM-04317,WIZ-05900,GLD-10,apprentice,2026-06-02,
MEM-04318,WIZ-05901,GLD-10,apprentice,2024-12-29,
MEM-04319,WIZ-05902,GLD-05,apprentice,2025-05-24,2025-10-29
MEM-04320,WIZ-05902,GLD-05,Adept,2025-10-29,
MEM-04321,WIZ-05904,GLD-11,apprentice,2024-11-17,
MEM-04322,WIZ-05905,GLD-05,apprentice,2024-05-19,
MEM-04323,WIZ-05906,GLD-10,APPRENTICE,2026-04-20,
MEM-04324,WIZ-05907,GLD-01,Apprentice,2025-02-24,
MEM-04325,WIZ-05908,GLD-12,ADEPT,2026-02-18,
MEM-04326,WIZ-05909,GLD-10,adept,2026-05-15,
MEM-04327,WIZ-05911,GLD-10,apprentice,2026-04-22,
MEM-04328,WIZ-05912,GLD-10,apprentice,2026-04-11,
MEM-04329,WIZ-05913,GLD-05,apprentice,2026-06-13,
MEM-04330,WIZ-05919,GLD-11,apprentice,2024-11-12,2026-01-04
MEM-04331,WIZ-05919,GLD-11,adept,2026-01-04,
MEM-04332,WIZ-05921,GLD-06,adept,2023-08-10,
MEM-04333,WIZ-05925,GLD-03,adept,2024-06-20,
MEM-04334,WIZ-05926,GLD-05,adept,2025-07-16,
MEM-04335,WIZ-05927,GLD-11,apprentice,2025-12-29,
MEM-04336,WIZ-05930,GLD-04,apprentice,2026-04-14,2026-06-26
MEM-04337,WIZ-05930,GLD-04,adept,2026-06-26,
MEM-04338,WIZ-05932,GLD-09,apprentice,2026-06-22,
MEM-04339,WIZ-05933,GLD-11,Adept,2025-09-20,2026-02-09
MEM-04340,WIZ-05933,GLD-11,archmage,2026-02-09,
MEM-04341,WIZ-05934,GLD-03,apprentice,2024-07-01,
MEM-04342,WIZ-05935,GLD-10,ADEPT,2024-06-18,
MEM-04343,WIZ-05937,GLD-12,apprentice,2025-05-17,
MEM-04344,WIZ-05938,GLD-01,adept,2026-01-13,
MEM-04345,WIZ-05940,GLD-05,apprentice,2026-05-14,
MEM-04346,WIZ-05943,GLD-11,apprentice,2024-12-10,
MEM-04347,WIZ-05944,GLD-04,apprentice,2024-04-14,
MEM-04348,WIZ-05946,GLD-01,apprentice,2025-04-13,
MEM-04349,WIZ-05947,GLD-11,apprentice,2025-12-25,
MEM-04350,WIZ-05954,GLD-09,Apprentice,2024-08-19,
MEM-04351,WIZ-05957,GLD-12,apprentice,2024-02-16,
MEM-04352,WIZ-05961,GLD-05,apprentice,2024-08-28,
MEM-04353,WIZ-05964,GLD-12,Apprentice,2024-12-19,
MEM-04354,WIZ-05965,GLD-08,apprentice,2025-02-03,2025-05-07
MEM-04355,WIZ-05965,GLD-08,ADEPT,2025-05-07,
MEM-04356,WIZ-05966,GLD-06,adept,2026-06-06,
MEM-04357,WIZ-05967,GLD-04,Apprentice,2026-01-27,2026-03-31
MEM-04358,WIZ-05967,GLD-04,adept,2026-03-31,
MEM-04359,WIZ-05969,GLD-10,Apprentice,2025-03-03,2025-05-11
MEM-04360,WIZ-05969,GLD-10,adept,2025-05-11,
MEM-04361,WIZ-05970,GLD-03,adept,2025-11-24,2026-04-26
MEM-04362,WIZ-05970,GLD-03,archmage,2026-04-26,
MEM-04363,WIZ-05971,GLD-02,apprentice,2025-11-29,
MEM-04364,WIZ-05972,GLD-10,apprentice,2025-11-10,
MEM-04365,WIZ-05976,GLD-01,apprentice,2026-06-28,
MEM-04366,WIZ-05979,GLD-10,apprentice,2026-01-09,
MEM-04367,WIZ-05980,GLD-09,adept,2023-12-29,
MEM-04368,WIZ-05981,GLD-06,apprentice,2024-07-14,2024-09-01
MEM-04369,WIZ-05981,GLD-06,Adept,2024-09-01,
MEM-04370,WIZ-05983,GLD-02,apprentice,2024-03-08,2024-12-10
MEM-04371,WIZ-05983,GLD-02,adept,2024-12-10,
MEM-04372,WIZ-05984,GLD-11,Apprentice,2025-04-23,
MEM-04373,WIZ-05986,GLD-08,adept,2025-01-13,
MEM-04374,WIZ-05987,GLD-02,adept,2026-04-29,
MEM-04375,WIZ-05988,GLD-02,apprentice,2025-08-20,
MEM-04376,WIZ-05991,GLD-06,Apprentice,2024-03-06,
MEM-04377,WIZ-05992,GLD-04,apprentice,2025-07-26,
MEM-04378,WIZ-05993,GLD-01,Adept,2025-11-29,
MEM-04379,WIZ-05994,GLD-03,adept,2025-11-10,
MEM-04380,WIZ-05996,GLD-01,adept,2026-06-29,
MEM-04381,WIZ-05997,GLD-12,adept,2026-01-14,2026-06-15
MEM-04382,WIZ-05997,GLD-12,archmage,2026-06-15,
MEM-04383,WIZ-05998,GLD-01,apprentice,2024-07-17,2026-05-02
MEM-04384,WIZ-05998,GLD-01,adept,2026-05-02,
MEM-04385,WIZ-05999,GLD-04,Apprentice,2024-12-01,
MEM-04386,WIZ-06000,GLD-03,apprentice,2024-11-28,
MEM-04387,WIZ-06001,GLD-11,adept,2026-03-07,
MEM-04388,WIZ-06004,GLD-11,apprentice,2025-06-05,
MEM-04389,WIZ-06005,GLD-08,Apprentice,2025-08-29,
MEM-04390,WIZ-06006,GLD-06,Adept,2026-03-14,
MEM-04391,WIZ-06007,GLD-08,apprentice,2025-10-10,
MEM-04392,WIZ-06008,GLD-05,Adept,2023-10-30,2025-02-08
MEM-04393,WIZ-06008,GLD-05,Archmage,2025-02-08,
MEM-04394,WIZ-06009,GLD-04,adept,2026-06-18,
MEM-04395,WIZ-06010,GLD-10,archmage,2026-06-28,
MEM-04396,WIZ-06012,GLD-12,apprentice,2026-04-08,
MEM-04397,WIZ-06014,GLD-06,adept,2025-07-27,
MEM-04398,WIZ-06016,GLD-07,APPRENTICE,2024-09-12,
MEM-04399,WIZ-06020,GLD-02,apprentice,2023-12-22,
MEM-04400,WIZ-06022,GLD-12,Apprentice,2025-07-12,
MEM-04401,WIZ-06023,GLD-04,Apprentice,2026-03-25,
MEM-04402,WIZ-06024,GLD-06,Apprentice,2026-04-28,
MEM-04403,WIZ-06026,GLD-05,apprentice,2025-01-25,
MEM-04404,WIZ-06027,GLD-04,adept,2023-09-24,
MEM-04405,WIZ-06029,GLD-03,Apprentice,2025-05-24,
MEM-04406,WIZ-06031,GLD-05,Apprentice,2026-02-10,
MEM-04407,WIZ-06033,GLD-06,Apprentice,2026-06-18,
MEM-04408,WIZ-06037,GLD-04,apprentice,2026-04-06,
MEM-04409,WIZ-06038,GLD-05,apprentice,2024-11-08,
MEM-04410,WIZ-06039,GLD-06,apprentice,2026-06-18,
MEM-04411,WIZ-06041,GLD-11,APPRENTICE,2026-06-23,
MEM-04412,WIZ-06042,GLD-07,Apprentice,2024-02-28,
MEM-04413,WIZ-06043,GLD-09,APPRENTICE,2024-07-10,
MEM-04414,WIZ-06044,GLD-06,apprentice,2025-03-15,2025-11-24
MEM-04415,WIZ-06044,GLD-06,adept,2025-11-24,
MEM-04416,WIZ-06046,GLD-04,archmage,2024-05-02,
MEM-04417,WIZ-06049,GLD-07,apprentice,2025-02-08,
MEM-04418,WIZ-06050,GLD-08,Adept,2025-09-25,2026-05-08
MEM-04419,WIZ-06050,GLD-08,archmage,2026-05-08,
MEM-04420,WIZ-06053,GLD-01,apprentice,2026-03-09,
MEM-04421,WIZ-06054,GLD-05,apprentice,2025-12-11,
MEM-04422,WIZ-06055,GLD-11,Apprentice,2025-11-12,
MEM-04423,WIZ-06057,GLD-07,apprentice,2026-02-22,
MEM-04424,WIZ-06059,GLD-09,adept,2024-05-16,
MEM-04425,WIZ-06060,GLD-08,ADEPT,2026-05-10,
MEM-04426,WIZ-06062,GLD-02,ARCHMAGE,2024-02-09,
MEM-04427,WIZ-06064,GLD-03,adept,2023-12-08,2025-05-23
MEM-04428,WIZ-06064,GLD-03,archmage,2025-05-23,
MEM-04429,WIZ-06067,GLD-06,adept,2026-03-16,
MEM-04430,WIZ-06068,GLD-05,apprentice,2025-03-04,2025-05-28
MEM-04431,WIZ-06068,GLD-05,Adept,2025-05-28,
MEM-04432,WIZ-06069,GLD-08,apprentice,2024-08-23,2025-09-20
MEM-04433,WIZ-06069,GLD-08,adept,2025-09-20,
MEM-04434,WIZ-06071,GLD-06,apprentice,2024-01-16,2025-10-30
MEM-04435,WIZ-06071,GLD-06,Adept,2025-10-30,
MEM-04436,WIZ-06074,GLD-06,Adept,2024-05-03,
MEM-04437,WIZ-06075,GLD-11,apprentice,2025-06-18,
MEM-04438,WIZ-06077,GLD-02,Adept,2025-12-14,2026-04-19
MEM-04439,WIZ-06077,GLD-02,archmage,2026-04-19,
MEM-04440,WIZ-06078,GLD-02,archmage,2025-09-13,
MEM-04441,WIZ-06080,GLD-01,apprentice,2023-06-05,
MEM-04442,WIZ-06081,GLD-02,archmage,2026-06-08,
MEM-04443,WIZ-06083,GLD-05,apprentice,2025-05-10,
MEM-04444,WIZ-06084,GLD-07,archmage,2025-10-21,
MEM-04445,WIZ-06085,GLD-06,apprentice,2024-11-27,
MEM-04446,WIZ-06086,GLD-12,APPRENTICE,2024-12-27,
MEM-04447,WIZ-06088,GLD-06,APPRENTICE,2025-12-03,2026-03-20
MEM-04448,WIZ-06088,GLD-06,Adept,2026-03-20,
MEM-04449,WIZ-06089,GLD-11,adept,2024-12-29,
MEM-04450,WIZ-06090,GLD-10,Apprentice,2024-01-08,
MEM-04451,WIZ-06091,GLD-09,APPRENTICE,2025-09-19,
MEM-04452,WIZ-06092,GLD-02,apprentice,2026-03-15,
MEM-04453,WIZ-06093,GLD-01,adept,2024-11-26,
MEM-04454,WIZ-06095,GLD-01,apprentice,2026-06-05,
MEM-04455,WIZ-06096,GLD-09,apprentice,2026-05-05,
MEM-04456,WIZ-06097,GLD-01,apprentice,2025-02-04,
MEM-04457,WIZ-06098,GLD-08,apprentice,2025-04-02,
MEM-04458,WIZ-06100,GLD-02,apprentice,2023-06-30,2025-01-13
MEM-04459,WIZ-06100,GLD-02,Adept,2025-01-13,
MEM-04460,WIZ-06101,GLD-06,apprentice,2024-03-19,
MEM-04461,WIZ-06105,GLD-12,Apprentice,2025-07-03,
MEM-04462,WIZ-06106,GLD-04,adept,2025-01-15,
MEM-04463,WIZ-06107,GLD-01,adept,2025-03-08,
MEM-04464,WIZ-06109,GLD-07,Apprentice,2025-03-26,
MEM-04465,WIZ-06110,GLD-04,apprentice,2025-08-30,
MEM-04466,WIZ-06111,GLD-10,apprentice,2025-02-22,
MEM-04467,WIZ-06112,GLD-08,Apprentice,2025-03-10,2026-02-01
MEM-04468,WIZ-06112,GLD-08,adept,2026-02-01,
MEM-04469,WIZ-06113,GLD-11,archmage,2026-04-04,
MEM-04470,WIZ-06114,GLD-10,apprentice,2025-06-25,2025-09-05
MEM-04471,WIZ-06114,GLD-10,adept,2025-09-05,
MEM-04472,WIZ-06115,GLD-04,Archmage,2025-09-20,
MEM-04473,WIZ-06117,GLD-05,APPRENTICE,2025-07-13,
MEM-04474,WIZ-06121,GLD-11,adept,2025-03-24,
MEM-04475,WIZ-06123,GLD-09,apprentice,2025-11-13,
MEM-04476,WIZ-06124,GLD-11,apprentice,2026-05-12,
MEM-04477,WIZ-06125,GLD-10,apprentice,2025-11-25,
MEM-04478,WIZ-06127,GLD-06,apprentice,2024-04-18,
MEM-04479,WIZ-06129,GLD-01,APPRENTICE,2024-06-26,
MEM-04480,WIZ-06132,GLD-05,ADEPT,2026-06-23,
MEM-04481,WIZ-06135,GLD-05,adept,2024-05-10,
MEM-04482,WIZ-06136,GLD-01,apprentice,2024-05-21,
MEM-04483,WIZ-06137,GLD-10,Apprentice,2025-09-06,
MEM-04484,WIZ-06140,GLD-08,Apprentice,2025-03-20,
MEM-04485,WIZ-06143,GLD-03,apprentice,2026-04-02,
MEM-04486,WIZ-06146,GLD-01,Apprentice,2023-06-16,
MEM-04487,WIZ-06147,GLD-03,apprentice,2026-04-06,2026-05-08
MEM-04488,WIZ-06147,GLD-03,adept,2026-05-08,
MEM-04489,WIZ-06148,GLD-05,apprentice,2023-07-20,
MEM-04490,WIZ-06149,GLD-02,Apprentice,2025-05-29,
MEM-04491,WIZ-06152,GLD-03,archmage,2026-04-14,
MEM-04492,WIZ-06154,GLD-05,apprentice,2023-11-15,2024-11-09
MEM-04493,WIZ-06154,GLD-05,adept,2024-11-09,
MEM-04494,WIZ-06155,GLD-01,Apprentice,2026-02-13,
MEM-04495,WIZ-06156,GLD-06,apprentice,2024-11-26,
MEM-04496,WIZ-06157,GLD-08,adept,2026-04-22,
MEM-04497,WIZ-06158,GLD-03,apprentice,2025-03-30,
MEM-04498,WIZ-06160,GLD-02,apprentice,2025-06-10,
MEM-04499,WIZ-06161,GLD-11,apprentice,2026-04-12,
MEM-04500,WIZ-06162,GLD-07,apprentice,2025-08-22,
MEM-04501,WIZ-06163,GLD-11,apprentice,2024-12-04,
MEM-04502,WIZ-06166,GLD-08,Apprentice,2025-12-08,
MEM-04503,WIZ-06167,GLD-02,ARCHMAGE,2023-09-19,
MEM-04504,WIZ-06169,GLD-05,apprentice,2025-07-26,
MEM-04505,WIZ-06170,GLD-01,apprentice,2025-02-26,
MEM-04506,WIZ-06171,GLD-03,Apprentice,2026-03-15,
MEM-04507,WIZ-06172,GLD-01,archmage,2024-10-02,
MEM-04508,WIZ-06173,GLD-02,apprentice,2025-12-16,
MEM-04509,WIZ-06178,GLD-09,apprentice,2024-07-18,
MEM-04510,WIZ-06179,GLD-10,adept,2026-01-28,
MEM-04511,WIZ-06180,GLD-03,APPRENTICE,2026-04-07,
MEM-04512,WIZ-06181,GLD-09,apprentice,2025-12-25,
MEM-04513,WIZ-06182,GLD-07,Apprentice,2023-08-25,
MEM-04514,WIZ-06183,GLD-10,Adept,2023-05-13,
MEM-04515,WIZ-06184,GLD-03,apprentice,2025-03-12,
MEM-04516,WIZ-06185,GLD-10,adept,2026-06-17,
MEM-04517,WIZ-06186,GLD-11,apprentice,2024-03-04,
MEM-04518,WIZ-06188,GLD-06,apprentice,2024-05-20,2025-10-18
MEM-04519,WIZ-06188,GLD-06,ADEPT,2025-10-18,
MEM-04520,WIZ-06190,GLD-03,APPRENTICE,2026-03-27,
MEM-04521,WIZ-06191,GLD-07,apprentice,2026-05-17,
MEM-04522,WIZ-06192,GLD-12,Apprentice,2025-08-12,
MEM-04523,WIZ-06194,GLD-05,Adept,2026-03-31,
MEM-04524,WIZ-06195,GLD-03,archmage,2026-05-05,
MEM-04525,WIZ-06196,GLD-01,apprentice,2023-09-22,
MEM-04526,WIZ-06198,GLD-12,apprentice,2026-06-27,
MEM-04527,WIZ-06199,GLD-09,Apprentice,2025-11-06,2026-04-02
MEM-04528,WIZ-06199,GLD-09,adept,2026-04-02,
MEM-04529,WIZ-06200,GLD-12,apprentice,2025-09-11,
MEM-04530,WIZ-06201,GLD-03,archmage,2024-06-25,
MEM-04531,WIZ-06202,GLD-01,ADEPT,2025-07-25,
MEM-04532,WIZ-06205,GLD-04,ADEPT,2026-01-03,
MEM-04533,WIZ-06206,GLD-04,apprentice,2026-01-13,
MEM-04534,WIZ-06208,GLD-05,apprentice,2023-02-08,
MEM-04535,WIZ-06209,GLD-08,archmage,2026-06-30,
MEM-04536,WIZ-06210,GLD-06,archmage,2026-06-07,
MEM-04537,WIZ-06211,GLD-05,Adept,2024-11-16,
MEM-04538,WIZ-06213,GLD-08,Apprentice,2024-12-19,
MEM-04539,WIZ-06215,GLD-04,apprentice,2024-02-18,
MEM-04540,WIZ-06216,GLD-11,adept,2026-02-18,
MEM-04541,WIZ-06217,GLD-12,APPRENTICE,2025-07-10,
MEM-04542,WIZ-06219,GLD-08,archmage,2024-11-06,
MEM-04543,WIZ-06220,GLD-06,apprentice,2026-06-05,
MEM-04544,WIZ-06221,GLD-05,apprentice,2025-05-13,
MEM-04545,WIZ-06223,GLD-03,APPRENTICE,2026-06-22,
MEM-04546,WIZ-06224,GLD-11,apprentice,2026-05-10,
MEM-04547,WIZ-06225,GLD-12,apprentice,2025-04-21,
MEM-04548,WIZ-06226,GLD-12,apprentice,2024-10-30,
MEM-04549,WIZ-06229,GLD-08,Archmage,2025-04-19,
MEM-04550,WIZ-06230,GLD-07,adept,2024-07-06,
MEM-04551,WIZ-06231,GLD-01,Apprentice,2026-01-05,
MEM-04552,WIZ-06232,GLD-07,apprentice,2026-05-28,
MEM-04553,WIZ-06233,GLD-02,apprentice,2024-11-02,
MEM-04554,WIZ-06234,GLD-02,apprentice,2025-09-09,2026-02-22
MEM-04555,WIZ-06234,GLD-02,adept,2026-02-22,
MEM-04556,WIZ-06235,GLD-09,apprentice,2024-03-22,
MEM-04557,WIZ-06236,GLD-11,APPRENTICE,2025-09-05,
MEM-04558,WIZ-06237,GLD-09,apprentice,2023-12-07,
MEM-04559,WIZ-06238,GLD-09,apprentice,2024-05-21,
MEM-04560,WIZ-06241,GLD-05,apprentice,2023-08-11,
MEM-04561,WIZ-06244,GLD-12,apprentice,2024-01-02,
MEM-04562,WIZ-06245,GLD-04,Apprentice,2025-09-07,
MEM-04563,WIZ-06246,GLD-01,Apprentice,2024-10-18,2025-05-10
MEM-04564,WIZ-06246,GLD-01,Adept,2025-05-10,
MEM-04565,WIZ-06249,GLD-01,apprentice,2024-07-24,
MEM-04566,WIZ-06250,GLD-10,adept,2024-06-07,
MEM-04567,WIZ-06251,GLD-04,apprentice,2025-06-29,
MEM-04568,WIZ-06254,GLD-04,adept,2023-08-31,
MEM-04569,WIZ-06255,GLD-09,ADEPT,2026-02-07,
MEM-04570,WIZ-06257,GLD-09,APPRENTICE,2024-03-29,
MEM-04571,WIZ-06258,GLD-12,apprentice,2025-06-27,2025-08-21
MEM-04572,WIZ-06258,GLD-12,adept,2025-08-21,
MEM-04573,WIZ-06259,GLD-04,Apprentice,2025-05-29,
MEM-04574,WIZ-06260,GLD-05,adept,2025-12-16,
MEM-04575,WIZ-06261,GLD-07,apprentice,2025-08-01,
MEM-04576,WIZ-06265,GLD-11,apprentice,2026-02-20,
MEM-04577,WIZ-06266,GLD-06,apprentice,2023-12-11,
MEM-04578,WIZ-06267,GLD-11,adept,2023-11-01,
MEM-04579,WIZ-06268,GLD-03,apprentice,2026-06-15,
MEM-04580,WIZ-06269,GLD-05,archmage,2023-05-24,
MEM-04581,WIZ-06271,GLD-11,apprentice,2024-01-29,
MEM-04582,WIZ-06272,GLD-07,adept,2024-05-27,2024-09-11
MEM-04583,WIZ-06272,GLD-07,Archmage,2024-09-11,
MEM-04584,WIZ-06273,GLD-03,adept,2025-02-08,
MEM-04585,WIZ-06274,GLD-12,archmage,2025-07-22,
MEM-04586,WIZ-06275,GLD-12,adept,2024-10-27,
MEM-04587,WIZ-06278,GLD-12,adept,2024-09-22,
MEM-04588,WIZ-06279,GLD-02,apprentice,2024-04-05,2025-07-19
MEM-04589,WIZ-06279,GLD-02,adept,2025-07-19,
MEM-04590,WIZ-06281,GLD-10,apprentice,2024-02-13,
MEM-04591,WIZ-06282,GLD-05,apprentice,2025-11-30,
MEM-04592,WIZ-06283,GLD-09,apprentice,2025-08-19,
MEM-04593,WIZ-06284,GLD-05,Archmage,2025-06-05,
MEM-04594,WIZ-06286,GLD-01,apprentice,2025-07-04,
MEM-04595,WIZ-06287,GLD-06,Apprentice,2024-06-17,
MEM-04596,WIZ-06288,GLD-09,archmage,2025-10-07,
MEM-04597,WIZ-06289,GLD-07,adept,2024-11-09,
MEM-04598,WIZ-06293,GLD-11,apprentice,2024-01-27,
MEM-04599,WIZ-06298,GLD-12,Apprentice,2024-03-29,
MEM-04600,WIZ-06299,GLD-07,apprentice,2024-05-01,
MEM-04601,WIZ-06300,GLD-03,Adept,2025-11-28,
MEM-04602,WIZ-06301,GLD-12,archmage,2025-07-07,
MEM-04603,WIZ-06302,GLD-08,apprentice,2026-01-16,
MEM-04604,WIZ-06303,GLD-01,ADEPT,2024-05-24,
MEM-04605,WIZ-06305,GLD-02,apprentice,2023-02-04,2023-08-12
MEM-04606,WIZ-06305,GLD-02,adept,2023-08-12,
MEM-04607,WIZ-06306,GLD-10,apprentice,2023-11-03,2025-09-15
MEM-04608,WIZ-06306,GLD-10,adept,2025-09-15,
MEM-04609,WIZ-06307,GLD-04,APPRENTICE,2026-03-15,
MEM-04610,WIZ-06308,GLD-09,Apprentice,2024-03-20,
MEM-04611,WIZ-06309,GLD-07,adept,2023-11-14,
MEM-04612,WIZ-06310,GLD-02,apprentice,2025-03-30,
MEM-04613,WIZ-06311,GLD-08,adept,2026-02-10,
MEM-04614,WIZ-06315,GLD-05,APPRENTICE,2025-01-10,
MEM-04615,WIZ-06316,GLD-07,adept,2024-12-20,
MEM-04616,WIZ-06317,GLD-11,apprentice,2026-02-28,
MEM-04617,WIZ-06318,GLD-04,adept,2024-08-01,2026-05-09
MEM-04618,WIZ-06318,GLD-04,archmage,2026-05-09,
MEM-04619,WIZ-06319,GLD-01,Archmage,2025-11-18,
MEM-04620,WIZ-06320,GLD-03,apprentice,2026-06-26,
MEM-04621,WIZ-06322,GLD-01,adept,2025-05-24,
MEM-04622,WIZ-06323,GLD-07,apprentice,2023-11-30,
MEM-04623,WIZ-06324,GLD-05,apprentice,2025-07-28,
MEM-04624,WIZ-06325,GLD-02,adept,2024-08-29,2025-03-12
MEM-04625,WIZ-06325,GLD-02,ARCHMAGE,2025-03-12,
MEM-04626,WIZ-06326,GLD-09,apprentice,2025-11-06,
MEM-04627,WIZ-06327,GLD-01,APPRENTICE,2024-09-18,
MEM-04628,WIZ-06330,GLD-06,Apprentice,2025-10-01,
MEM-04629,WIZ-06332,GLD-12,apprentice,2024-05-26,
MEM-04630,WIZ-06336,GLD-03,APPRENTICE,2026-06-16,
MEM-04631,WIZ-06337,GLD-12,Apprentice,2025-11-21,
MEM-04632,WIZ-06338,GLD-12,Apprentice,2023-02-14,
MEM-04633,WIZ-06339,GLD-04,Apprentice,2025-03-12,
MEM-04634,WIZ-06342,GLD-12,apprentice,2025-01-24,2025-08-02
MEM-04635,WIZ-06342,GLD-12,adept,2025-08-02,
MEM-04636,WIZ-06343,GLD-01,adept,2025-08-18,
MEM-04637,WIZ-06344,GLD-06,Apprentice,2025-03-28,2026-06-02
MEM-04638,WIZ-06344,GLD-06,adept,2026-06-02,
MEM-04639,WIZ-06345,GLD-12,apprentice,2025-11-17,
MEM-04640,WIZ-06346,GLD-12,Apprentice,2023-11-08,
MEM-04641,WIZ-06347,GLD-08,Apprentice,2023-04-08,
MEM-04642,WIZ-06348,GLD-11,Apprentice,2023-10-31,
MEM-04643,WIZ-06349,GLD-06,Apprentice,2024-04-08,
MEM-04644,WIZ-06350,GLD-03,apprentice,2025-11-28,
MEM-04645,WIZ-06351,GLD-11,adept,2026-05-27,
MEM-04646,WIZ-06352,GLD-06,apprentice,2026-04-08,
MEM-04647,WIZ-06353,GLD-07,apprentice,2024-09-27,
MEM-04648,WIZ-06357,GLD-06,apprentice,2026-04-19,2026-06-26
MEM-04649,WIZ-06357,GLD-06,adept,2026-06-26,
MEM-04650,WIZ-06362,GLD-06,ADEPT,2025-02-04,
MEM-04651,WIZ-06363,GLD-05,apprentice,2026-02-13,
MEM-04652,WIZ-06364,GLD-05,adept,2023-05-03,
MEM-04653,WIZ-06368,GLD-04,apprentice,2024-09-08,
MEM-04654,WIZ-06369,GLD-09,adept,2024-12-16,
MEM-04655,WIZ-06370,GLD-10,adept,2023-11-26,
MEM-04656,WIZ-06371,GLD-02,APPRENTICE,2026-05-07,
MEM-04657,WIZ-06372,GLD-03,apprentice,2025-07-02,
MEM-04658,WIZ-06373,GLD-01,adept,2025-06-14,
MEM-04659,WIZ-06375,GLD-01,adept,2024-01-05,
MEM-04660,WIZ-06378,GLD-02,apprentice,2026-05-07,
MEM-04661,WIZ-06382,GLD-07,archmage,2025-11-17,
MEM-04662,WIZ-06383,GLD-02,apprentice,2025-04-28,
MEM-04663,WIZ-06386,GLD-04,apprentice,2025-12-01,
MEM-04664,WIZ-06388,GLD-05,apprentice,2025-10-18,
MEM-04665,WIZ-06389,GLD-06,Apprentice,2023-10-18,
MEM-04666,WIZ-06391,GLD-05,apprentice,2026-05-22,
MEM-04667,WIZ-06393,GLD-03,adept,2025-04-19,
MEM-04668,WIZ-06395,GLD-08,apprentice,2023-12-30,2024-04-16
MEM-04669,WIZ-06395,GLD-08,Adept,2024-04-16,
MEM-04670,WIZ-06397,GLD-06,Apprentice,2025-10-29,
MEM-04671,WIZ-06398,GLD-02,Adept,2024-01-26,
MEM-04672,WIZ-06400,GLD-04,archmage,2025-02-10,
MEM-04673,WIZ-06403,GLD-02,apprentice,2026-06-07,
MEM-04674,WIZ-06404,GLD-09,adept,2024-12-02,
MEM-04675,WIZ-06405,GLD-10,apprentice,2025-11-17,
MEM-04676,WIZ-06406,GLD-09,apprentice,2023-06-23,
MEM-04677,WIZ-06408,GLD-06,adept,2025-06-30,
MEM-04678,WIZ-06409,GLD-11,archmage,2025-04-23,
MEM-04679,WIZ-06410,GLD-01,adept,2025-11-26,
MEM-04680,WIZ-06411,GLD-01,adept,2023-06-18,2025-04-14
MEM-04681,WIZ-06411,GLD-01,Archmage,2025-04-14,
MEM-04682,WIZ-06413,GLD-04,apprentice,2025-04-15,
MEM-04683,WIZ-06414,GLD-03,apprentice,2025-10-05,
MEM-04684,WIZ-06418,GLD-11,apprentice,2026-06-14,
MEM-04685,WIZ-06422,GLD-06,Adept,2026-06-30,
MEM-04686,WIZ-06424,GLD-01,apprentice,2025-05-18,
MEM-04687,WIZ-06425,GLD-08,apprentice,2024-10-31,
MEM-04688,WIZ-06426,GLD-03,apprentice,2026-04-20,
MEM-04689,WIZ-06428,GLD-03,ADEPT,2023-04-07,
MEM-04690,WIZ-06429,GLD-07,adept,2026-04-28,
MEM-04691,WIZ-06430,GLD-05,apprentice,2023-04-21,
MEM-04692,WIZ-06431,GLD-03,apprentice,2025-10-11,2026-06-06
MEM-04693,WIZ-06431,GLD-03,adept,2026-06-06,
MEM-04694,WIZ-06432,GLD-06,Adept,2026-06-12,
MEM-04695,WIZ-06433,GLD-05,archmage,2025-10-07,
MEM-04696,WIZ-06434,GLD-06,archmage,2026-06-14,
MEM-04697,WIZ-06435,GLD-08,apprentice,2025-11-09,
MEM-04698,WIZ-06436,GLD-05,apprentice,2026-05-26,
MEM-04699,WIZ-06437,GLD-10,apprentice,2026-04-13,
MEM-04700,WIZ-06439,GLD-03,Apprentice,2026-06-13,
MEM-04701,WIZ-06442,GLD-12,Archmage,2026-05-03,
MEM-04702,WIZ-06443,GLD-07,adept,2024-04-24,2025-07-06
MEM-04703,WIZ-06443,GLD-07,archmage,2025-07-06,
MEM-04704,WIZ-06444,GLD-12,archmage,2025-09-11,
MEM-04705,WIZ-06445,GLD-12,apprentice,2024-11-15,
MEM-04706,WIZ-06446,GLD-05,apprentice,2026-06-22,
MEM-04707,WIZ-06447,GLD-04,apprentice,2025-05-13,
MEM-04708,WIZ-06448,GLD-03,archmage,2024-01-15,
MEM-04709,WIZ-06450,GLD-06,Apprentice,2024-07-02,
MEM-04710,WIZ-06451,GLD-05,apprentice,2023-05-26,
MEM-04711,WIZ-06455,GLD-09,apprentice,2024-05-08,2025-05-16
MEM-04712,WIZ-06455,GLD-09,adept,2025-05-16,
MEM-04713,WIZ-06458,GLD-12,APPRENTICE,2025-05-11,
MEM-04714,WIZ-06460,GLD-08,apprentice,2024-01-16,
MEM-04715,WIZ-06461,GLD-06,apprentice,2025-09-06,2025-10-29
MEM-04716,WIZ-06461,GLD-06,adept,2025-10-29,
MEM-04717,WIZ-06464,GLD-12,adept,2025-05-07,
MEM-04718,WIZ-06465,GLD-01,apprentice,2025-08-01,
MEM-04719,WIZ-06466,GLD-06,apprentice,2025-05-27,
MEM-04720,WIZ-06467,GLD-08,APPRENTICE,2025-03-28,
MEM-04721,WIZ-06468,GLD-09,Apprentice,2024-02-04,
MEM-04722,WIZ-06469,GLD-01,apprentice,2025-03-02,
MEM-04723,WIZ-06470,GLD-01,apprentice,2024-06-23,
MEM-04724,WIZ-06471,GLD-09,adept,2024-06-23,
MEM-04725,WIZ-06472,GLD-03,apprentice,2025-12-12,
MEM-04726,WIZ-06474,GLD-01,archmage,2025-01-29,
MEM-04727,WIZ-06476,GLD-05,Adept,2024-12-17,2026-02-07
MEM-04728,WIZ-06476,GLD-05,archmage,2026-02-07,
MEM-04729,WIZ-06477,GLD-02,adept,2026-05-12,
MEM-04730,WIZ-06479,GLD-11,Adept,2025-05-28,2026-06-22
MEM-04731,WIZ-06479,GLD-11,archmage,2026-06-22,
MEM-04732,WIZ-06480,GLD-07,APPRENTICE,2025-11-18,
MEM-04733,WIZ-06482,GLD-08,Adept,2026-03-11,
MEM-04734,WIZ-06483,GLD-10,Apprentice,2024-05-26,
MEM-04735,WIZ-06484,GLD-04,APPRENTICE,2024-11-23,
MEM-04736,WIZ-06485,GLD-11,apprentice,2024-01-19,2024-06-30
MEM-04737,WIZ-06485,GLD-11,adept,2024-06-30,
MEM-04738,WIZ-06486,GLD-01,ARCHMAGE,2025-08-01,
MEM-04739,WIZ-06488,GLD-07,apprentice,2024-01-29,
MEM-04740,WIZ-06490,GLD-09,APPRENTICE,2025-03-27,
MEM-04741,WIZ-06491,GLD-02,apprentice,2026-05-20,
MEM-04742,WIZ-06493,GLD-11,Adept,2025-11-09,
MEM-04743,WIZ-06494,GLD-11,apprentice,2025-10-02,2026-05-30
MEM-04744,WIZ-06494,GLD-11,ADEPT,2026-05-30,
MEM-04745,WIZ-06497,GLD-05,Apprentice,2024-03-09,2024-08-23
MEM-04746,WIZ-06497,GLD-05,Adept,2024-08-23,
MEM-04747,WIZ-06499,GLD-01,apprentice,2025-04-26,
MEM-04748,WIZ-06501,GLD-10,archmage,2024-10-09,
MEM-04749,WIZ-06502,GLD-10,Adept,2026-04-09,
MEM-04750,WIZ-06503,GLD-04,apprentice,2023-08-28,2024-06-11
MEM-04751,WIZ-06503,GLD-04,adept,2024-06-11,
MEM-04752,WIZ-06504,GLD-12,adept,2025-03-23,
MEM-04753,WIZ-06505,GLD-01,APPRENTICE,2025-11-14,
MEM-04754,WIZ-06506,GLD-06,apprentice,2023-01-28,
MEM-04755,WIZ-06507,GLD-02,Apprentice,2025-06-22,
MEM-04756,WIZ-06508,GLD-07,archmage,2025-01-21,
MEM-04757,WIZ-06509,GLD-08,adept,2023-11-06,
MEM-04758,WIZ-06510,GLD-07,apprentice,2025-09-18,
MEM-04759,WIZ-06511,GLD-01,apprentice,2025-12-13,
MEM-04760,WIZ-06512,GLD-07,apprentice,2026-01-20,
MEM-04761,WIZ-06513,GLD-09,apprentice,2026-05-15,
MEM-04762,WIZ-06514,GLD-07,adept,2024-02-07,
MEM-04763,WIZ-06515,GLD-11,apprentice,2023-12-15,
MEM-04764,WIZ-06516,GLD-09,archmage,2024-05-27,
MEM-04765,WIZ-06518,GLD-05,adept,2024-11-12,
MEM-04766,WIZ-06522,GLD-10,apprentice,2026-05-19,
MEM-04767,WIZ-06524,GLD-10,apprentice,2026-05-11,
MEM-04768,WIZ-06525,GLD-10,adept,2025-12-23,
MEM-04769,WIZ-06526,GLD-03,apprentice,2024-09-15,
MEM-04770,WIZ-06527,GLD-07,ADEPT,2026-06-04,
MEM-04771,WIZ-06528,GLD-02,archmage,2026-05-20,
MEM-04772,WIZ-06529,GLD-11,Apprentice,2024-06-13,
MEM-04773,WIZ-06530,GLD-11,apprentice,2025-08-29,
MEM-04774,WIZ-06533,GLD-02,archmage,2024-02-15,
MEM-04775,WIZ-06534,GLD-01,Apprentice,2026-02-22,
MEM-04776,WIZ-06535,GLD-07,apprentice,2024-09-13,2025-02-15
MEM-04777,WIZ-06535,GLD-07,Adept,2025-02-15,
MEM-04778,WIZ-06536,GLD-12,apprentice,2025-02-26,
MEM-04779,WIZ-06537,GLD-02,Archmage,2025-09-14,
MEM-04780,WIZ-06538,GLD-02,apprentice,2026-05-17,
MEM-04781,WIZ-06540,GLD-04,apprentice,2025-06-08,2025-11-02
MEM-04782,WIZ-06540,GLD-04,adept,2025-11-02,
MEM-04783,WIZ-06541,GLD-04,apprentice,2025-07-25,
MEM-04784,WIZ-06546,GLD-03,adept,2025-12-01,
MEM-04785,WIZ-06547,GLD-12,Apprentice,2026-03-28,
MEM-04786,WIZ-06551,GLD-06,adept,2024-12-08,
MEM-04787,WIZ-06553,GLD-09,Adept,2025-12-20,
MEM-04788,WIZ-06557,GLD-10,adept,2023-05-25,2024-12-15
MEM-04789,WIZ-06557,GLD-10,archmage,2024-12-15,
MEM-04790,WIZ-06558,GLD-05,adept,2024-08-17,2025-02-08
MEM-04791,WIZ-06558,GLD-05,archmage,2025-02-08,
MEM-04792,WIZ-06559,GLD-06,archmage,2025-03-24,
MEM-04793,WIZ-06560,GLD-11,apprentice,2024-09-07,
MEM-04794,WIZ-06561,GLD-06,adept,2026-03-29,
MEM-04795,WIZ-06562,GLD-03,archmage,2024-01-23,
MEM-04796,WIZ-06563,GLD-02,apprentice,2025-11-16,
MEM-04797,WIZ-06565,GLD-05,adept,2025-05-23,
MEM-04798,WIZ-06566,GLD-08,adept,2024-05-13,
MEM-04799,WIZ-06568,GLD-06,adept,2024-07-31,
MEM-04800,WIZ-06569,GLD-02,Apprentice,2025-05-05,
MEM-04801,WIZ-06570,GLD-04,apprentice,2026-05-03,
MEM-04802,WIZ-06571,GLD-05,apprentice,2026-04-30,
MEM-04803,WIZ-06572,GLD-02,archmage,2026-04-03,
MEM-04804,WIZ-06574,GLD-09,adept,2024-09-25,
MEM-04805,WIZ-06575,GLD-09,ARCHMAGE,2024-04-06,
MEM-04806,WIZ-06579,GLD-08,adept,2023-08-03,
MEM-04807,WIZ-06580,GLD-02,adept,2025-09-30,
MEM-04808,WIZ-06581,GLD-06,archmage,2024-03-30,
MEM-04809,WIZ-06586,GLD-04,apprentice,2025-01-12,
MEM-04810,WIZ-06588,GLD-07,apprentice,2026-05-28,
MEM-04811,WIZ-06589,GLD-05,apprentice,2024-10-01,
MEM-04812,WIZ-06591,GLD-06,ADEPT,2026-03-20,
MEM-04813,WIZ-06592,GLD-03,apprentice,2024-04-22,
MEM-04814,WIZ-06594,GLD-09,Apprentice,2025-03-24,
MEM-04815,WIZ-06595,GLD-10,apprentice,2026-06-02,
MEM-04816,WIZ-06597,GLD-10,apprentice,2024-12-02,
MEM-04817,WIZ-06600,GLD-05,apprentice,2026-06-23,
MEM-04818,WIZ-06601,GLD-01,apprentice,2024-05-11,
MEM-04819,WIZ-06603,GLD-02,adept,2024-05-20,
MEM-04820,WIZ-06606,GLD-10,apprentice,2024-11-18,
MEM-04821,WIZ-06607,GLD-12,Adept,2024-07-20,
MEM-04822,WIZ-06608,GLD-07,APPRENTICE,2024-02-14,
MEM-04823,WIZ-06610,GLD-08,apprentice,2026-04-06,2026-06-05
MEM-04824,WIZ-06610,GLD-08,adept,2026-06-05,
MEM-04825,WIZ-06613,GLD-05,Apprentice,2025-11-23,
MEM-04826,WIZ-06614,GLD-05,adept,2025-11-11,
MEM-04827,WIZ-06615,GLD-08,APPRENTICE,2026-05-28,
MEM-04828,WIZ-06616,GLD-04,Apprentice,2026-02-14,
MEM-04829,WIZ-06617,GLD-08,Apprentice,2023-10-11,
MEM-04830,WIZ-06618,GLD-03,apprentice,2026-04-20,2026-06-16
MEM-04831,WIZ-06618,GLD-03,adept,2026-06-16,
MEM-04832,WIZ-06620,GLD-06,apprentice,2025-02-15,
MEM-04833,WIZ-06621,GLD-10,ADEPT,2025-12-02,2026-05-25
MEM-04834,WIZ-06621,GLD-10,archmage,2026-05-25,
MEM-04835,WIZ-06624,GLD-09,adept,2026-06-21,
MEM-04836,WIZ-06626,GLD-10,apprentice,2025-03-13,
MEM-04837,WIZ-06627,GLD-12,adept,2024-06-03,
MEM-04838,WIZ-06628,GLD-07,Apprentice,2026-06-30,
MEM-04839,WIZ-06629,GLD-10,apprentice,2024-07-05,
MEM-04840,WIZ-06630,GLD-09,apprentice,2025-03-22,
MEM-04841,WIZ-06631,GLD-10,Adept,2025-09-11,
MEM-04842,WIZ-06632,GLD-04,apprentice,2026-06-18,
MEM-04843,WIZ-06633,GLD-08,apprentice,2025-10-31,
MEM-04844,WIZ-06634,GLD-11,apprentice,2026-06-23,
MEM-04845,WIZ-06638,GLD-08,apprentice,2025-08-13,
MEM-04846,WIZ-06639,GLD-01,apprentice,2024-12-03,
MEM-04847,WIZ-06642,GLD-12,apprentice,2025-09-29,
MEM-04848,WIZ-06645,GLD-06,apprentice,2026-03-22,
MEM-04849,WIZ-06646,GLD-12,adept,2025-09-06,
MEM-04850,WIZ-06648,GLD-02,apprentice,2023-02-09,
MEM-04851,WIZ-06649,GLD-06,apprentice,2026-05-26,
MEM-04852,WIZ-06650,GLD-09,Adept,2025-10-29,
MEM-04853,WIZ-06652,GLD-02,archmage,2026-02-14,
MEM-04854,WIZ-06653,GLD-06,apprentice,2023-08-02,
MEM-04855,WIZ-06655,GLD-07,apprentice,2024-01-05,
MEM-04856,WIZ-06656,GLD-10,APPRENTICE,2025-06-12,
MEM-04857,WIZ-06657,GLD-07,adept,2024-10-22,
MEM-04858,WIZ-06660,GLD-08,apprentice,2025-11-27,
MEM-04859,WIZ-06661,GLD-09,apprentice,2024-11-08,
MEM-04860,WIZ-06664,GLD-01,Apprentice,2025-05-21,
MEM-04861,WIZ-06665,GLD-02,archmage,2026-04-01,
MEM-04862,WIZ-06666,GLD-03,apprentice,2025-09-07,2026-03-25
MEM-04863,WIZ-06666,GLD-03,adept,2026-03-25,
MEM-04864,WIZ-06667,GLD-09,apprentice,2023-10-17,
MEM-04865,WIZ-06668,GLD-10,apprentice,2024-07-12,
MEM-04866,WIZ-06669,GLD-01,adept,2026-02-25,
MEM-04867,WIZ-06670,GLD-01,apprentice,2023-12-09,
MEM-04868,WIZ-06674,GLD-01,apprentice,2024-03-03,
MEM-04869,WIZ-06675,GLD-01,apprentice,2024-06-13,
MEM-04870,WIZ-06676,GLD-03,apprentice,2025-12-19,
MEM-04871,WIZ-06678,GLD-10,Apprentice,2024-04-06,
MEM-04872,WIZ-06679,GLD-04,apprentice,2024-07-21,
MEM-04873,WIZ-06680,GLD-04,apprentice,2025-05-29,
MEM-04874,WIZ-06681,GLD-09,Apprentice,2026-05-22,
MEM-04875,WIZ-06682,GLD-04,adept,2025-09-03,
MEM-04876,WIZ-06684,GLD-12,adept,2023-07-28,
MEM-04877,WIZ-06685,GLD-08,APPRENTICE,2025-12-29,
MEM-04878,WIZ-06686,GLD-04,apprentice,2023-07-29,
MEM-04879,WIZ-06687,GLD-10,adept,2026-02-19,
MEM-04880,WIZ-06688,GLD-05,archmage,2023-12-28,
MEM-04881,WIZ-06690,GLD-09,ADEPT,2025-11-01,2026-01-19
MEM-04882,WIZ-06690,GLD-09,archmage,2026-01-19,
MEM-04883,WIZ-06692,GLD-11,apprentice,2024-07-16,
MEM-04884,WIZ-06694,GLD-06,apprentice,2025-09-16,
MEM-04885,WIZ-06696,GLD-12,adept,2025-12-17,
MEM-04886,WIZ-06698,GLD-11,apprentice,2024-01-10,
MEM-04887,WIZ-06699,GLD-11,apprentice,2025-03-22,
MEM-04888,WIZ-06701,GLD-07,apprentice,2025-11-15,
MEM-04889,WIZ-06702,GLD-01,Apprentice,2026-04-02,
MEM-04890,WIZ-06703,GLD-12,apprentice,2025-07-29,
MEM-04891,WIZ-06704,GLD-02,apprentice,2024-08-13,2024-10-23
MEM-04892,WIZ-06704,GLD-02,adept,2024-10-23,
MEM-04893,WIZ-06706,GLD-06,apprentice,2025-05-11,
MEM-04894,WIZ-06707,GLD-02,APPRENTICE,2025-07-12,
MEM-04895,WIZ-06708,GLD-04,adept,2023-06-20,
MEM-04896,WIZ-06709,GLD-12,adept,2026-06-14,
MEM-04897,WIZ-06710,GLD-05,apprentice,2023-08-20,2024-08-28
MEM-04898,WIZ-06710,GLD-05,Adept,2024-08-28,
MEM-04899,WIZ-06711,GLD-02,adept,2024-12-07,2025-05-20
MEM-04900,WIZ-06711,GLD-02,archmage,2025-05-20,
MEM-04901,WIZ-06712,GLD-01,Apprentice,2026-05-10,
MEM-04902,WIZ-06713,GLD-05,apprentice,2024-08-28,
MEM-04903,WIZ-06714,GLD-10,apprentice,2025-09-22,
MEM-04904,WIZ-06715,GLD-09,apprentice,2025-09-17,
MEM-04905,WIZ-06716,GLD-09,adept,2024-02-10,
MEM-04906,WIZ-06718,GLD-09,apprentice,2026-03-23,
MEM-04907,WIZ-06719,GLD-10,apprentice,2025-01-04,
MEM-04908,WIZ-06721,GLD-10,Apprentice,2026-01-08,2026-02-21
MEM-04909,WIZ-06721,GLD-10,Adept,2026-02-21,
MEM-04910,WIZ-06722,GLD-06,Adept,2024-10-14,
MEM-04911,WIZ-06725,GLD-07,adept,2026-05-17,
MEM-04912,WIZ-06726,GLD-12,apprentice,2024-01-22,2025-06-28
MEM-04913,WIZ-06726,GLD-12,adept,2025-06-28,
MEM-04914,WIZ-06728,GLD-04,apprentice,2025-02-23,
MEM-04915,WIZ-06729,GLD-05,apprentice,2025-08-29,2026-01-27
MEM-04916,WIZ-06729,GLD-05,adept,2026-01-27,
MEM-04917,WIZ-06732,GLD-01,apprentice,2026-06-28,
MEM-04918,WIZ-06733,GLD-11,Apprentice,2024-03-18,
MEM-04919,WIZ-06734,GLD-10,apprentice,2024-04-11,
MEM-04920,WIZ-06735,GLD-06,adept,2026-05-31,
MEM-04921,WIZ-06736,GLD-04,apprentice,2024-08-12,
MEM-04922,WIZ-06738,GLD-05,apprentice,2024-12-01,2025-10-19
MEM-04923,WIZ-06738,GLD-05,adept,2025-10-19,
MEM-04924,WIZ-06741,GLD-11,adept,2026-04-28,2026-06-25
MEM-04925,WIZ-06741,GLD-11,archmage,2026-06-25,
MEM-04926,WIZ-06743,GLD-01,Apprentice,2024-01-24,
MEM-04927,WIZ-06744,GLD-08,adept,2024-08-22,2025-11-21
MEM-04928,WIZ-06744,GLD-08,archmage,2025-11-21,
MEM-04929,WIZ-06745,GLD-03,Apprentice,2026-06-10,
MEM-04930,WIZ-06746,GLD-06,Apprentice,2024-05-23,
MEM-04931,WIZ-06747,GLD-12,apprentice,2026-05-14,
MEM-04932,WIZ-06748,GLD-01,apprentice,2025-11-19,
MEM-04933,WIZ-06750,GLD-08,adept,2024-08-31,2025-03-30
MEM-04934,WIZ-06750,GLD-08,archmage,2025-03-30,
MEM-04935,WIZ-06753,GLD-11,adept,2025-11-28,
MEM-04936,WIZ-06758,GLD-03,APPRENTICE,2026-03-14,
MEM-04937,WIZ-06760,GLD-01,apprentice,2023-03-14,
MEM-04938,WIZ-06761,GLD-12,adept,2025-12-20,
MEM-04939,WIZ-06762,GLD-01,apprentice,2026-06-15,
MEM-04940,WIZ-06763,GLD-12,ADEPT,2024-07-27,
MEM-04941,WIZ-06765,GLD-08,apprentice,2024-08-18,
MEM-04942,WIZ-06766,GLD-09,APPRENTICE,2023-07-15,
MEM-04943,WIZ-06768,GLD-03,Apprentice,2025-12-31,
MEM-04944,WIZ-06769,GLD-08,adept,2023-11-24,
MEM-04945,WIZ-06770,GLD-08,adept,2026-05-18,
MEM-04946,WIZ-06771,GLD-10,apprentice,2025-01-05,
MEM-04947,WIZ-06772,GLD-04,Apprentice,2025-08-16,
MEM-04948,WIZ-06773,GLD-11,APPRENTICE,2026-05-23,
MEM-04949,WIZ-06774,GLD-11,Apprentice,2024-10-20,
MEM-04950,WIZ-06775,GLD-02,apprentice,2024-03-14,
MEM-04951,WIZ-06776,GLD-05,Apprentice,2024-11-19,
MEM-04952,WIZ-06777,GLD-05,Apprentice,2026-06-22,
MEM-04953,WIZ-06778,GLD-01,adept,2025-09-06,
MEM-04954,WIZ-06780,GLD-05,archmage,2024-02-19,
MEM-04955,WIZ-06783,GLD-07,adept,2025-11-06,
MEM-04956,WIZ-06784,GLD-05,APPRENTICE,2024-11-14,
MEM-04957,WIZ-06785,GLD-09,apprentice,2024-09-07,
MEM-04958,WIZ-06786,GLD-12,Adept,2024-05-10,
MEM-04959,WIZ-06787,GLD-02,apprentice,2023-03-15,
MEM-04960,WIZ-06788,GLD-11,apprentice,2026-04-29,
MEM-04961,WIZ-06790,GLD-04,APPRENTICE,2024-08-13,
MEM-04962,WIZ-06791,GLD-02,apprentice,2026-05-07,
MEM-04963,WIZ-06794,GLD-09,Apprentice,2024-03-19,
MEM-04964,WIZ-06795,GLD-04,apprentice,2024-11-04,2025-05-23
MEM-04965,WIZ-06795,GLD-04,adept,2025-05-23,
MEM-04966,WIZ-06796,GLD-08,Apprentice,2025-05-05,
MEM-04967,WIZ-06797,GLD-04,adept,2025-10-05,
MEM-04968,WIZ-06799,GLD-12,Apprentice,2026-03-22,
MEM-04969,WIZ-06800,GLD-07,adept,2024-05-08,
MEM-04970,WIZ-06801,GLD-03,apprentice,2026-02-21,2026-05-24
MEM-04971,WIZ-06801,GLD-03,adept,2026-05-24,
MEM-04972,WIZ-06802,GLD-08,apprentice,2023-06-19,
MEM-04973,WIZ-06804,GLD-04,adept,2024-03-16,
MEM-04974,WIZ-06805,GLD-05,archmage,2025-12-13,
MEM-04975,WIZ-06809,GLD-04,archmage,2025-10-28,
MEM-04976,WIZ-06810,GLD-04,apprentice,2024-12-08,
MEM-04977,WIZ-06812,GLD-07,APPRENTICE,2023-06-26,
MEM-04978,WIZ-06813,GLD-12,APPRENTICE,2026-02-10,
MEM-04979,WIZ-06815,GLD-04,Adept,2024-09-26,2025-11-10
MEM-04980,WIZ-06815,GLD-04,Archmage,2025-11-10,
MEM-04981,WIZ-06816,GLD-11,apprentice,2026-05-07,
MEM-04982,WIZ-06817,GLD-12,adept,2023-12-17,
MEM-04983,WIZ-06818,GLD-12,Adept,2023-11-29,
MEM-04984,WIZ-06819,GLD-12,apprentice,2026-04-29,
MEM-04985,WIZ-06820,GLD-12,Apprentice,2025-12-25,
MEM-04986,WIZ-06821,GLD-09,adept,2026-05-14,
MEM-04987,WIZ-06824,GLD-11,adept,2026-02-04,
MEM-04988,WIZ-06825,GLD-12,apprentice,2025-04-19,
MEM-04989,WIZ-06826,GLD-05,Adept,2023-10-12,
MEM-04990,WIZ-06828,GLD-10,archmage,2026-02-24,
MEM-04991,WIZ-06829,GLD-10,archmage,2024-12-03,
MEM-04992,WIZ-06830,GLD-07,apprentice,2025-09-03,
MEM-04993,WIZ-06831,GLD-06,archmage,2023-11-13,
MEM-04994,WIZ-06832,GLD-07,adept,2024-09-25,
MEM-04995,WIZ-06833,GLD-04,ADEPT,2025-09-01,
MEM-04996,WIZ-06834,GLD-04,Apprentice,2026-06-29,
MEM-04997,WIZ-06836,GLD-12,apprentice,2025-02-23,
MEM-04998,WIZ-06837,GLD-11,apprentice,2025-05-11,
MEM-04999,WIZ-06840,GLD-09,apprentice,2025-11-28,
MEM-05000,WIZ-06841,GLD-03,Apprentice,2026-06-18,
MEM-05001,WIZ-06842,GLD-07,Archmage,2025-11-25,
MEM-05002,WIZ-06843,GLD-08,Adept,2023-09-07,
MEM-05003,WIZ-06844,GLD-03,apprentice,2026-02-03,
MEM-05004,WIZ-06846,GLD-10,apprentice,2025-11-20,
MEM-05005,WIZ-06847,GLD-05,Adept,2024-10-21,2025-09-09
MEM-05006,WIZ-06847,GLD-05,archmage,2025-09-09,
MEM-05007,WIZ-06848,GLD-08,apprentice,2024-08-21,
MEM-05008,WIZ-06849,GLD-08,apprentice,2024-11-24,
MEM-05009,WIZ-06850,GLD-05,apprentice,2026-03-26,
MEM-05010,WIZ-06851,GLD-02,Apprentice,2024-12-24,2026-04-08
MEM-05011,WIZ-06851,GLD-02,adept,2026-04-08,
MEM-05012,WIZ-06853,GLD-05,adept,2023-10-16,
MEM-05013,WIZ-06855,GLD-11,archmage,2026-05-02,
MEM-05014,WIZ-06857,GLD-10,Apprentice,2026-02-20,
MEM-05015,WIZ-06858,GLD-03,apprentice,2026-06-09,
MEM-05016,WIZ-06859,GLD-11,Adept,2026-04-23,2026-05-28
MEM-05017,WIZ-06859,GLD-11,ARCHMAGE,2026-05-28,
MEM-05018,WIZ-06860,GLD-04,APPRENTICE,2026-06-10,
MEM-05019,WIZ-06861,GLD-08,adept,2024-07-21,
MEM-05020,WIZ-06862,GLD-10,archmage,2024-04-08,
MEM-05021,WIZ-06863,GLD-03,adept,2024-07-08,
MEM-05022,WIZ-06864,GLD-05,apprentice,2024-03-06,
MEM-05023,WIZ-06865,GLD-03,Apprentice,2026-05-07,
MEM-05024,WIZ-06866,GLD-03,apprentice,2025-11-30,
MEM-05025,WIZ-06867,GLD-12,apprentice,2024-05-11,
MEM-05026,WIZ-06868,GLD-12,apprentice,2024-01-05,
MEM-05027,WIZ-06869,GLD-05,apprentice,2024-02-01,
MEM-05028,WIZ-06871,GLD-04,Apprentice,2023-07-19,
MEM-05029,WIZ-06874,GLD-12,ADEPT,2023-07-10,
MEM-05030,WIZ-06875,GLD-05,adept,2026-01-16,
MEM-05031,WIZ-06880,GLD-06,adept,2026-04-25,2026-06-09
MEM-05032,WIZ-06880,GLD-06,ARCHMAGE,2026-06-09,
MEM-05033,WIZ-06882,GLD-06,APPRENTICE,2026-03-06,2026-05-26
MEM-05034,WIZ-06882,GLD-06,Adept,2026-05-26,
MEM-05035,WIZ-06883,GLD-12,adept,2023-06-26,
MEM-05036,WIZ-06884,GLD-01,APPRENTICE,2025-07-12,2026-02-18
MEM-05037,WIZ-06884,GLD-01,adept,2026-02-18,
MEM-05038,WIZ-06886,GLD-10,ADEPT,2025-01-09,
MEM-05039,WIZ-06887,GLD-11,adept,2024-07-28,
MEM-05040,WIZ-06888,GLD-06,apprentice,2024-06-02,
MEM-05041,WIZ-06889,GLD-05,adept,2024-09-26,
MEM-05042,WIZ-06891,GLD-05,adept,2025-05-07,
MEM-05043,WIZ-06892,GLD-01,apprentice,2026-05-28,
MEM-05044,WIZ-06894,GLD-12,apprentice,2024-10-01,
MEM-05045,WIZ-06895,GLD-11,apprentice,2024-10-13,
MEM-05046,WIZ-06896,GLD-02,apprentice,2026-06-30,
MEM-05047,WIZ-06897,GLD-01,adept,2025-04-29,
MEM-05048,WIZ-06898,GLD-04,apprentice,2023-04-29,
MEM-05049,WIZ-06900,GLD-12,adept,2026-05-11,
MEM-05050,WIZ-06901,GLD-03,apprentice,2024-12-10,
MEM-05051,WIZ-06902,GLD-08,adept,2025-04-06,
MEM-05052,WIZ-06903,GLD-01,archmage,2025-09-02,
MEM-05053,WIZ-06904,GLD-10,apprentice,2026-04-09,2026-05-21
MEM-05054,WIZ-06904,GLD-10,adept,2026-05-21,
MEM-05055,WIZ-06911,GLD-07,apprentice,2024-01-26,
MEM-05056,WIZ-06912,GLD-06,APPRENTICE,2024-11-07,
MEM-05057,WIZ-06913,GLD-06,adept,2023-07-10,
MEM-05058,WIZ-06916,GLD-02,Apprentice,2025-03-12,2026-04-11
MEM-05059,WIZ-06916,GLD-02,adept,2026-04-11,
MEM-05060,WIZ-06917,GLD-06,apprentice,2025-08-06,2025-11-13
MEM-05061,WIZ-06917,GLD-06,adept,2025-11-13,
MEM-05062,WIZ-06918,GLD-02,Apprentice,2025-07-24,
MEM-05063,WIZ-06920,GLD-05,apprentice,2025-06-20,2025-08-24
MEM-05064,WIZ-06920,GLD-05,adept,2025-08-24,
MEM-05065,WIZ-06921,GLD-05,adept,2026-05-29,
MEM-05066,WIZ-06922,GLD-07,archmage,2024-01-04,
MEM-05067,WIZ-06923,GLD-02,apprentice,2026-04-26,
MEM-05068,WIZ-06927,GLD-07,Apprentice,2025-06-29,
MEM-05069,WIZ-06928,GLD-07,APPRENTICE,2023-09-24,
MEM-05070,WIZ-06931,GLD-02,APPRENTICE,2024-04-13,
MEM-05071,WIZ-06932,GLD-03,apprentice,2023-08-14,
MEM-05072,WIZ-06933,GLD-08,adept,2025-11-15,
MEM-05073,WIZ-06935,GLD-12,apprentice,2025-01-03,
MEM-05074,WIZ-06938,GLD-02,adept,2024-11-28,
MEM-05075,WIZ-06939,GLD-05,apprentice,2026-02-26,
MEM-05076,WIZ-06940,GLD-10,apprentice,2024-10-27,2025-05-17
MEM-05077,WIZ-06940,GLD-10,ADEPT,2025-05-17,
MEM-05078,WIZ-06941,GLD-12,apprentice,2025-03-10,
MEM-05079,WIZ-06942,GLD-02,apprentice,2025-11-01,
MEM-05080,WIZ-06943,GLD-05,apprentice,2026-06-30,
MEM-05081,WIZ-06945,GLD-09,apprentice,2023-12-23,
MEM-05082,WIZ-06946,GLD-05,apprentice,2025-10-01,2025-11-29
MEM-05083,WIZ-06946,GLD-05,adept,2025-11-29,
MEM-05084,WIZ-06947,GLD-01,apprentice,2024-12-02,
MEM-05085,WIZ-06948,GLD-10,apprentice,2025-01-25,
MEM-05086,WIZ-06950,GLD-12,apprentice,2024-03-06,
MEM-05087,WIZ-06954,GLD-01,Apprentice,2026-06-28,
MEM-05088,WIZ-06955,GLD-03,apprentice,2025-04-22,
MEM-05089,WIZ-06956,GLD-08,apprentice,2025-12-22,
MEM-05090,WIZ-06957,GLD-11,adept,2025-07-02,
MEM-05091,WIZ-06959,GLD-03,apprentice,2023-11-15,
MEM-05092,WIZ-06960,GLD-11,adept,2026-02-22,
MEM-05093,WIZ-06962,GLD-07,APPRENTICE,2024-12-25,
MEM-05094,WIZ-06964,GLD-08,Apprentice,2024-11-16,
MEM-05095,WIZ-06966,GLD-11,adept,2024-10-25,
MEM-05096,WIZ-06968,GLD-10,apprentice,2025-05-23,
MEM-05097,WIZ-06973,GLD-04,APPRENTICE,2025-09-06,
MEM-05098,WIZ-06974,GLD-02,Archmage,2026-04-26,
MEM-05099,WIZ-06975,GLD-01,apprentice,2026-04-03,
MEM-05100,WIZ-06976,GLD-08,apprentice,2025-03-16,
MEM-05101,WIZ-06978,GLD-09,Adept,2026-06-24,
MEM-05102,WIZ-06979,GLD-11,archmage,2023-02-20,
MEM-05103,WIZ-06980,GLD-04,apprentice,2026-02-07,
MEM-05104,WIZ-06981,GLD-05,Apprentice,2024-02-10,
MEM-05105,WIZ-06983,GLD-10,Apprentice,2026-01-05,
MEM-05106,WIZ-06985,GLD-04,ADEPT,2025-03-11,
MEM-05107,WIZ-06987,GLD-07,apprentice,2024-03-17,
MEM-05108,WIZ-06989,GLD-07,adept,2026-06-15,
MEM-05109,WIZ-06991,GLD-07,apprentice,2025-08-19,2026-03-20
MEM-05110,WIZ-06991,GLD-07,adept,2026-03-20,
MEM-05111,WIZ-06992,GLD-05,adept,2026-05-27,
MEM-05112,WIZ-06995,GLD-10,apprentice,2025-02-24,
MEM-05113,WIZ-06997,GLD-05,adept,2026-05-30,
MEM-05114,WIZ-06998,GLD-10,Adept,2025-10-06,2025-11-11
MEM-05115,WIZ-06998,GLD-10,ARCHMAGE,2025-11-11,
MEM-05116,WIZ-06999,GLD-02,APPRENTICE,2025-04-10,
MEM-05117,WIZ-07001,GLD-02,apprentice,2025-12-11,
MEM-05118,WIZ-07002,GLD-03,archmage,2026-03-10,
MEM-05119,WIZ-07004,GLD-04,apprentice,2025-07-26,
MEM-05120,WIZ-07006,GLD-01,apprentice,2026-03-08,
MEM-05121,WIZ-07007,GLD-02,adept,2024-11-13,
MEM-05122,WIZ-07008,GLD-01,apprentice,2025-04-04,2025-08-07
MEM-05123,WIZ-07008,GLD-01,adept,2025-08-07,
MEM-05124,WIZ-07012,GLD-06,Archmage,2024-08-15,
MEM-05125,WIZ-07014,GLD-01,apprentice,2023-11-23,2024-02-06
MEM-05126,WIZ-07014,GLD-01,Adept,2024-02-06,
MEM-05127,WIZ-07015,GLD-05,apprentice,2024-11-29,
MEM-05128,WIZ-07019,GLD-11,APPRENTICE,2025-02-26,
MEM-05129,WIZ-07020,GLD-12,apprentice,2024-07-16,
MEM-05130,WIZ-07021,GLD-12,Apprentice,2023-12-17,
MEM-05131,WIZ-07022,GLD-08,Adept,2024-06-16,
MEM-05132,WIZ-07023,GLD-10,apprentice,2026-02-22,
MEM-05133,WIZ-07024,GLD-01,apprentice,2026-01-15,
MEM-05134,WIZ-07025,GLD-05,Apprentice,2023-05-20,2024-05-21
MEM-05135,WIZ-07025,GLD-05,adept,2024-05-21,
MEM-05136,WIZ-07026,GLD-06,adept,2025-09-07,2026-06-16
MEM-05137,WIZ-07026,GLD-06,ARCHMAGE,2026-06-16,
MEM-05138,WIZ-07027,GLD-02,apprentice,2026-05-18,
MEM-05139,WIZ-07028,GLD-04,apprentice,2024-04-15,
MEM-05140,WIZ-07030,GLD-12,apprentice,2025-10-22,
MEM-05141,WIZ-07031,GLD-11,apprentice,2024-09-10,
MEM-05142,WIZ-07032,GLD-07,apprentice,2025-12-24,
MEM-05143,WIZ-07033,GLD-10,apprentice,2025-01-20,
MEM-05144,WIZ-07035,GLD-11,archmage,2023-12-30,
MEM-05145,WIZ-07036,GLD-08,Apprentice,2025-01-14,
MEM-05146,WIZ-07037,GLD-01,Apprentice,2026-01-19,2026-04-04
MEM-05147,WIZ-07037,GLD-01,Adept,2026-04-04,
MEM-05148,WIZ-07038,GLD-11,apprentice,2026-06-18,
MEM-05149,WIZ-07040,GLD-06,adept,2024-10-24,2025-09-27
MEM-05150,WIZ-07040,GLD-06,archmage,2025-09-27,
MEM-05151,WIZ-07042,GLD-05,apprentice,2026-05-30,
MEM-05152,WIZ-07043,GLD-05,Adept,2026-06-22,
MEM-05153,WIZ-07045,GLD-11,adept,2024-10-09,
MEM-05154,WIZ-07046,GLD-09,apprentice,2025-10-17,
MEM-05155,WIZ-07049,GLD-03,apprentice,2025-08-17,
MEM-05156,WIZ-07050,GLD-04,apprentice,2024-11-13,
MEM-05157,WIZ-07051,GLD-09,adept,2024-04-28,
MEM-05158,WIZ-07052,GLD-02,archmage,2025-11-02,
MEM-05159,WIZ-07053,GLD-04,archmage,2025-06-15,
MEM-05160,WIZ-07056,GLD-12,adept,2025-01-04,2026-05-25
MEM-05161,WIZ-07056,GLD-12,archmage,2026-05-25,
MEM-05162,WIZ-07057,GLD-06,adept,2023-05-10,
MEM-05163,WIZ-07058,GLD-05,adept,2024-07-21,
MEM-05164,WIZ-07060,GLD-07,ARCHMAGE,2026-04-22,
MEM-05165,WIZ-07061,GLD-03,apprentice,2024-06-26,
MEM-05166,WIZ-07062,GLD-07,ADEPT,2023-10-26,
MEM-05167,WIZ-07065,GLD-12,adept,2023-12-07,
MEM-05168,WIZ-07066,GLD-07,apprentice,2025-04-17,2025-06-11
MEM-05169,WIZ-07066,GLD-07,adept,2025-06-11,
MEM-05170,WIZ-07068,GLD-02,archmage,2026-06-30,
MEM-05171,WIZ-07069,GLD-04,apprentice,2025-08-26,
MEM-05172,WIZ-07071,GLD-12,apprentice,2024-05-23,2026-02-04
MEM-05173,WIZ-07071,GLD-12,ADEPT,2026-02-04,
MEM-05174,WIZ-07072,GLD-01,adept,2026-05-29,
MEM-05175,WIZ-07073,GLD-08,apprentice,2025-08-19,
MEM-05176,WIZ-07074,GLD-10,adept,2026-02-08,
MEM-05177,WIZ-07075,GLD-09,apprentice,2024-02-10,
MEM-05178,WIZ-07077,GLD-02,Apprentice,2024-02-05,
MEM-05179,WIZ-07079,GLD-04,apprentice,2024-12-05,
MEM-05180,WIZ-07080,GLD-02,apprentice,2026-06-20,
MEM-05181,WIZ-07081,GLD-08,apprentice,2026-02-24,2026-06-04
MEM-05182,WIZ-07081,GLD-08,adept,2026-06-04,
MEM-05183,WIZ-07082,GLD-09,apprentice,2026-04-11,
MEM-05184,WIZ-07083,GLD-10,apprentice,2025-06-14,
MEM-05185,WIZ-07084,GLD-06,apprentice,2025-09-01,
MEM-05186,WIZ-07085,GLD-03,Adept,2025-09-19,
MEM-05187,WIZ-07086,GLD-04,apprentice,2026-03-07,
MEM-05188,WIZ-07087,GLD-02,apprentice,2026-02-08,
MEM-05189,WIZ-07090,GLD-08,apprentice,2025-03-13,
MEM-05190,WIZ-07095,GLD-07,apprentice,2023-05-14,
MEM-05191,WIZ-07097,GLD-09,APPRENTICE,2026-03-08,2026-05-13
MEM-05192,WIZ-07097,GLD-09,adept,2026-05-13,
MEM-05193,WIZ-07099,GLD-06,Apprentice,2024-06-17,
MEM-05194,WIZ-07100,GLD-11,APPRENTICE,2024-01-30,
MEM-05195,WIZ-07101,GLD-04,apprentice,2025-12-23,
MEM-05196,WIZ-07105,GLD-05,archmage,2024-09-22,
MEM-05197,WIZ-07107,GLD-08,APPRENTICE,2023-11-16,
MEM-05198,WIZ-07108,GLD-03,Adept,2025-08-05,
MEM-05199,WIZ-07110,GLD-09,apprentice,2023-11-30,
MEM-05200,WIZ-07111,GLD-07,Adept,2025-08-02,
MEM-05201,WIZ-07113,GLD-09,APPRENTICE,2024-02-02,2024-07-11
MEM-05202,WIZ-07113,GLD-09,adept,2024-07-11,
MEM-05203,WIZ-07115,GLD-08,apprentice,2023-09-10,2024-10-14
MEM-05204,WIZ-07115,GLD-08,adept,2024-10-14,
MEM-05205,WIZ-07116,GLD-02,apprentice,2025-11-29,
MEM-05206,WIZ-07119,GLD-09,apprentice,2024-01-31,
MEM-05207,WIZ-07120,GLD-03,apprentice,2024-01-15,
MEM-05208,WIZ-07121,GLD-03,Apprentice,2024-09-29,
MEM-05209,WIZ-07123,GLD-02,apprentice,2025-09-21,2026-04-13
MEM-05210,WIZ-07123,GLD-02,Adept,2026-04-13,
MEM-05211,WIZ-07124,GLD-11,Apprentice,2026-04-12,
MEM-05212,WIZ-07125,GLD-07,apprentice,2025-03-02,
MEM-05213,WIZ-07126,GLD-10,Archmage,2025-08-02,
MEM-05214,WIZ-07127,GLD-02,apprentice,2025-09-12,
MEM-05215,WIZ-07128,GLD-11,ADEPT,2026-06-11,
MEM-05216,WIZ-07130,GLD-04,APPRENTICE,2025-12-26,
MEM-05217,WIZ-07132,GLD-03,Adept,2023-11-12,
MEM-05218,WIZ-07133,GLD-10,APPRENTICE,2024-07-28,
MEM-05219,WIZ-07136,GLD-01,apprentice,2023-04-26,2023-06-20
MEM-05220,WIZ-07136,GLD-01,adept,2023-06-20,
MEM-05221,WIZ-07137,GLD-04,adept,2023-10-14,
MEM-05222,WIZ-07139,GLD-08,Adept,2026-06-10,
MEM-05223,WIZ-07141,GLD-08,apprentice,2024-08-31,
MEM-05224,WIZ-07142,GLD-06,adept,2026-06-18,
MEM-05225,WIZ-07144,GLD-02,adept,2025-06-16,
MEM-05226,WIZ-07146,GLD-01,Adept,2024-06-01,
MEM-05227,WIZ-07147,GLD-01,Archmage,2025-07-25,
MEM-05228,WIZ-07148,GLD-09,adept,2026-06-07,
MEM-05229,WIZ-07150,GLD-01,apprentice,2026-01-30,
MEM-05230,WIZ-07151,GLD-01,apprentice,2026-03-21,
MEM-05231,WIZ-07153,GLD-02,apprentice,2025-02-07,
MEM-05232,WIZ-07154,GLD-07,apprentice,2025-02-02,2025-03-25
MEM-05233,WIZ-07154,GLD-07,adept,2025-03-25,
MEM-05234,WIZ-07155,GLD-06,Apprentice,2023-05-15,
MEM-05235,WIZ-07158,GLD-10,apprentice,2026-01-04,
MEM-05236,WIZ-07159,GLD-01,archmage,2025-06-30,
MEM-05237,WIZ-07160,GLD-10,adept,2025-06-19,
MEM-05238,WIZ-07162,GLD-07,apprentice,2024-10-16,2025-03-28
MEM-05239,WIZ-07162,GLD-07,adept,2025-03-28,
MEM-05240,WIZ-07163,GLD-06,apprentice,2025-06-09,
MEM-05241,WIZ-07165,GLD-03,adept,2023-07-09,
MEM-05242,WIZ-07167,GLD-02,adept,2026-06-25,
MEM-05243,WIZ-07172,GLD-12,apprentice,2025-02-14,
MEM-05244,WIZ-07173,GLD-03,adept,2025-12-30,
MEM-05245,WIZ-07175,GLD-09,apprentice,2025-05-15,2025-11-11
MEM-05246,WIZ-07175,GLD-09,adept,2025-11-11,
MEM-05247,WIZ-07176,GLD-07,Adept,2026-06-27,
MEM-05248,WIZ-07179,GLD-10,Adept,2024-06-24,
MEM-05249,WIZ-07180,GLD-01,apprentice,2023-12-13,
MEM-05250,WIZ-07181,GLD-12,archmage,2024-12-08,
MEM-05251,WIZ-07183,GLD-02,apprentice,2024-04-28,
MEM-05252,WIZ-07184,GLD-06,APPRENTICE,2026-02-16,
MEM-05253,WIZ-07186,GLD-03,apprentice,2024-10-25,
MEM-05254,WIZ-07187,GLD-03,apprentice,2025-10-14,
MEM-05255,WIZ-07189,GLD-07,Archmage,2023-01-24,
MEM-05256,WIZ-07191,GLD-08,archmage,2025-05-13,
MEM-05257,WIZ-07193,GLD-09,Apprentice,2025-09-24,
MEM-05258,WIZ-07195,GLD-07,Archmage,2025-04-25,
MEM-05259,WIZ-07197,GLD-02,APPRENTICE,2024-02-02,
MEM-05260,WIZ-07200,GLD-11,APPRENTICE,2026-06-12,
MEM-05261,WIZ-07202,GLD-01,adept,2025-05-31,2025-08-12
MEM-05262,WIZ-07202,GLD-01,Archmage,2025-08-12,
MEM-05263,WIZ-07204,GLD-03,apprentice,2026-03-17,
MEM-05264,WIZ-07205,GLD-06,APPRENTICE,2025-12-09,
MEM-05265,WIZ-07207,GLD-11,apprentice,2025-02-22,
MEM-05266,WIZ-07208,GLD-11,apprentice,2026-05-25,
MEM-05267,WIZ-07209,GLD-11,apprentice,2025-01-13,
MEM-05268,WIZ-07210,GLD-10,apprentice,2025-03-13,
MEM-05269,WIZ-07211,GLD-05,Apprentice,2026-05-17,
MEM-05270,WIZ-07214,GLD-05,ADEPT,2025-01-06,
MEM-05271,WIZ-07215,GLD-11,adept,2026-04-10,
MEM-05272,WIZ-07217,GLD-12,Archmage,2025-05-03,
MEM-05273,WIZ-07218,GLD-09,adept,2026-05-08,
MEM-05274,WIZ-07219,GLD-05,Apprentice,2023-03-28,
MEM-05275,WIZ-07220,GLD-01,apprentice,2025-02-04,
MEM-05276,WIZ-07221,GLD-10,adept,2025-06-04,
MEM-05277,WIZ-07225,GLD-09,apprentice,2025-09-30,
MEM-05278,WIZ-07227,GLD-07,apprentice,2026-02-08,
MEM-05279,WIZ-07229,GLD-06,Adept,2024-01-13,2024-04-06
MEM-05280,WIZ-07229,GLD-06,Archmage,2024-04-06,
MEM-05281,WIZ-07231,GLD-06,adept,2024-12-13,
MEM-05282,WIZ-07233,GLD-01,Adept,2024-03-07,
MEM-05283,WIZ-07234,GLD-06,apprentice,2024-08-01,2026-01-16
MEM-05284,WIZ-07234,GLD-06,Adept,2026-01-16,
MEM-05285,WIZ-07236,GLD-06,apprentice,2025-05-01,
MEM-05286,WIZ-07237,GLD-03,Adept,2023-09-07,2024-07-27
MEM-05287,WIZ-07237,GLD-03,archmage,2024-07-27,
MEM-05288,WIZ-07238,GLD-11,apprentice,2025-10-05,
MEM-05289,WIZ-07243,GLD-01,apprentice,2025-02-23,
MEM-05290,WIZ-07244,GLD-05,apprentice,2024-01-20,
MEM-05291,WIZ-07245,GLD-02,APPRENTICE,2025-04-20,2025-08-24
MEM-05292,WIZ-07245,GLD-02,ADEPT,2025-08-24,
MEM-05293,WIZ-07246,GLD-02,adept,2026-05-13,
MEM-05294,WIZ-07247,GLD-07,Apprentice,2024-10-06,
MEM-05295,WIZ-07248,GLD-10,Apprentice,2025-03-20,
MEM-05296,WIZ-07249,GLD-11,apprentice,2024-12-06,
MEM-05297,WIZ-07252,GLD-09,adept,2026-02-28,
MEM-05298,WIZ-07254,GLD-10,apprentice,2025-03-25,
MEM-05299,WIZ-07255,GLD-01,APPRENTICE,2024-02-10,2025-02-02
MEM-05300,WIZ-07255,GLD-01,ADEPT,2025-02-02,
MEM-05301,WIZ-07256,GLD-06,Adept,2025-08-28,
MEM-05302,WIZ-07259,GLD-08,archmage,2025-06-12,
MEM-05303,WIZ-07260,GLD-12,apprentice,2024-11-23,
MEM-05304,WIZ-07261,GLD-07,apprentice,2023-08-20,
MEM-05305,WIZ-07263,GLD-02,apprentice,2024-09-12,2025-11-04
MEM-05306,WIZ-07263,GLD-02,adept,2025-11-04,
MEM-05307,WIZ-07264,GLD-01,apprentice,2025-09-11,
MEM-05308,WIZ-07266,GLD-07,apprentice,2026-04-20,2026-05-22
MEM-05309,WIZ-07266,GLD-07,ADEPT,2026-05-22,
MEM-05310,WIZ-07267,GLD-06,apprentice,2025-09-20,
MEM-05311,WIZ-07268,GLD-11,Adept,2024-03-09,
MEM-05312,WIZ-07269,GLD-10,apprentice,2025-12-12,
MEM-05313,WIZ-07270,GLD-04,Adept,2024-01-03,
MEM-05314,WIZ-07272,GLD-07,Apprentice,2025-05-09,
MEM-05315,WIZ-07273,GLD-09,APPRENTICE,2023-09-01,
MEM-05316,WIZ-07274,GLD-01,adept,2024-08-21,2025-01-10
MEM-05317,WIZ-07274,GLD-01,archmage,2025-01-10,
MEM-05318,WIZ-07275,GLD-01,Apprentice,2024-12-27,
MEM-05319,WIZ-07276,GLD-02,adept,2026-06-20,
MEM-05320,WIZ-07277,GLD-09,archmage,2024-07-31,
MEM-05321,WIZ-07281,GLD-03,Apprentice,2024-11-23,
MEM-05322,WIZ-07282,GLD-12,apprentice,2023-09-11,2024-11-30
MEM-05323,WIZ-07282,GLD-12,adept,2024-11-30,
MEM-05324,WIZ-07285,GLD-12,apprentice,2026-01-29,
MEM-05325,WIZ-07286,GLD-09,adept,2025-02-16,
MEM-05326,WIZ-07288,GLD-08,Apprentice,2024-02-02,
MEM-05327,WIZ-07291,GLD-05,archmage,2025-06-25,
MEM-05328,WIZ-07292,GLD-10,apprentice,2026-04-08,2026-05-18
MEM-05329,WIZ-07292,GLD-10,adept,2026-05-18,
MEM-05330,WIZ-07295,GLD-05,Apprentice,2024-08-04,
MEM-05331,WIZ-07296,GLD-06,Adept,2024-05-16,
MEM-05332,WIZ-07297,GLD-08,apprentice,2023-05-06,
MEM-05333,WIZ-07298,GLD-11,Apprentice,2026-02-14,
MEM-05334,WIZ-07299,GLD-12,Adept,2026-01-21,
MEM-05335,WIZ-07300,GLD-01,APPRENTICE,2026-05-23,
MEM-05336,WIZ-07303,GLD-07,Apprentice,2024-12-19,
MEM-05337,WIZ-07304,GLD-11,apprentice,2024-11-11,
MEM-05338,WIZ-07309,GLD-03,Apprentice,2026-05-07,
MEM-05339,WIZ-07315,GLD-01,Apprentice,2025-11-23,
MEM-05340,WIZ-07316,GLD-06,adept,2025-06-04,
MEM-05341,WIZ-07317,GLD-04,adept,2024-04-18,2026-03-05
MEM-05342,WIZ-07317,GLD-04,Archmage,2026-03-05,
MEM-05343,WIZ-07318,GLD-03,apprentice,2024-11-10,
MEM-05344,WIZ-07321,GLD-09,apprentice,2024-10-10,
MEM-05345,WIZ-07322,GLD-12,ARCHMAGE,2025-05-27,
MEM-05346,WIZ-07324,GLD-03,adept,2023-09-24,
MEM-05347,WIZ-07325,GLD-04,adept,2026-02-01,
MEM-05348,WIZ-07326,GLD-09,apprentice,2026-06-06,
MEM-05349,WIZ-07327,GLD-12,apprentice,2026-04-12,
MEM-05350,WIZ-07328,GLD-03,ARCHMAGE,2024-04-03,
MEM-05351,WIZ-07329,GLD-01,apprentice,2026-03-15,
MEM-05352,WIZ-07332,GLD-01,Adept,2026-04-26,2026-06-16
MEM-05353,WIZ-07332,GLD-01,archmage,2026-06-16,
MEM-05354,WIZ-07333,GLD-03,Adept,2026-02-16,
MEM-05355,WIZ-07334,GLD-12,apprentice,2024-10-02,
MEM-05356,WIZ-07335,GLD-07,apprentice,2023-08-01,2025-03-22
MEM-05357,WIZ-07335,GLD-07,Adept,2025-03-22,
MEM-05358,WIZ-07336,GLD-07,Adept,2026-05-30,
MEM-05359,WIZ-07337,GLD-04,adept,2024-02-26,
MEM-05360,WIZ-07338,GLD-05,Apprentice,2026-05-09,
MEM-05361,WIZ-07341,GLD-09,apprentice,2024-09-29,
MEM-05362,WIZ-07342,GLD-07,APPRENTICE,2023-12-03,
MEM-05363,WIZ-07343,GLD-06,Adept,2026-06-12,
MEM-05364,WIZ-07344,GLD-12,adept,2024-12-20,
MEM-05365,WIZ-07346,GLD-09,Apprentice,2025-06-24,
MEM-05366,WIZ-07351,GLD-06,apprentice,2023-08-04,
MEM-05367,WIZ-07352,GLD-09,Apprentice,2024-12-16,
MEM-05368,WIZ-07353,GLD-10,adept,2023-08-17,
MEM-05369,WIZ-07354,GLD-10,apprentice,2023-10-13,
MEM-05370,WIZ-07355,GLD-01,Adept,2024-05-02,
MEM-05371,WIZ-07356,GLD-08,apprentice,2024-04-12,
MEM-05372,WIZ-07357,GLD-02,apprentice,2025-05-09,
MEM-05373,WIZ-07359,GLD-07,archmage,2024-01-23,
MEM-05374,WIZ-07362,GLD-03,apprentice,2026-02-20,2026-06-04
MEM-05375,WIZ-07362,GLD-03,adept,2026-06-04,
MEM-05376,WIZ-07363,GLD-11,apprentice,2024-07-20,2026-04-20
MEM-05377,WIZ-07363,GLD-11,adept,2026-04-20,
MEM-05378,WIZ-07364,GLD-05,apprentice,2026-02-21,2026-04-04
MEM-05379,WIZ-07364,GLD-05,ADEPT,2026-04-04,
MEM-05380,WIZ-07365,GLD-12,apprentice,2024-01-19,
MEM-05381,WIZ-07366,GLD-02,apprentice,2025-03-16,
MEM-05382,WIZ-07368,GLD-05,apprentice,2023-11-19,2024-01-03
MEM-05383,WIZ-07368,GLD-05,ADEPT,2024-01-03,
MEM-05384,WIZ-07369,GLD-06,apprentice,2025-10-18,
MEM-05385,WIZ-07370,GLD-04,apprentice,2026-04-22,2026-05-31
MEM-05386,WIZ-07370,GLD-04,adept,2026-05-31,
MEM-05387,WIZ-07371,GLD-07,apprentice,2026-04-25,
MEM-05388,WIZ-07372,GLD-08,Archmage,2026-06-18,
MEM-05389,WIZ-07373,GLD-01,Apprentice,2026-05-01,
MEM-05390,WIZ-07374,GLD-05,adept,2026-02-21,
MEM-05391,WIZ-07378,GLD-01,apprentice,2025-05-28,
MEM-05392,WIZ-07380,GLD-02,Apprentice,2025-07-22,
MEM-05393,WIZ-07381,GLD-03,apprentice,2025-01-05,
MEM-05394,WIZ-07384,GLD-08,apprentice,2026-06-18,
MEM-05395,WIZ-07385,GLD-05,ADEPT,2026-05-06,
MEM-05396,WIZ-07386,GLD-07,apprentice,2026-03-21,
MEM-05397,WIZ-07387,GLD-02,adept,2025-08-13,
MEM-05398,WIZ-07391,GLD-04,apprentice,2023-12-29,
MEM-05399,WIZ-07393,GLD-01,apprentice,2024-05-04,
MEM-05400,WIZ-07394,GLD-07,apprentice,2024-06-22,
MEM-05401,WIZ-07400,GLD-11,Apprentice,2023-09-26,
MEM-05402,WIZ-07402,GLD-09,apprentice,2023-10-05,
MEM-05403,WIZ-07403,GLD-01,Adept,2026-05-14,
MEM-05404,WIZ-07404,GLD-03,Apprentice,2023-09-10,
MEM-05405,WIZ-07406,GLD-10,apprentice,2026-03-20,
MEM-05406,WIZ-07407,GLD-10,adept,2025-07-10,
MEM-05407,WIZ-07409,GLD-10,APPRENTICE,2024-01-29,
MEM-05408,WIZ-07411,GLD-01,adept,2026-06-27,
MEM-05409,WIZ-07413,GLD-04,archmage,2023-07-14,
MEM-05410,WIZ-07414,GLD-09,apprentice,2025-11-24,
MEM-05411,WIZ-07415,GLD-05,apprentice,2026-02-17,
MEM-05412,WIZ-07417,GLD-07,apprentice,2025-09-09,
MEM-05413,WIZ-07419,GLD-12,apprentice,2024-07-20,
MEM-05414,WIZ-07420,GLD-08,Adept,2024-04-06,
MEM-05415,WIZ-07421,GLD-06,APPRENTICE,2023-12-25,
MEM-05416,WIZ-07422,GLD-06,adept,2026-04-10,
MEM-05417,WIZ-07423,GLD-06,apprentice,2025-10-21,
MEM-05418,WIZ-07424,GLD-09,apprentice,2024-05-15,2025-10-17
MEM-05419,WIZ-07424,GLD-09,Adept,2025-10-17,
MEM-05420,WIZ-07426,GLD-12,adept,2023-04-05,
MEM-05421,WIZ-07427,GLD-11,ADEPT,2025-08-20,
MEM-05422,WIZ-07428,GLD-06,apprentice,2024-04-29,
MEM-05423,WIZ-07429,GLD-03,apprentice,2024-08-28,
MEM-05424,WIZ-07432,GLD-12,apprentice,2026-06-01,
MEM-05425,WIZ-07434,GLD-12,apprentice,2025-08-04,
MEM-05426,WIZ-07435,GLD-08,apprentice,2025-05-08,
MEM-05427,WIZ-07437,GLD-06,Adept,2025-05-26,
MEM-05428,WIZ-07438,GLD-06,APPRENTICE,2026-06-18,
MEM-05429,WIZ-07439,GLD-10,adept,2024-06-30,
MEM-05430,WIZ-07442,GLD-11,apprentice,2025-01-01,
MEM-05431,WIZ-07443,GLD-07,APPRENTICE,2026-01-27,
MEM-05432,WIZ-07444,GLD-07,adept,2024-02-06,
MEM-05433,WIZ-07445,GLD-03,ADEPT,2025-12-21,2026-02-18
MEM-05434,WIZ-07445,GLD-03,Archmage,2026-02-18,
MEM-05435,WIZ-07446,GLD-11,apprentice,2023-05-28,
MEM-05436,WIZ-07447,GLD-10,adept,2026-06-14,
MEM-05437,WIZ-07448,GLD-07,Apprentice,2026-03-09,
MEM-05438,WIZ-07450,GLD-07,Apprentice,2026-04-21,2026-05-31
MEM-05439,WIZ-07450,GLD-07,adept,2026-05-31,
MEM-05440,WIZ-07451,GLD-12,adept,2025-01-03,
MEM-05441,WIZ-07453,GLD-05,apprentice,2023-04-30,
MEM-05442,WIZ-07456,GLD-03,APPRENTICE,2026-02-09,
MEM-05443,WIZ-07457,GLD-09,apprentice,2024-07-05,
MEM-05444,WIZ-07458,GLD-12,Apprentice,2026-04-05,
MEM-05445,WIZ-07460,GLD-03,ARCHMAGE,2025-11-05,
MEM-05446,WIZ-07461,GLD-02,apprentice,2025-11-24,
MEM-05447,WIZ-07464,GLD-05,adept,2023-06-12,
MEM-05448,WIZ-07465,GLD-04,ARCHMAGE,2025-11-10,
MEM-05449,WIZ-07474,GLD-02,apprentice,2024-03-18,
MEM-05450,WIZ-07475,GLD-03,apprentice,2026-04-10,
MEM-05451,WIZ-07477,GLD-02,adept,2026-01-19,
MEM-05452,WIZ-07479,GLD-01,ARCHMAGE,2024-10-04,
MEM-05453,WIZ-07480,GLD-12,apprentice,2026-01-15,
MEM-05454,WIZ-07481,GLD-04,apprentice,2023-12-05,
MEM-05455,WIZ-07482,GLD-06,apprentice,2024-07-28,
MEM-05456,WIZ-07483,GLD-04,archmage,2023-12-13,
MEM-05457,WIZ-07484,GLD-05,archmage,2025-08-31,
MEM-05458,WIZ-07485,GLD-03,APPRENTICE,2025-08-08,
MEM-05459,WIZ-07487,GLD-05,adept,2025-09-17,
MEM-05460,WIZ-07488,GLD-01,apprentice,2026-05-30,
MEM-05461,WIZ-07489,GLD-11,apprentice,2024-10-27,
MEM-05462,WIZ-07490,GLD-04,archmage,2026-01-03,
MEM-05463,WIZ-07491,GLD-02,ADEPT,2026-05-19,
MEM-05464,WIZ-07492,GLD-06,Apprentice,2026-05-12,
MEM-05465,WIZ-07493,GLD-06,Apprentice,2024-03-16,
MEM-05466,WIZ-07497,GLD-02,archmage,2026-04-17,
MEM-05467,WIZ-07501,GLD-02,adept,2025-09-28,
MEM-05468,WIZ-07503,GLD-06,apprentice,2023-11-30,
MEM-05469,WIZ-07505,GLD-07,adept,2023-07-12,
MEM-05470,WIZ-07507,GLD-10,adept,2026-06-29,
MEM-05471,WIZ-07508,GLD-10,adept,2025-02-12,
MEM-05472,WIZ-07509,GLD-06,apprentice,2026-04-18,
MEM-05473,WIZ-07510,GLD-11,adept,2024-11-01,
MEM-05474,WIZ-07511,GLD-11,adept,2026-05-15,
MEM-05475,WIZ-07512,GLD-10,archmage,2024-08-06,
MEM-05476,WIZ-07513,GLD-07,Apprentice,2024-07-18,2025-09-26
MEM-05477,WIZ-07513,GLD-07,adept,2025-09-26,
MEM-05478,WIZ-07514,GLD-12,apprentice,2026-02-05,
MEM-05479,WIZ-07515,GLD-01,apprentice,2024-04-15,
MEM-05480,WIZ-07518,GLD-07,APPRENTICE,2025-03-08,
MEM-05481,WIZ-07520,GLD-08,ADEPT,2025-01-31,2025-07-19
MEM-05482,WIZ-07520,GLD-08,archmage,2025-07-19,
MEM-05483,WIZ-07521,GLD-12,apprentice,2024-01-13,2024-05-06
MEM-05484,WIZ-07521,GLD-12,Adept,2024-05-06,
MEM-05485,WIZ-07523,GLD-05,apprentice,2024-01-05,2024-12-24
MEM-05486,WIZ-07523,GLD-05,adept,2024-12-24,
MEM-05487,WIZ-07524,GLD-08,Adept,2024-08-25,2026-01-03
MEM-05488,WIZ-07524,GLD-08,archmage,2026-01-03,
MEM-05489,WIZ-07525,GLD-07,apprentice,2025-12-28,
MEM-05490,WIZ-07526,GLD-08,apprentice,2024-04-29,2024-08-22
MEM-05491,WIZ-07526,GLD-08,adept,2024-08-22,
MEM-05492,WIZ-07527,GLD-07,APPRENTICE,2023-11-04,2023-12-05
MEM-05493,WIZ-07527,GLD-07,adept,2023-12-05,
MEM-05494,WIZ-07528,GLD-06,apprentice,2026-06-13,
MEM-05495,WIZ-07529,GLD-09,Adept,2025-06-23,
MEM-05496,WIZ-07530,GLD-12,apprentice,2024-03-20,2025-03-27
MEM-05497,WIZ-07530,GLD-12,Adept,2025-03-27,
MEM-05498,WIZ-07532,GLD-05,adept,2025-09-20,2026-03-07
MEM-05499,WIZ-07532,GLD-05,archmage,2026-03-07,
MEM-05500,WIZ-07535,GLD-12,archmage,2024-12-19,
MEM-05501,WIZ-07536,GLD-01,APPRENTICE,2024-05-19,
MEM-05502,WIZ-07537,GLD-09,ADEPT,2024-04-16,
MEM-05503,WIZ-07538,GLD-08,Apprentice,2026-04-12,
MEM-05504,WIZ-07540,GLD-07,archmage,2025-10-27,
MEM-05505,WIZ-07541,GLD-07,adept,2026-04-22,
MEM-05506,WIZ-07542,GLD-10,ADEPT,2026-06-07,
MEM-05507,WIZ-07543,GLD-08,Adept,2024-04-14,
MEM-05508,WIZ-07544,GLD-09,adept,2025-08-25,
MEM-05509,WIZ-07546,GLD-09,apprentice,2024-10-16,
MEM-05510,WIZ-07547,GLD-08,adept,2024-10-31,2025-01-19
MEM-05511,WIZ-07547,GLD-08,archmage,2025-01-19,
MEM-05512,WIZ-07548,GLD-04,Apprentice,2025-05-22,
MEM-05513,WIZ-07549,GLD-05,adept,2026-03-21,
MEM-05514,WIZ-07550,GLD-07,adept,2026-03-07,
MEM-05515,WIZ-07551,GLD-09,Apprentice,2026-01-22,
MEM-05516,WIZ-07553,GLD-01,apprentice,2023-04-17,
MEM-05517,WIZ-07554,GLD-08,adept,2026-03-31,
MEM-05518,WIZ-07555,GLD-07,ADEPT,2023-09-17,
MEM-05519,WIZ-07556,GLD-03,ARCHMAGE,2026-05-25,
MEM-05520,WIZ-07557,GLD-06,APPRENTICE,2025-01-10,
MEM-05521,WIZ-07558,GLD-12,Adept,2026-01-03,
MEM-05522,WIZ-07559,GLD-10,Adept,2026-04-08,
MEM-05523,WIZ-07563,GLD-11,apprentice,2026-05-03,
MEM-05524,WIZ-07566,GLD-01,adept,2026-04-11,
MEM-05525,WIZ-07567,GLD-02,apprentice,2026-04-07,
MEM-05526,WIZ-07568,GLD-03,apprentice,2026-04-21,
MEM-05527,WIZ-07570,GLD-07,adept,2024-01-17,
MEM-05528,WIZ-07571,GLD-04,apprentice,2025-05-09,
MEM-05529,WIZ-07572,GLD-11,apprentice,2024-10-19,
MEM-05530,WIZ-07573,GLD-08,apprentice,2023-06-30,2024-12-20
MEM-05531,WIZ-07573,GLD-08,Adept,2024-12-20,
MEM-05532,WIZ-07574,GLD-11,apprentice,2025-04-15,
MEM-05533,WIZ-07575,GLD-11,adept,2023-06-24,
MEM-05534,WIZ-07577,GLD-11,apprentice,2024-03-20,
MEM-05535,WIZ-07578,GLD-04,apprentice,2025-08-24,
MEM-05536,WIZ-07579,GLD-09,adept,2025-08-07,
MEM-05537,WIZ-07581,GLD-07,adept,2026-05-16,
MEM-05538,WIZ-07582,GLD-06,ARCHMAGE,2023-09-18,
MEM-05539,WIZ-07583,GLD-11,apprentice,2024-03-26,
MEM-05540,WIZ-07585,GLD-02,apprentice,2025-12-21,
MEM-05541,WIZ-07587,GLD-04,apprentice,2026-04-15,
MEM-05542,WIZ-07588,GLD-08,apprentice,2026-06-23,
MEM-05543,WIZ-07589,GLD-02,Adept,2025-09-11,
MEM-05544,WIZ-07590,GLD-03,Apprentice,2023-10-27,
MEM-05545,WIZ-07593,GLD-12,apprentice,2025-02-05,
MEM-05546,WIZ-07597,GLD-12,Apprentice,2026-01-13,
MEM-05547,WIZ-07598,GLD-11,archmage,2026-02-24,
MEM-05548,WIZ-07600,GLD-09,Adept,2026-06-28,
MEM-05549,WIZ-07601,GLD-08,apprentice,2025-07-09,
MEM-05550,WIZ-07602,GLD-01,APPRENTICE,2023-09-27,
MEM-05551,WIZ-07607,GLD-08,apprentice,2023-10-23,
MEM-05552,WIZ-07608,GLD-07,Apprentice,2026-02-07,
MEM-05553,WIZ-07609,GLD-04,apprentice,2026-04-13,
MEM-05554,WIZ-07611,GLD-01,apprentice,2025-09-21,
MEM-05555,WIZ-07612,GLD-08,adept,2025-07-28,
MEM-05556,WIZ-07617,GLD-03,Apprentice,2023-07-19,
MEM-05557,WIZ-07618,GLD-04,ADEPT,2026-05-30,
MEM-05558,WIZ-07619,GLD-01,adept,2023-09-15,
MEM-05559,WIZ-07620,GLD-07,Adept,2023-12-16,
MEM-05560,WIZ-07621,GLD-06,Adept,2024-03-14,
MEM-05561,WIZ-07622,GLD-02,adept,2025-02-23,
MEM-05562,WIZ-07623,GLD-03,adept,2024-03-19,2024-06-14
MEM-05563,WIZ-07623,GLD-03,archmage,2024-06-14,
MEM-05564,WIZ-07624,GLD-07,adept,2023-07-04,
MEM-05565,WIZ-07626,GLD-07,Adept,2026-04-26,
MEM-05566,WIZ-07627,GLD-09,Apprentice,2026-05-19,
MEM-05567,WIZ-07628,GLD-06,Apprentice,2026-05-19,
MEM-05568,WIZ-07630,GLD-04,apprentice,2025-01-26,
MEM-05569,WIZ-07631,GLD-11,Apprentice,2024-08-22,
MEM-05570,WIZ-07632,GLD-02,apprentice,2024-11-13,
MEM-05571,WIZ-07636,GLD-10,apprentice,2024-06-17,
MEM-05572,WIZ-07637,GLD-01,Apprentice,2026-05-31,
MEM-05573,WIZ-07641,GLD-05,apprentice,2025-03-13,
MEM-05574,WIZ-07642,GLD-04,Apprentice,2023-05-17,2025-01-30
MEM-05575,WIZ-07642,GLD-04,adept,2025-01-30,
MEM-05576,WIZ-07643,GLD-08,apprentice,2024-09-02,
MEM-05577,WIZ-07644,GLD-04,apprentice,2024-09-17,
MEM-05578,WIZ-07646,GLD-06,adept,2026-02-21,
MEM-05579,WIZ-07647,GLD-11,apprentice,2025-02-21,
MEM-05580,WIZ-07648,GLD-04,archmage,2026-04-04,
MEM-05581,WIZ-07650,GLD-05,Apprentice,2025-12-19,
MEM-05582,WIZ-07653,GLD-06,adept,2025-12-09,
MEM-05583,WIZ-07654,GLD-08,adept,2025-03-30,
MEM-05584,WIZ-07656,GLD-11,adept,2025-06-28,
MEM-05585,WIZ-07657,GLD-04,archmage,2025-12-31,
MEM-05586,WIZ-07658,GLD-07,Apprentice,2026-02-12,
MEM-05587,WIZ-07659,GLD-06,adept,2025-08-18,
MEM-05588,WIZ-07660,GLD-01,Adept,2026-01-31,2026-06-18
MEM-05589,WIZ-07660,GLD-01,archmage,2026-06-18,
MEM-05590,WIZ-07661,GLD-05,archmage,2026-06-19,
MEM-05591,WIZ-07662,GLD-07,Adept,2026-05-20,
MEM-05592,WIZ-07665,GLD-11,Apprentice,2024-04-02,
MEM-05593,WIZ-07666,GLD-05,apprentice,2024-04-14,
MEM-05594,WIZ-07667,GLD-11,adept,2024-04-13,
MEM-05595,WIZ-07668,GLD-02,Archmage,2023-11-02,
MEM-05596,WIZ-07669,GLD-04,apprentice,2025-04-06,
MEM-05597,WIZ-07670,GLD-07,adept,2026-05-08,
MEM-05598,WIZ-07671,GLD-09,adept,2025-06-23,
MEM-05599,WIZ-07672,GLD-04,apprentice,2025-10-01,
MEM-05600,WIZ-07673,GLD-01,APPRENTICE,2025-10-20,
MEM-05601,WIZ-07674,GLD-09,apprentice,2025-03-15,
MEM-05602,WIZ-07675,GLD-10,apprentice,2024-09-08,
MEM-05603,WIZ-07676,GLD-05,apprentice,2026-03-06,
MEM-05604,WIZ-07679,GLD-10,Archmage,2026-06-15,
MEM-05605,WIZ-07683,GLD-05,adept,2023-10-29,
MEM-05606,WIZ-07685,GLD-02,Apprentice,2024-10-31,
MEM-05607,WIZ-07687,GLD-11,adept,2026-05-18,
MEM-05608,WIZ-07688,GLD-12,Apprentice,2025-07-30,
MEM-05609,WIZ-07692,GLD-12,apprentice,2025-11-22,
MEM-05610,WIZ-07693,GLD-11,apprentice,2025-10-28,
MEM-05611,WIZ-07694,GLD-03,apprentice,2024-09-12,
MEM-05612,WIZ-07698,GLD-10,Archmage,2025-10-28,
MEM-05613,WIZ-07699,GLD-03,apprentice,2024-08-12,2025-04-26
MEM-05614,WIZ-07699,GLD-03,Adept,2025-04-26,
MEM-05615,WIZ-07700,GLD-05,apprentice,2026-04-13,
MEM-05616,WIZ-07702,GLD-02,apprentice,2023-06-24,
MEM-05617,WIZ-07703,GLD-12,adept,2024-12-20,
MEM-05618,WIZ-07704,GLD-10,Apprentice,2025-06-07,
MEM-05619,WIZ-07705,GLD-05,apprentice,2026-06-23,
MEM-05620,WIZ-07706,GLD-06,Adept,2026-04-07,
MEM-05621,WIZ-07707,GLD-04,Apprentice,2024-10-15,
MEM-05622,WIZ-07708,GLD-04,apprentice,2026-04-21,
MEM-05623,WIZ-07709,GLD-07,apprentice,2025-11-05,
MEM-05624,WIZ-07710,GLD-06,apprentice,2023-12-23,
MEM-05625,WIZ-07711,GLD-06,adept,2024-10-28,
MEM-05626,WIZ-07713,GLD-01,apprentice,2023-11-05,
MEM-05627,WIZ-07714,GLD-07,apprentice,2024-06-23,
MEM-05628,WIZ-07715,GLD-08,archmage,2024-10-16,
MEM-05629,WIZ-07716,GLD-10,apprentice,2023-09-14,
MEM-05630,WIZ-07717,GLD-04,Apprentice,2025-10-28,2026-05-27
MEM-05631,WIZ-07717,GLD-04,adept,2026-05-27,
MEM-05632,WIZ-07718,GLD-04,adept,2025-09-03,
MEM-05633,WIZ-07719,GLD-12,adept,2026-05-24,
MEM-05634,WIZ-07721,GLD-05,adept,2025-08-31,
MEM-05635,WIZ-07724,GLD-12,apprentice,2023-11-15,
MEM-05636,WIZ-07725,GLD-01,apprentice,2024-03-26,
MEM-05637,WIZ-07727,GLD-12,Apprentice,2024-10-23,
MEM-05638,WIZ-07730,GLD-11,adept,2026-02-15,
MEM-05639,WIZ-07731,GLD-05,apprentice,2025-09-10,
MEM-05640,WIZ-07732,GLD-09,Archmage,2026-05-30,
MEM-05641,WIZ-07733,GLD-10,APPRENTICE,2025-02-09,
MEM-05642,WIZ-07734,GLD-07,Apprentice,2024-08-23,
MEM-05643,WIZ-07735,GLD-11,Apprentice,2025-12-08,
MEM-05644,WIZ-07736,GLD-12,ADEPT,2024-03-06,
MEM-05645,WIZ-07737,GLD-04,apprentice,2025-09-06,
MEM-05646,WIZ-07738,GLD-10,adept,2026-03-02,2026-04-14
MEM-05647,WIZ-07738,GLD-10,archmage,2026-04-14,
MEM-05648,WIZ-07739,GLD-02,apprentice,2026-06-11,
MEM-05649,WIZ-07740,GLD-01,Adept,2026-03-24,
MEM-05650,WIZ-07741,GLD-09,adept,2025-04-02,
MEM-05651,WIZ-07742,GLD-07,adept,2023-10-13,
MEM-05652,WIZ-07744,GLD-07,APPRENTICE,2026-02-17,
MEM-05653,WIZ-07746,GLD-12,apprentice,2026-06-09,
MEM-05654,WIZ-07747,GLD-01,apprentice,2025-08-19,
MEM-05655,WIZ-07748,GLD-01,apprentice,2025-09-30,
MEM-05656,WIZ-07749,GLD-06,adept,2024-06-24,
MEM-05657,WIZ-07751,GLD-02,apprentice,2025-10-11,
MEM-05658,WIZ-07752,GLD-12,apprentice,2026-05-17,
MEM-05659,WIZ-07754,GLD-06,apprentice,2025-07-08,
MEM-05660,WIZ-07757,GLD-04,apprentice,2025-05-29,
MEM-05661,WIZ-07760,GLD-05,adept,2023-08-17,
MEM-05662,WIZ-07761,GLD-03,adept,2026-05-14,
MEM-05663,WIZ-07762,GLD-11,adept,2024-12-28,
MEM-05664,WIZ-07765,GLD-10,Apprentice,2025-02-12,
MEM-05665,WIZ-07766,GLD-06,Apprentice,2025-01-08,
MEM-05666,WIZ-07767,GLD-05,apprentice,2025-08-14,
MEM-05667,WIZ-07769,GLD-01,Apprentice,2026-06-21,
MEM-05668,WIZ-07770,GLD-04,adept,2023-07-25,2024-04-10
MEM-05669,WIZ-07770,GLD-04,Archmage,2024-04-10,
MEM-05670,WIZ-07771,GLD-02,archmage,2024-09-13,
MEM-05671,WIZ-07772,GLD-10,apprentice,2026-04-15,
MEM-05672,WIZ-07773,GLD-01,adept,2025-12-31,2026-04-09
MEM-05673,WIZ-07773,GLD-01,archmage,2026-04-09,
MEM-05674,WIZ-07775,GLD-09,archmage,2023-06-17,
MEM-05675,WIZ-07776,GLD-10,apprentice,2023-11-16,
MEM-05676,WIZ-07777,GLD-05,adept,2024-01-14,
MEM-05677,WIZ-07778,GLD-06,adept,2025-09-24,
MEM-05678,WIZ-07779,GLD-03,adept,2025-12-13,
MEM-05679,WIZ-07782,GLD-06,apprentice,2025-05-24,2026-02-23
MEM-05680,WIZ-07782,GLD-06,Adept,2026-02-23,
MEM-05681,WIZ-07783,GLD-06,Apprentice,2025-08-05,
MEM-05682,WIZ-07784,GLD-01,Apprentice,2026-06-30,
MEM-05683,WIZ-07785,GLD-01,APPRENTICE,2024-04-14,
MEM-05684,WIZ-07787,GLD-06,Apprentice,2025-11-24,
MEM-05685,WIZ-07788,GLD-05,archmage,2026-03-08,
MEM-05686,WIZ-07789,GLD-08,adept,2025-05-17,2025-09-26
MEM-05687,WIZ-07789,GLD-08,archmage,2025-09-26,
MEM-05688,WIZ-07790,GLD-03,apprentice,2024-02-20,
MEM-05689,WIZ-07794,GLD-10,APPRENTICE,2024-01-29,
MEM-05690,WIZ-07796,GLD-06,adept,2024-08-02,
MEM-05691,WIZ-07797,GLD-03,ADEPT,2026-01-10,2026-03-23
MEM-05692,WIZ-07797,GLD-03,Archmage,2026-03-23,
MEM-05693,WIZ-07798,GLD-10,adept,2023-04-07,
MEM-05694,WIZ-07799,GLD-03,Archmage,2023-10-17,
MEM-05695,WIZ-07801,GLD-11,adept,2024-07-29,
MEM-05696,WIZ-07802,GLD-09,adept,2024-03-29,
MEM-05697,WIZ-07803,GLD-12,APPRENTICE,2024-09-27,
MEM-05698,WIZ-07804,GLD-08,apprentice,2023-09-15,
MEM-05699,WIZ-07805,GLD-11,apprentice,2025-04-18,
MEM-05700,WIZ-07806,GLD-07,adept,2024-03-19,
MEM-05701,WIZ-07808,GLD-10,apprentice,2024-12-28,
MEM-05702,WIZ-07809,GLD-01,ADEPT,2024-12-15,
MEM-05703,WIZ-07811,GLD-09,adept,2024-06-30,2024-10-26
MEM-05704,WIZ-07811,GLD-09,Archmage,2024-10-26,
MEM-05705,WIZ-07812,GLD-07,apprentice,2024-11-08,
MEM-05706,WIZ-07814,GLD-03,APPRENTICE,2026-05-11,
MEM-05707,WIZ-07815,GLD-09,Adept,2025-04-30,
MEM-05708,WIZ-07816,GLD-03,archmage,2025-08-29,
MEM-05709,WIZ-07817,GLD-12,Adept,2026-05-06,
MEM-05710,WIZ-07818,GLD-04,Apprentice,2025-10-25,
MEM-05711,WIZ-07821,GLD-09,archmage,2026-01-11,
MEM-05712,WIZ-07822,GLD-05,apprentice,2023-10-05,2025-08-18
MEM-05713,WIZ-07822,GLD-05,ADEPT,2025-08-18,
MEM-05714,WIZ-07824,GLD-02,Adept,2026-05-20,
MEM-05715,WIZ-07827,GLD-12,apprentice,2026-01-25,
MEM-05716,WIZ-07830,GLD-10,apprentice,2026-04-02,
MEM-05717,WIZ-07831,GLD-08,apprentice,2025-10-25,2026-05-13
MEM-05718,WIZ-07831,GLD-08,adept,2026-05-13,
MEM-05719,WIZ-07832,GLD-05,archmage,2026-05-11,
MEM-05720,WIZ-07833,GLD-05,apprentice,2024-07-07,
MEM-05721,WIZ-07835,GLD-03,Adept,2024-08-01,
MEM-05722,WIZ-07836,GLD-10,Apprentice,2023-11-21,
MEM-05723,WIZ-07837,GLD-01,Adept,2025-01-12,
MEM-05724,WIZ-07838,GLD-04,archmage,2024-12-15,
MEM-05725,WIZ-07839,GLD-01,Apprentice,2023-04-04,
MEM-05726,WIZ-07840,GLD-10,adept,2026-04-30,
MEM-05727,WIZ-07842,GLD-12,adept,2025-10-06,
MEM-05728,WIZ-07844,GLD-10,apprentice,2026-05-20,
MEM-05729,WIZ-07845,GLD-05,apprentice,2023-09-15,2025-08-09
MEM-05730,WIZ-07845,GLD-05,adept,2025-08-09,
MEM-05731,WIZ-07847,GLD-04,apprentice,2024-04-16,
MEM-05732,WIZ-07848,GLD-08,adept,2026-06-13,
MEM-05733,WIZ-07850,GLD-01,apprentice,2024-07-13,2026-02-06
MEM-05734,WIZ-07850,GLD-01,adept,2026-02-06,
MEM-05735,WIZ-07853,GLD-09,apprentice,2024-09-27,
MEM-05736,WIZ-07855,GLD-11,adept,2026-06-04,
MEM-05737,WIZ-07856,GLD-01,adept,2026-05-04,
MEM-05738,WIZ-07858,GLD-10,Apprentice,2026-03-21,
MEM-05739,WIZ-07862,GLD-07,apprentice,2026-04-22,
MEM-05740,WIZ-07866,GLD-10,apprentice,2024-03-01,
MEM-05741,WIZ-07869,GLD-07,archmage,2024-09-24,
MEM-05742,WIZ-07870,GLD-03,apprentice,2026-04-19,
MEM-05743,WIZ-07871,GLD-10,apprentice,2025-05-15,
MEM-05744,WIZ-07873,GLD-01,adept,2024-09-07,
MEM-05745,WIZ-07874,GLD-05,apprentice,2025-01-21,
MEM-05746,WIZ-07875,GLD-07,adept,2024-11-02,
MEM-05747,WIZ-07876,GLD-01,apprentice,2026-04-17,
MEM-05748,WIZ-07877,GLD-05,apprentice,2024-04-21,
MEM-05749,WIZ-07880,GLD-12,apprentice,2025-02-13,
MEM-05750,WIZ-07881,GLD-02,apprentice,2024-05-03,
MEM-05751,WIZ-07882,GLD-07,adept,2024-11-24,
MEM-05752,WIZ-07884,GLD-01,apprentice,2023-03-10,
MEM-05753,WIZ-07886,GLD-04,APPRENTICE,2025-09-30,
MEM-05754,WIZ-07887,GLD-07,apprentice,2025-11-03,
MEM-05755,WIZ-07890,GLD-12,Apprentice,2023-08-22,
MEM-05756,WIZ-07891,GLD-05,adept,2025-11-25,2026-01-04
MEM-05757,WIZ-07891,GLD-05,archmage,2026-01-04,
MEM-05758,WIZ-07892,GLD-09,apprentice,2025-07-13,
MEM-05759,WIZ-07894,GLD-12,adept,2024-07-13,
MEM-05760,WIZ-07896,GLD-04,adept,2025-05-06,
MEM-05761,WIZ-07898,GLD-11,apprentice,2026-02-01,
MEM-05762,WIZ-07899,GLD-02,apprentice,2024-01-01,
MEM-05763,WIZ-07900,GLD-08,apprentice,2024-03-19,2025-02-26
MEM-05764,WIZ-07900,GLD-08,adept,2025-02-26,
MEM-05765,WIZ-07901,GLD-09,Apprentice,2025-05-05,
MEM-05766,WIZ-07902,GLD-03,apprentice,2024-04-17,
MEM-05767,WIZ-07904,GLD-01,Archmage,2026-01-30,
MEM-05768,WIZ-07906,GLD-07,apprentice,2025-12-06,
MEM-05769,WIZ-07907,GLD-12,apprentice,2026-04-27,
MEM-05770,WIZ-07908,GLD-07,adept,2025-01-03,
MEM-05771,WIZ-07910,GLD-02,apprentice,2025-06-22,
MEM-05772,WIZ-07911,GLD-03,adept,2025-06-16,
MEM-05773,WIZ-07913,GLD-02,adept,2026-05-30,
MEM-05774,WIZ-07914,GLD-01,Apprentice,2025-08-16,
MEM-05775,WIZ-07915,GLD-12,apprentice,2024-02-07,
MEM-05776,WIZ-07917,GLD-01,Apprentice,2024-05-30,2024-06-29
MEM-05777,WIZ-07917,GLD-01,Adept,2024-06-29,
MEM-05778,WIZ-07919,GLD-08,apprentice,2026-06-09,
MEM-05779,WIZ-07920,GLD-04,apprentice,2023-09-07,2024-09-24
MEM-05780,WIZ-07920,GLD-04,adept,2024-09-24,
MEM-05781,WIZ-07921,GLD-01,apprentice,2026-06-14,
MEM-05782,WIZ-07922,GLD-02,apprentice,2024-02-22,2025-03-26
MEM-05783,WIZ-07922,GLD-02,Adept,2025-03-26,
MEM-05784,WIZ-07923,GLD-04,adept,2024-05-15,
MEM-05785,WIZ-07924,GLD-12,adept,2026-03-17,
MEM-05786,WIZ-07926,GLD-10,adept,2025-06-20,
MEM-05787,WIZ-07928,GLD-09,apprentice,2025-12-14,
MEM-05788,WIZ-07930,GLD-01,apprentice,2025-02-09,
MEM-05789,WIZ-07931,GLD-06,ADEPT,2025-10-06,
MEM-05790,WIZ-07932,GLD-12,APPRENTICE,2026-04-04,
MEM-05791,WIZ-07933,GLD-04,apprentice,2026-03-31,
MEM-05792,WIZ-07934,GLD-01,APPRENTICE,2023-11-23,
MEM-05793,WIZ-07936,GLD-03,Apprentice,2024-04-04,
MEM-05794,WIZ-07937,GLD-05,Apprentice,2023-12-23,
MEM-05795,WIZ-07938,GLD-01,Adept,2025-03-22,
MEM-05796,WIZ-07939,GLD-09,adept,2023-08-04,
MEM-05797,WIZ-07940,GLD-01,apprentice,2025-11-19,
MEM-05798,WIZ-07942,GLD-07,Adept,2026-03-03,
MEM-05799,WIZ-07943,GLD-04,Adept,2024-01-30,
MEM-05800,WIZ-07944,GLD-08,adept,2024-02-20,
MEM-05801,WIZ-07945,GLD-09,apprentice,2026-01-20,2026-06-10
MEM-05802,WIZ-07945,GLD-09,adept,2026-06-10,
MEM-05803,WIZ-07946,GLD-09,apprentice,2024-10-16,
MEM-05804,WIZ-07948,GLD-04,ADEPT,2025-07-02,
MEM-05805,WIZ-07949,GLD-11,apprentice,2026-05-31,
MEM-05806,WIZ-07950,GLD-07,adept,2024-10-06,
MEM-05807,WIZ-07951,GLD-01,Apprentice,2025-05-22,
MEM-05808,WIZ-07952,GLD-04,apprentice,2025-05-21,
MEM-05809,WIZ-07954,GLD-11,apprentice,2025-04-24,
MEM-05810,WIZ-07955,GLD-01,archmage,2025-12-14,
MEM-05811,WIZ-07957,GLD-12,apprentice,2024-01-02,
MEM-05812,WIZ-07958,GLD-09,APPRENTICE,2024-05-01,
MEM-05813,WIZ-07959,GLD-04,archmage,2025-03-01,
MEM-05814,WIZ-07960,GLD-07,Apprentice,2025-08-31,2026-04-13
MEM-05815,WIZ-07960,GLD-07,adept,2026-04-13,
MEM-05816,WIZ-07961,GLD-08,adept,2026-05-25,
MEM-05817,WIZ-07962,GLD-05,adept,2026-06-18,
MEM-05818,WIZ-07963,GLD-07,apprentice,2025-05-03,
MEM-05819,WIZ-07964,GLD-10,adept,2025-09-21,
MEM-05820,WIZ-07965,GLD-06,apprentice,2025-09-13,2026-06-29
MEM-05821,WIZ-07965,GLD-06,ADEPT,2026-06-29,
MEM-05822,WIZ-07966,GLD-02,adept,2025-06-06,
MEM-05823,WIZ-07968,GLD-12,Adept,2026-04-28,2026-06-07
MEM-05824,WIZ-07968,GLD-12,archmage,2026-06-07,
MEM-05825,WIZ-07970,GLD-03,archmage,2026-06-23,
MEM-05826,WIZ-07974,GLD-02,APPRENTICE,2024-12-05,
MEM-05827,WIZ-07975,GLD-09,apprentice,2025-05-21,
MEM-05828,WIZ-07976,GLD-07,Apprentice,2024-11-28,
MEM-05829,WIZ-07977,GLD-04,apprentice,2023-07-24,
MEM-05830,WIZ-07978,GLD-02,adept,2025-08-02,
MEM-05831,WIZ-07979,GLD-04,apprentice,2024-05-24,2025-06-06
MEM-05832,WIZ-07979,GLD-04,adept,2025-06-06,
MEM-05833,WIZ-07981,GLD-07,Apprentice,2024-04-24,
MEM-05834,WIZ-07984,GLD-02,apprentice,2024-02-17,2025-03-03
MEM-05835,WIZ-07984,GLD-02,adept,2025-03-03,
MEM-05836,WIZ-07986,GLD-05,adept,2024-11-06,
MEM-05837,WIZ-07987,GLD-06,ADEPT,2024-08-28,
MEM-05838,WIZ-07988,GLD-05,Adept,2023-09-02,
MEM-05839,WIZ-07989,GLD-10,adept,2026-01-20,
MEM-05840,WIZ-07991,GLD-11,apprentice,2024-08-03,2025-04-11
MEM-05841,WIZ-07991,GLD-11,ADEPT,2025-04-11,
MEM-05842,WIZ-07992,GLD-07,Adept,2024-06-08,
MEM-05843,WIZ-07993,GLD-04,archmage,2024-07-16,
MEM-05844,WIZ-07994,GLD-05,apprentice,2026-05-28,
MEM-05845,WIZ-07995,GLD-08,apprentice,2026-04-12,
MEM-05846,WIZ-07996,GLD-06,apprentice,2025-08-11,
MEM-05847,WIZ-07997,GLD-01,ARCHMAGE,2024-04-01,
MEM-05848,WIZ-08000,GLD-03,Apprentice,2026-02-23,2026-05-24
MEM-05849,WIZ-08000,GLD-03,adept,2026-05-24,
MEM-05850,WIZ-08002,GLD-06,Adept,2024-05-22,
MEM-05851,WIZ-08003,GLD-03,Apprentice,2026-04-04,
MEM-05852,WIZ-08004,GLD-10,apprentice,2026-04-02,2026-06-27
MEM-05853,WIZ-08004,GLD-10,adept,2026-06-27,
MEM-05854,WIZ-08005,GLD-01,ADEPT,2026-03-15,
MEM-05855,WIZ-08006,GLD-09,adept,2026-04-26,
MEM-05856,WIZ-08007,GLD-04,apprentice,2026-06-26,
MEM-05857,WIZ-08009,GLD-10,adept,2024-09-12,
MEM-05858,WIZ-08011,GLD-04,APPRENTICE,2023-12-21,
MEM-05859,WIZ-08012,GLD-08,apprentice,2025-09-08,
MEM-05860,WIZ-08014,GLD-08,ARCHMAGE,2025-03-01,
MEM-05861,WIZ-08015,GLD-01,apprentice,2026-05-04,
MEM-05862,WIZ-08016,GLD-04,Adept,2026-04-04,
MEM-05863,WIZ-08017,GLD-05,adept,2024-07-31,
MEM-05864,WIZ-08018,GLD-05,apprentice,2025-03-25,2025-05-01
MEM-05865,WIZ-08018,GLD-05,adept,2025-05-01,
MEM-05866,WIZ-08020,GLD-06,apprentice,2025-02-24,
MEM-05867,WIZ-08021,GLD-03,apprentice,2024-07-25,2025-01-06
MEM-05868,WIZ-08021,GLD-03,Adept,2025-01-06,
MEM-05869,WIZ-08022,GLD-09,apprentice,2025-06-04,
MEM-05870,WIZ-08023,GLD-09,Adept,2023-12-29,
MEM-05871,WIZ-08024,GLD-05,apprentice,2025-11-06,
MEM-05872,WIZ-08026,GLD-11,ARCHMAGE,2026-06-21,
MEM-05873,WIZ-08027,GLD-07,Adept,2024-06-26,
MEM-05874,WIZ-08030,GLD-06,adept,2026-04-06,
MEM-05875,WIZ-08032,GLD-05,apprentice,2023-09-19,
MEM-05876,WIZ-08033,GLD-05,apprentice,2025-10-04,2026-04-11
MEM-05877,WIZ-08033,GLD-05,adept,2026-04-11,
MEM-05878,WIZ-08035,GLD-09,apprentice,2025-01-11,
MEM-05879,WIZ-08036,GLD-12,adept,2025-08-19,
MEM-05880,WIZ-08037,GLD-09,apprentice,2026-03-03,
MEM-05881,WIZ-08038,GLD-12,APPRENTICE,2024-01-27,
MEM-05882,WIZ-08039,GLD-03,apprentice,2025-07-22,
MEM-05883,WIZ-08041,GLD-04,apprentice,2025-03-27,
MEM-05884,WIZ-08042,GLD-02,APPRENTICE,2024-05-25,2024-11-07
MEM-05885,WIZ-08042,GLD-02,adept,2024-11-07,
MEM-05886,WIZ-08043,GLD-07,apprentice,2026-06-30,
MEM-05887,WIZ-08044,GLD-12,adept,2026-01-09,
MEM-05888,WIZ-08045,GLD-07,adept,2026-06-03,
MEM-05889,WIZ-08046,GLD-09,archmage,2026-02-09,
MEM-05890,WIZ-08049,GLD-11,adept,2025-03-18,2025-10-09
MEM-05891,WIZ-08049,GLD-11,archmage,2025-10-09,
MEM-05892,WIZ-08051,GLD-08,APPRENTICE,2024-01-06,
MEM-05893,WIZ-08054,GLD-08,adept,2023-05-14,
MEM-05894,WIZ-08055,GLD-07,apprentice,2023-06-12,
MEM-05895,WIZ-08056,GLD-06,apprentice,2023-12-01,
MEM-05896,WIZ-08057,GLD-02,adept,2024-07-29,2025-04-14
MEM-05897,WIZ-08057,GLD-02,archmage,2025-04-14,
MEM-05898,WIZ-08058,GLD-06,adept,2026-03-01,
MEM-05899,WIZ-08059,GLD-11,apprentice,2024-05-21,
MEM-05900,WIZ-08064,GLD-03,APPRENTICE,2023-11-10,
MEM-05901,WIZ-08066,GLD-03,Apprentice,2024-02-22,
MEM-05902,WIZ-08068,GLD-12,apprentice,2026-06-30,
MEM-05903,WIZ-08072,GLD-10,apprentice,2026-03-27,
MEM-05904,WIZ-08074,GLD-02,Apprentice,2024-07-06,
MEM-05905,WIZ-08075,GLD-07,apprentice,2024-09-30,
MEM-05906,WIZ-08076,GLD-07,apprentice,2026-06-08,
MEM-05907,WIZ-08077,GLD-02,Apprentice,2026-03-22,
MEM-05908,WIZ-08078,GLD-04,Adept,2023-08-16,
MEM-05909,WIZ-08079,GLD-12,apprentice,2023-09-28,2024-01-05
MEM-05910,WIZ-08079,GLD-12,ADEPT,2024-01-05,
MEM-05911,WIZ-08081,GLD-01,Adept,2023-09-29,
MEM-05912,WIZ-08082,GLD-11,archmage,2025-04-08,
MEM-05913,WIZ-08083,GLD-07,Apprentice,2026-01-03,
MEM-05914,WIZ-08084,GLD-06,APPRENTICE,2023-07-08,
MEM-05915,WIZ-08085,GLD-07,APPRENTICE,2025-05-05,2026-06-07
MEM-05916,WIZ-08085,GLD-07,adept,2026-06-07,
MEM-05917,WIZ-08086,GLD-05,apprentice,2025-10-16,
MEM-05918,WIZ-08088,GLD-09,apprentice,2024-11-02,
MEM-05919,WIZ-08089,GLD-12,Apprentice,2025-07-16,2026-06-30
MEM-05920,WIZ-08089,GLD-12,Adept,2026-06-30,
MEM-05921,WIZ-08090,GLD-05,adept,2024-10-27,
MEM-05922,WIZ-08091,GLD-04,adept,2026-05-05,
MEM-05923,WIZ-08094,GLD-11,adept,2023-12-06,
MEM-05924,WIZ-08096,GLD-05,archmage,2025-11-26,
MEM-05925,WIZ-08097,GLD-02,apprentice,2025-10-02,
MEM-05926,WIZ-08098,GLD-10,apprentice,2026-06-23,
MEM-05927,WIZ-08100,GLD-01,Adept,2026-03-03,
MEM-05928,WIZ-08101,GLD-02,apprentice,2026-04-25,
MEM-05929,WIZ-08102,GLD-07,apprentice,2025-08-12,
MEM-05930,WIZ-08103,GLD-12,archmage,2025-06-27,
MEM-05931,WIZ-08106,GLD-08,ADEPT,2026-05-12,
MEM-05932,WIZ-08109,GLD-01,apprentice,2024-06-09,
MEM-05933,WIZ-08110,GLD-08,adept,2026-03-14,
MEM-05934,WIZ-08112,GLD-02,apprentice,2024-06-14,
MEM-05935,WIZ-08113,GLD-10,Apprentice,2025-04-24,
MEM-05936,WIZ-08114,GLD-07,Adept,2025-10-12,
MEM-05937,WIZ-08115,GLD-03,Apprentice,2024-08-06,
MEM-05938,WIZ-08116,GLD-03,adept,2025-05-07,
MEM-05939,WIZ-08117,GLD-03,adept,2024-04-01,
MEM-05940,WIZ-08118,GLD-03,apprentice,2023-09-11,
MEM-05941,WIZ-08120,GLD-12,apprentice,2025-12-25,
MEM-05942,WIZ-08122,GLD-09,adept,2025-10-05,
MEM-05943,WIZ-08124,GLD-05,adept,2026-05-29,
MEM-05944,WIZ-08126,GLD-06,ADEPT,2024-08-29,
MEM-05945,WIZ-08129,GLD-02,Apprentice,2023-07-11,
MEM-05946,WIZ-08132,GLD-02,Adept,2023-05-07,
MEM-05947,WIZ-08133,GLD-08,APPRENTICE,2026-04-02,
MEM-05948,WIZ-08134,GLD-02,APPRENTICE,2023-12-11,
MEM-05949,WIZ-08137,GLD-07,adept,2024-12-28,2025-05-25
MEM-05950,WIZ-08137,GLD-07,Archmage,2025-05-25,
MEM-05951,WIZ-08138,GLD-12,adept,2025-06-21,
MEM-05952,WIZ-08141,GLD-11,Apprentice,2026-06-10,
MEM-05953,WIZ-08144,GLD-07,apprentice,2026-01-20,2026-02-23
MEM-05954,WIZ-08144,GLD-07,adept,2026-02-23,
MEM-05955,WIZ-08145,GLD-02,apprentice,2024-02-19,2025-12-11
MEM-05956,WIZ-08145,GLD-02,adept,2025-12-11,
MEM-05957,WIZ-08146,GLD-10,ADEPT,2026-01-07,
MEM-05958,WIZ-08149,GLD-01,apprentice,2025-04-11,
MEM-05959,WIZ-08150,GLD-10,ADEPT,2026-06-04,
MEM-05960,WIZ-08151,GLD-11,Adept,2025-04-13,
MEM-05961,WIZ-08152,GLD-10,adept,2024-06-23,
MEM-05962,WIZ-08154,GLD-06,apprentice,2025-09-07,
MEM-05963,WIZ-08155,GLD-07,ADEPT,2024-12-18,
MEM-05964,WIZ-08157,GLD-07,adept,2023-08-23,
MEM-05965,WIZ-08158,GLD-08,apprentice,2024-11-11,
MEM-05966,WIZ-08159,GLD-08,apprentice,2024-09-21,
MEM-05967,WIZ-08160,GLD-11,Adept,2023-02-23,2024-02-22
MEM-05968,WIZ-08160,GLD-11,archmage,2024-02-22,
MEM-05969,WIZ-08161,GLD-05,apprentice,2024-03-02,2025-08-12
MEM-05970,WIZ-08161,GLD-05,adept,2025-08-12,
MEM-05971,WIZ-08162,GLD-10,apprentice,2024-09-17,2026-06-19
MEM-05972,WIZ-08162,GLD-10,ADEPT,2026-06-19,
MEM-05973,WIZ-08163,GLD-11,apprentice,2023-10-19,
MEM-05974,WIZ-08165,GLD-11,apprentice,2025-09-15,2026-02-20
MEM-05975,WIZ-08165,GLD-11,adept,2026-02-20,
MEM-05976,WIZ-08166,GLD-06,archmage,2026-04-28,
MEM-05977,WIZ-08167,GLD-07,adept,2026-05-12,
MEM-05978,WIZ-08168,GLD-05,adept,2026-05-17,
MEM-05979,WIZ-08169,GLD-06,apprentice,2025-03-26,
MEM-05980,WIZ-08170,GLD-01,apprentice,2025-05-21,
MEM-05981,WIZ-08171,GLD-10,adept,2026-04-12,
MEM-05982,WIZ-08172,GLD-11,adept,2026-02-23,
MEM-05983,WIZ-08173,GLD-12,Apprentice,2026-05-17,
MEM-05984,WIZ-08174,GLD-02,apprentice,2024-05-31,
MEM-05985,WIZ-08175,GLD-04,adept,2024-01-11,2024-11-08
MEM-05986,WIZ-08175,GLD-04,archmage,2024-11-08,
MEM-05987,WIZ-08176,GLD-09,apprentice,2026-06-12,
MEM-05988,WIZ-08177,GLD-03,adept,2026-01-07,
MEM-05989,WIZ-08179,GLD-03,apprentice,2024-05-14,
MEM-05990,WIZ-08181,GLD-07,Apprentice,2026-05-19,
MEM-05991,WIZ-08183,GLD-12,Adept,2023-07-02,
MEM-05992,WIZ-08185,GLD-03,apprentice,2024-06-04,
MEM-05993,WIZ-08189,GLD-04,adept,2025-07-16,
MEM-05994,WIZ-08190,GLD-04,apprentice,2026-06-02,
MEM-05995,WIZ-08191,GLD-10,apprentice,2025-05-27,
MEM-05996,WIZ-08192,GLD-06,adept,2025-02-11,
MEM-05997,WIZ-08193,GLD-09,apprentice,2025-07-01,
MEM-05998,WIZ-08194,GLD-05,adept,2024-10-26,
MEM-05999,WIZ-08195,GLD-07,apprentice,2026-01-11,
MEM-06000,WIZ-08196,GLD-07,Apprentice,2024-08-05,
MEM-06001,WIZ-08197,GLD-11,apprentice,2024-06-20,
MEM-06002,WIZ-08198,GLD-09,apprentice,2025-05-05,
MEM-06003,WIZ-08200,GLD-09,archmage,2025-01-30,
MEM-06004,WIZ-08204,GLD-07,Adept,2025-03-06,
MEM-06005,WIZ-08205,GLD-01,Apprentice,2024-09-01,
MEM-06006,WIZ-08206,GLD-07,adept,2023-10-20,
MEM-06007,WIZ-08208,GLD-01,Apprentice,2023-06-23,
MEM-06008,WIZ-08209,GLD-07,apprentice,2024-11-20,2025-06-12
MEM-06009,WIZ-08209,GLD-07,Adept,2025-06-12,
MEM-06010,WIZ-08210,GLD-03,Apprentice,2026-05-06,
MEM-06011,WIZ-08213,GLD-05,apprentice,2025-09-25,
MEM-06012,WIZ-08214,GLD-02,ARCHMAGE,2026-04-02,
MEM-06013,WIZ-08215,GLD-07,apprentice,2026-04-07,
MEM-06014,WIZ-08216,GLD-07,apprentice,2023-04-13,
MEM-06015,WIZ-08217,GLD-08,apprentice,2025-11-13,
MEM-06016,WIZ-08219,GLD-12,adept,2026-06-06,
MEM-06017,WIZ-08220,GLD-09,APPRENTICE,2024-08-12,
MEM-06018,WIZ-08221,GLD-07,Apprentice,2025-05-22,2026-05-31
MEM-06019,WIZ-08221,GLD-07,Adept,2026-05-31,
MEM-06020,WIZ-08222,GLD-10,apprentice,2026-06-07,
MEM-06021,WIZ-08223,GLD-05,apprentice,2024-07-20,
MEM-06022,WIZ-08226,GLD-09,Apprentice,2024-10-17,
MEM-06023,WIZ-08227,GLD-11,archmage,2025-11-22,
MEM-06024,WIZ-08231,GLD-09,APPRENTICE,2025-11-05,
MEM-06025,WIZ-08232,GLD-10,Adept,2026-06-12,
MEM-06026,WIZ-08234,GLD-04,adept,2023-10-08,
MEM-06027,WIZ-08238,GLD-01,apprentice,2026-03-01,2026-04-21
MEM-06028,WIZ-08238,GLD-01,adept,2026-04-21,
MEM-06029,WIZ-08240,GLD-03,Adept,2024-08-31,
MEM-06030,WIZ-08241,GLD-08,apprentice,2026-04-08,
MEM-06031,WIZ-08242,GLD-09,ARCHMAGE,2025-03-31,
MEM-06032,WIZ-08243,GLD-06,adept,2025-04-03,
MEM-06033,WIZ-08244,GLD-03,Apprentice,2025-09-26,
MEM-06034,WIZ-08245,GLD-07,apprentice,2026-04-04,2026-05-23
MEM-06035,WIZ-08245,GLD-07,adept,2026-05-23,
MEM-06036,WIZ-08246,GLD-12,apprentice,2026-04-19,
MEM-06037,WIZ-08247,GLD-04,apprentice,2025-06-11,
MEM-06038,WIZ-08248,GLD-03,Apprentice,2026-01-29,
MEM-06039,WIZ-08251,GLD-08,apprentice,2026-01-02,
MEM-06040,WIZ-08252,GLD-02,Apprentice,2024-01-26,
MEM-06041,WIZ-08253,GLD-07,apprentice,2026-03-22,2026-06-16
MEM-06042,WIZ-08253,GLD-07,adept,2026-06-16,
MEM-06043,WIZ-08255,GLD-11,ADEPT,2025-11-18,
MEM-06044,WIZ-08257,GLD-09,apprentice,2025-11-23,
MEM-06045,WIZ-08261,GLD-04,Apprentice,2026-05-18,
MEM-06046,WIZ-08262,GLD-05,apprentice,2024-05-03,
MEM-06047,WIZ-08263,GLD-11,adept,2025-08-12,2026-06-27
MEM-06048,WIZ-08263,GLD-11,archmage,2026-06-27,
MEM-06049,WIZ-08264,GLD-01,adept,2024-02-23,
MEM-06050,WIZ-08266,GLD-12,Apprentice,2024-06-11,
MEM-06051,WIZ-08267,GLD-08,Adept,2026-06-16,
MEM-06052,WIZ-08268,GLD-07,apprentice,2025-11-02,
MEM-06053,WIZ-08270,GLD-01,apprentice,2025-01-27,
MEM-06054,WIZ-08271,GLD-08,apprentice,2025-04-01,2026-06-01
MEM-06055,WIZ-08271,GLD-08,adept,2026-06-01,
MEM-06056,WIZ-08272,GLD-09,apprentice,2024-08-31,
MEM-06057,WIZ-08273,GLD-10,Apprentice,2026-02-23,
MEM-06058,WIZ-08274,GLD-11,adept,2023-09-25,2024-06-24
MEM-06059,WIZ-08274,GLD-11,Archmage,2024-06-24,
MEM-06060,WIZ-08275,GLD-06,apprentice,2026-05-23,
MEM-06061,WIZ-08277,GLD-05,apprentice,2025-05-23,2026-05-04
MEM-06062,WIZ-08277,GLD-05,adept,2026-05-04,
MEM-06063,WIZ-08280,GLD-07,APPRENTICE,2023-12-15,
MEM-06064,WIZ-08281,GLD-10,apprentice,2023-12-31,
MEM-06065,WIZ-08282,GLD-07,apprentice,2025-07-12,2026-01-27
MEM-06066,WIZ-08282,GLD-07,ADEPT,2026-01-27,
MEM-06067,WIZ-08288,GLD-11,apprentice,2023-11-20,
MEM-06068,WIZ-08289,GLD-10,apprentice,2024-03-22,
MEM-06069,WIZ-08290,GLD-10,adept,2026-01-31,
MEM-06070,WIZ-08293,GLD-03,apprentice,2025-10-27,
MEM-06071,WIZ-08294,GLD-08,apprentice,2024-01-08,2024-09-17
MEM-06072,WIZ-08294,GLD-08,adept,2024-09-17,
MEM-06073,WIZ-08296,GLD-08,apprentice,2025-09-11,2025-10-26
MEM-06074,WIZ-08296,GLD-08,adept,2025-10-26,
MEM-06075,WIZ-08297,GLD-06,apprentice,2026-06-25,
MEM-06076,WIZ-08298,GLD-12,adept,2025-06-28,
MEM-06077,WIZ-08300,GLD-03,Apprentice,2023-11-30,
MEM-06078,WIZ-08302,GLD-10,archmage,2025-05-24,
MEM-06079,WIZ-08303,GLD-04,APPRENTICE,2024-12-19,2025-05-20
MEM-06080,WIZ-08303,GLD-04,adept,2025-05-20,
MEM-06081,WIZ-08306,GLD-08,apprentice,2024-11-07,
MEM-06082,WIZ-08307,GLD-07,apprentice,2025-01-26,
MEM-06083,WIZ-08309,GLD-11,archmage,2025-04-25,
MEM-06084,WIZ-08311,GLD-06,adept,2026-04-30,
MEM-06085,WIZ-08314,GLD-03,adept,2025-12-12,2026-03-03
MEM-06086,WIZ-08314,GLD-03,Archmage,2026-03-03,
MEM-06087,WIZ-08315,GLD-08,APPRENTICE,2025-11-04,
MEM-06088,WIZ-08317,GLD-12,apprentice,2025-07-21,
MEM-06089,WIZ-08320,GLD-03,apprentice,2024-07-04,
MEM-06090,WIZ-08321,GLD-12,adept,2026-06-24,
MEM-06091,WIZ-08325,GLD-11,apprentice,2026-02-05,
MEM-06092,WIZ-08326,GLD-09,adept,2024-01-08,
MEM-06093,WIZ-08327,GLD-06,apprentice,2023-06-16,
MEM-06094,WIZ-08329,GLD-08,archmage,2023-02-11,
MEM-06095,WIZ-08330,GLD-11,Adept,2026-06-21,
MEM-06096,WIZ-08331,GLD-08,Apprentice,2024-08-25,
MEM-06097,WIZ-08332,GLD-11,Apprentice,2024-05-02,
MEM-06098,WIZ-08333,GLD-08,archmage,2026-02-03,
MEM-06099,WIZ-08335,GLD-11,adept,2024-06-08,
MEM-06100,WIZ-08336,GLD-06,adept,2026-02-04,
MEM-06101,WIZ-08342,GLD-03,apprentice,2023-07-08,
MEM-06102,WIZ-08343,GLD-08,apprentice,2024-04-11,2025-10-31
MEM-06103,WIZ-08343,GLD-08,adept,2025-10-31,
MEM-06104,WIZ-08344,GLD-12,apprentice,2023-04-08,2024-12-22
MEM-06105,WIZ-08344,GLD-12,adept,2024-12-22,
MEM-06106,WIZ-08347,GLD-10,archmage,2025-12-06,
MEM-06107,WIZ-08348,GLD-03,apprentice,2025-09-07,
MEM-06108,WIZ-08349,GLD-12,apprentice,2024-08-18,
MEM-06109,WIZ-08351,GLD-01,adept,2024-07-31,
MEM-06110,WIZ-08352,GLD-05,APPRENTICE,2025-12-04,
MEM-06111,WIZ-08353,GLD-07,apprentice,2025-07-24,
MEM-06112,WIZ-08356,GLD-09,apprentice,2025-10-11,
MEM-06113,WIZ-08357,GLD-05,adept,2026-06-26,
MEM-06114,WIZ-08358,GLD-04,APPRENTICE,2025-09-01,
MEM-06115,WIZ-08361,GLD-07,ADEPT,2025-05-16,
MEM-06116,WIZ-08364,GLD-06,adept,2023-07-08,
MEM-06117,WIZ-08365,GLD-05,apprentice,2025-10-15,2026-04-01
MEM-06118,WIZ-08365,GLD-05,adept,2026-04-01,
MEM-06119,WIZ-08366,GLD-04,apprentice,2025-07-04,
MEM-06120,WIZ-08367,GLD-09,archmage,2024-01-26,
MEM-06121,WIZ-08368,GLD-02,apprentice,2024-04-25,
MEM-06122,WIZ-08369,GLD-07,apprentice,2025-10-28,
MEM-06123,WIZ-08370,GLD-04,Adept,2026-06-05,
MEM-06124,WIZ-08371,GLD-10,apprentice,2026-04-23,2026-05-23
MEM-06125,WIZ-08371,GLD-10,ADEPT,2026-05-23,
MEM-06126,WIZ-08372,GLD-02,apprentice,2024-07-08,
MEM-06127,WIZ-08374,GLD-11,ADEPT,2024-08-21,
MEM-06128,WIZ-08376,GLD-07,Apprentice,2025-07-31,
MEM-06129,WIZ-08377,GLD-02,apprentice,2026-02-16,
MEM-06130,WIZ-08378,GLD-09,apprentice,2026-05-10,
MEM-06131,WIZ-08379,GLD-04,adept,2024-07-09,
MEM-06132,WIZ-08380,GLD-01,apprentice,2025-01-02,
MEM-06133,WIZ-08381,GLD-02,apprentice,2024-09-20,
MEM-06134,WIZ-08382,GLD-10,adept,2026-05-24,
MEM-06135,WIZ-08385,GLD-07,apprentice,2023-05-08,2024-07-01
MEM-06136,WIZ-08385,GLD-07,Adept,2024-07-01,
MEM-06137,WIZ-08386,GLD-12,apprentice,2026-06-18,
MEM-06138,WIZ-08387,GLD-12,adept,2024-01-13,
MEM-06139,WIZ-08388,GLD-05,apprentice,2025-09-15,
MEM-06140,WIZ-08391,GLD-12,apprentice,2025-08-25,
MEM-06141,WIZ-08392,GLD-03,Adept,2026-06-10,
MEM-06142,WIZ-08393,GLD-12,apprentice,2025-02-07,
MEM-06143,WIZ-08395,GLD-03,apprentice,2024-02-26,
MEM-06144,WIZ-08396,GLD-07,Adept,2026-01-30,
MEM-06145,WIZ-08397,GLD-01,archmage,2024-09-14,
MEM-06146,WIZ-08398,GLD-03,Archmage,2026-06-08,
MEM-06147,WIZ-08399,GLD-11,Apprentice,2024-04-19,
MEM-06148,WIZ-08400,GLD-06,adept,2023-06-04,2024-06-17
MEM-06149,WIZ-08400,GLD-06,Archmage,2024-06-17,
MEM-06150,WIZ-08401,GLD-07,adept,2026-06-26,
MEM-06151,WIZ-08402,GLD-04,Apprentice,2024-09-06,
MEM-06152,WIZ-08403,GLD-10,apprentice,2026-06-07,
MEM-06153,WIZ-08404,GLD-09,Apprentice,2024-07-23,
MEM-06154,WIZ-08405,GLD-05,apprentice,2024-12-09,
MEM-06155,WIZ-08407,GLD-11,ADEPT,2025-11-22,
MEM-06156,WIZ-08408,GLD-10,Apprentice,2025-06-11,
MEM-06157,WIZ-08409,GLD-02,apprentice,2024-10-08,
MEM-06158,WIZ-08410,GLD-12,ADEPT,2025-01-17,
MEM-06159,WIZ-08411,GLD-04,Adept,2025-09-14,
MEM-06160,WIZ-08412,GLD-06,apprentice,2026-02-19,
MEM-06161,WIZ-08413,GLD-06,Apprentice,2026-06-25,
MEM-06162,WIZ-08414,GLD-06,apprentice,2024-01-16,
MEM-06163,WIZ-08415,GLD-06,ADEPT,2026-04-25,
MEM-06164,WIZ-08416,GLD-06,adept,2025-01-13,
MEM-06165,WIZ-08417,GLD-02,apprentice,2025-03-24,
MEM-06166,WIZ-08418,GLD-04,adept,2023-12-22,
MEM-06167,WIZ-08419,GLD-10,apprentice,2025-08-04,
MEM-06168,WIZ-08420,GLD-09,apprentice,2026-03-29,
MEM-06169,WIZ-08421,GLD-08,adept,2026-05-07,
MEM-06170,WIZ-08423,GLD-09,adept,2023-10-15,
MEM-06171,WIZ-08424,GLD-02,APPRENTICE,2025-05-08,
MEM-06172,WIZ-08426,GLD-02,adept,2026-06-04,
MEM-06173,WIZ-08427,GLD-04,apprentice,2025-11-14,
MEM-06174,WIZ-08428,GLD-03,apprentice,2026-04-01,
MEM-06175,WIZ-08429,GLD-06,apprentice,2025-05-13,
MEM-06176,WIZ-08430,GLD-10,Adept,2025-12-28,
MEM-06177,WIZ-08433,GLD-04,Apprentice,2024-04-04,
MEM-06178,WIZ-08434,GLD-06,Apprentice,2026-03-24,
MEM-06179,WIZ-08435,GLD-02,apprentice,2023-09-13,
MEM-06180,WIZ-08437,GLD-04,adept,2025-04-23,
MEM-06181,WIZ-08440,GLD-09,adept,2025-10-11,
MEM-06182,WIZ-08441,GLD-01,apprentice,2024-05-08,
MEM-06183,WIZ-08442,GLD-03,ADEPT,2025-04-04,
MEM-06184,WIZ-08446,GLD-10,Apprentice,2026-03-30,
MEM-06185,WIZ-08447,GLD-01,apprentice,2025-01-20,
MEM-06186,WIZ-08448,GLD-03,adept,2024-04-09,
MEM-06187,WIZ-08449,GLD-10,apprentice,2025-10-19,
MEM-06188,WIZ-08450,GLD-04,Apprentice,2025-05-29,
MEM-06189,WIZ-08453,GLD-09,apprentice,2024-05-05,
MEM-06190,WIZ-08454,GLD-12,APPRENTICE,2024-01-15,
MEM-06191,WIZ-08455,GLD-06,Apprentice,2023-10-24,
MEM-06192,WIZ-08458,GLD-04,Apprentice,2024-06-16,
MEM-06193,WIZ-08461,GLD-09,apprentice,2025-04-19,
MEM-06194,WIZ-08462,GLD-02,APPRENTICE,2026-06-30,
MEM-06195,WIZ-08464,GLD-11,archmage,2025-06-17,
MEM-06196,WIZ-08465,GLD-03,APPRENTICE,2024-11-26,
MEM-06197,WIZ-08469,GLD-02,apprentice,2024-07-17,
MEM-06198,WIZ-08470,GLD-08,Apprentice,2025-10-20,
MEM-06199,WIZ-08471,GLD-06,apprentice,2024-09-20,
MEM-06200,WIZ-08473,GLD-09,apprentice,2026-05-10,
MEM-06201,WIZ-08474,GLD-08,adept,2026-06-24,
MEM-06202,WIZ-08475,GLD-04,Adept,2025-08-29,
MEM-06203,WIZ-08476,GLD-08,apprentice,2024-08-08,2025-03-24
MEM-06204,WIZ-08476,GLD-08,adept,2025-03-24,
MEM-06205,WIZ-08477,GLD-11,archmage,2026-05-31,
MEM-06206,WIZ-08480,GLD-07,apprentice,2026-05-28,
MEM-06207,WIZ-08481,GLD-03,Apprentice,2025-01-10,
MEM-06208,WIZ-08483,GLD-04,adept,2026-06-29,
MEM-06209,WIZ-08486,GLD-07,apprentice,2026-04-14,
MEM-06210,WIZ-08487,GLD-05,apprentice,2026-02-22,
MEM-06211,WIZ-08488,GLD-01,apprentice,2026-02-01,
MEM-06212,WIZ-08490,GLD-04,ADEPT,2024-11-07,
MEM-06213,WIZ-08491,GLD-01,ADEPT,2025-01-20,
MEM-06214,WIZ-08492,GLD-10,apprentice,2024-01-26,
MEM-06215,WIZ-08493,GLD-04,apprentice,2024-03-15,
MEM-06216,WIZ-08495,GLD-06,adept,2024-09-06,
MEM-06217,WIZ-08498,GLD-05,apprentice,2026-04-27,
MEM-06218,WIZ-08501,GLD-10,APPRENTICE,2026-06-07,
MEM-06219,WIZ-08503,GLD-10,archmage,2025-05-23,
MEM-06220,WIZ-08505,GLD-10,adept,2024-03-02,
MEM-06221,WIZ-08506,GLD-10,apprentice,2023-08-01,
MEM-06222,WIZ-08508,GLD-03,Apprentice,2024-09-04,
MEM-06223,WIZ-08510,GLD-01,APPRENTICE,2024-07-19,
MEM-06224,WIZ-08511,GLD-11,Apprentice,2023-07-18,
MEM-06225,WIZ-08513,GLD-04,APPRENTICE,2025-03-02,
MEM-06226,WIZ-08515,GLD-07,APPRENTICE,2023-10-22,
MEM-06227,WIZ-08517,GLD-11,Apprentice,2025-08-07,
MEM-06228,WIZ-08518,GLD-05,apprentice,2023-07-12,
MEM-06229,WIZ-08520,GLD-08,adept,2026-01-01,
MEM-06230,WIZ-08522,GLD-05,APPRENTICE,2025-10-14,
MEM-06231,WIZ-08523,GLD-09,Apprentice,2026-03-05,2026-06-30
MEM-06232,WIZ-08523,GLD-09,Adept,2026-06-30,
MEM-06233,WIZ-08524,GLD-10,apprentice,2023-08-02,
MEM-06234,WIZ-08525,GLD-02,apprentice,2026-02-07,
MEM-06235,WIZ-08526,GLD-07,apprentice,2025-05-20,
MEM-06236,WIZ-08529,GLD-03,apprentice,2025-04-04,
MEM-06237,WIZ-08531,GLD-06,apprentice,2025-06-29,
MEM-06238,WIZ-08532,GLD-06,ADEPT,2025-08-27,
MEM-06239,WIZ-08533,GLD-10,adept,2024-09-22,
MEM-06240,WIZ-08534,GLD-02,Apprentice,2023-12-16,
MEM-06241,WIZ-08535,GLD-09,apprentice,2025-07-29,
MEM-06242,WIZ-08537,GLD-11,apprentice,2024-08-12,
MEM-06243,WIZ-08540,GLD-05,APPRENTICE,2024-09-25,
MEM-06244,WIZ-08541,GLD-05,adept,2025-01-20,
MEM-06245,WIZ-08542,GLD-04,adept,2025-02-25,
MEM-06246,WIZ-08543,GLD-09,adept,2026-02-17,
MEM-06247,WIZ-08545,GLD-04,apprentice,2026-01-19,
MEM-06248,WIZ-08546,GLD-12,apprentice,2025-08-11,
MEM-06249,WIZ-08550,GLD-09,Adept,2023-12-11,
MEM-06250,WIZ-08552,GLD-07,apprentice,2025-09-09,
MEM-06251,WIZ-08553,GLD-08,adept,2026-05-12,
MEM-06252,WIZ-08554,GLD-01,apprentice,2025-12-16,
MEM-06253,WIZ-08555,GLD-01,archmage,2025-03-12,
MEM-06254,WIZ-08557,GLD-01,apprentice,2024-11-23,
MEM-06255,WIZ-08560,GLD-12,apprentice,2025-01-06,
MEM-06256,WIZ-08561,GLD-07,Apprentice,2024-12-22,
MEM-06257,WIZ-08562,GLD-03,apprentice,2024-01-20,
MEM-06258,WIZ-08563,GLD-04,Apprentice,2026-05-14,
MEM-06259,WIZ-08565,GLD-07,apprentice,2025-12-07,
MEM-06260,WIZ-08566,GLD-03,APPRENTICE,2023-11-12,
MEM-06261,WIZ-08567,GLD-03,apprentice,2025-09-18,2026-02-24
MEM-06262,WIZ-08567,GLD-03,ADEPT,2026-02-24,
MEM-06263,WIZ-08568,GLD-01,apprentice,2023-09-14,
MEM-06264,WIZ-08569,GLD-05,apprentice,2025-07-18,
MEM-06265,WIZ-08570,GLD-04,apprentice,2026-04-29,
MEM-06266,WIZ-08571,GLD-01,APPRENTICE,2024-12-04,
MEM-06267,WIZ-08572,GLD-05,apprentice,2024-04-10,
MEM-06268,WIZ-08573,GLD-03,apprentice,2023-10-16,
MEM-06269,WIZ-08574,GLD-05,apprentice,2024-05-11,2024-07-28
MEM-06270,WIZ-08574,GLD-05,adept,2024-07-28,
MEM-06271,WIZ-08575,GLD-03,adept,2026-05-30,
MEM-06272,WIZ-08576,GLD-06,apprentice,2024-07-10,2026-06-02
MEM-06273,WIZ-08576,GLD-06,adept,2026-06-02,
MEM-06274,WIZ-08579,GLD-03,apprentice,2026-01-18,
MEM-06275,WIZ-08580,GLD-02,adept,2026-03-04,
MEM-06276,WIZ-08581,GLD-02,apprentice,2026-04-22,
MEM-06277,WIZ-08583,GLD-09,Apprentice,2025-08-01,
MEM-06278,WIZ-08584,GLD-11,adept,2025-12-12,
MEM-06279,WIZ-08588,GLD-02,ARCHMAGE,2026-01-25,
MEM-06280,WIZ-08591,GLD-10,apprentice,2025-05-01,
MEM-06281,WIZ-08596,GLD-01,apprentice,2024-02-16,2024-05-02
MEM-06282,WIZ-08596,GLD-01,adept,2024-05-02,
MEM-06283,WIZ-08597,GLD-06,adept,2025-03-27,
MEM-06284,WIZ-08598,GLD-02,APPRENTICE,2025-10-04,
MEM-06285,WIZ-08599,GLD-12,apprentice,2025-04-17,
MEM-06286,WIZ-08600,GLD-07,apprentice,2025-08-27,
MEM-06287,WIZ-08601,GLD-01,apprentice,2025-02-08,
MEM-06288,WIZ-08602,GLD-12,apprentice,2026-03-01,
MEM-06289,WIZ-08603,GLD-03,apprentice,2026-06-30,
MEM-06290,WIZ-08604,GLD-02,adept,2025-04-27,
MEM-06291,WIZ-08605,GLD-11,apprentice,2026-06-05,
MEM-06292,WIZ-08606,GLD-04,adept,2026-06-23,
MEM-06293,WIZ-08607,GLD-12,apprentice,2026-03-07,
MEM-06294,WIZ-08608,GLD-06,archmage,2023-11-24,
MEM-06295,WIZ-08609,GLD-01,apprentice,2024-05-04,
MEM-06296,WIZ-08610,GLD-12,apprentice,2025-12-03,2026-04-24
MEM-06297,WIZ-08610,GLD-12,adept,2026-04-24,
MEM-06298,WIZ-08611,GLD-11,archmage,2025-12-11,
MEM-06299,WIZ-08612,GLD-05,apprentice,2024-07-25,
MEM-06300,WIZ-08613,GLD-10,apprentice,2024-02-09,
MEM-06301,WIZ-08614,GLD-12,archmage,2024-05-08,
MEM-06302,WIZ-08615,GLD-08,APPRENTICE,2026-01-24,2026-03-17
MEM-06303,WIZ-08615,GLD-08,ADEPT,2026-03-17,
MEM-06304,WIZ-08617,GLD-05,apprentice,2024-04-21,
MEM-06305,WIZ-08619,GLD-10,apprentice,2025-09-09,
MEM-06306,WIZ-08620,GLD-11,adept,2024-06-26,
MEM-06307,WIZ-08621,GLD-03,APPRENTICE,2024-07-08,
MEM-06308,WIZ-08622,GLD-07,apprentice,2025-05-13,
MEM-06309,WIZ-08623,GLD-11,ARCHMAGE,2024-10-21,
MEM-06310,WIZ-08624,GLD-02,apprentice,2025-10-26,
MEM-06311,WIZ-08626,GLD-09,apprentice,2024-07-03,
MEM-06312,WIZ-08627,GLD-11,apprentice,2026-04-22,
MEM-06313,WIZ-08628,GLD-08,apprentice,2026-06-10,
MEM-06314,WIZ-08630,GLD-03,archmage,2025-11-10,
MEM-06315,WIZ-08631,GLD-09,adept,2024-09-11,2024-11-17
MEM-06316,WIZ-08631,GLD-09,archmage,2024-11-17,
MEM-06317,WIZ-08632,GLD-12,apprentice,2023-10-01,
MEM-06318,WIZ-08633,GLD-12,apprentice,2024-05-04,
MEM-06319,WIZ-08634,GLD-10,Adept,2026-06-10,
MEM-06320,WIZ-08635,GLD-09,apprentice,2026-06-13,
MEM-06321,WIZ-08636,GLD-05,Apprentice,2026-02-13,2026-04-12
MEM-06322,WIZ-08636,GLD-05,adept,2026-04-12,
MEM-06323,WIZ-08637,GLD-01,adept,2025-05-19,2026-01-16
MEM-06324,WIZ-08637,GLD-01,ARCHMAGE,2026-01-16,
MEM-06325,WIZ-08638,GLD-11,apprentice,2024-12-05,
MEM-06326,WIZ-08640,GLD-07,Apprentice,2025-08-22,2026-05-11
MEM-06327,WIZ-08640,GLD-07,ADEPT,2026-05-11,
MEM-06328,WIZ-08643,GLD-07,apprentice,2025-07-19,
MEM-06329,WIZ-08644,GLD-08,adept,2024-07-02,
MEM-06330,WIZ-08646,GLD-06,adept,2024-01-12,
MEM-06331,WIZ-08647,GLD-11,Apprentice,2026-03-11,
MEM-06332,WIZ-08649,GLD-01,ADEPT,2023-11-09,
MEM-06333,WIZ-08650,GLD-03,archmage,2025-03-01,
MEM-06334,WIZ-08651,GLD-11,apprentice,2026-06-01,
MEM-06335,WIZ-08652,GLD-07,apprentice,2024-11-26,
MEM-06336,WIZ-08659,GLD-03,archmage,2023-03-15,
MEM-06337,WIZ-08660,GLD-09,apprentice,2024-05-20,
MEM-06338,WIZ-08661,GLD-04,apprentice,2025-02-07,
MEM-06339,WIZ-08662,GLD-03,Apprentice,2025-10-26,
MEM-06340,WIZ-08663,GLD-09,apprentice,2025-10-11,2026-01-29
MEM-06341,WIZ-08663,GLD-09,adept,2026-01-29,
MEM-06342,WIZ-08665,GLD-05,ADEPT,2025-05-19,
MEM-06343,WIZ-08666,GLD-10,Apprentice,2025-11-02,
MEM-06344,WIZ-08667,GLD-02,adept,2024-02-07,
MEM-06345,WIZ-08668,GLD-02,archmage,2025-06-29,
MEM-06346,WIZ-08673,GLD-07,Adept,2026-05-29,
MEM-06347,WIZ-08674,GLD-06,adept,2025-05-12,
MEM-06348,WIZ-08675,GLD-05,apprentice,2024-12-13,
MEM-06349,WIZ-08676,GLD-04,apprentice,2026-06-16,
MEM-06350,WIZ-08677,GLD-08,Adept,2025-10-20,
MEM-06351,WIZ-08679,GLD-11,adept,2023-09-03,
MEM-06352,WIZ-08680,GLD-05,archmage,2025-01-13,
MEM-06353,WIZ-08681,GLD-11,apprentice,2024-08-02,
MEM-06354,WIZ-08684,GLD-02,APPRENTICE,2026-06-17,
MEM-06355,WIZ-08685,GLD-09,Adept,2025-11-23,
MEM-06356,WIZ-08686,GLD-01,apprentice,2024-03-12,
MEM-06357,WIZ-08687,GLD-10,apprentice,2025-07-05,
MEM-06358,WIZ-08688,GLD-09,adept,2024-08-11,
MEM-06359,WIZ-08691,GLD-06,adept,2025-12-15,
MEM-06360,WIZ-08692,GLD-08,apprentice,2026-03-21,
MEM-06361,WIZ-08693,GLD-08,apprentice,2026-04-14,
MEM-06362,WIZ-08694,GLD-06,Apprentice,2023-09-26,2024-11-28
MEM-06363,WIZ-08694,GLD-06,adept,2024-11-28,
MEM-06364,WIZ-08695,GLD-11,apprentice,2024-02-06,
MEM-06365,WIZ-08696,GLD-06,apprentice,2023-05-19,
MEM-06366,WIZ-08698,GLD-03,apprentice,2025-03-23,
MEM-06367,WIZ-08699,GLD-02,Adept,2025-02-12,
MEM-06368,WIZ-08700,GLD-09,adept,2026-05-04,
MEM-06369,WIZ-08702,GLD-09,archmage,2023-12-17,
MEM-06370,WIZ-08704,GLD-10,Adept,2023-04-29,
MEM-06371,WIZ-08705,GLD-12,apprentice,2026-05-29,
MEM-06372,WIZ-08706,GLD-10,archmage,2026-06-30,
MEM-06373,WIZ-08708,GLD-03,apprentice,2024-02-20,
MEM-06374,WIZ-08709,GLD-05,APPRENTICE,2025-04-26,
MEM-06375,WIZ-08711,GLD-07,Apprentice,2024-05-14,
MEM-06376,WIZ-08712,GLD-02,apprentice,2025-09-14,
MEM-06377,WIZ-08714,GLD-09,archmage,2023-06-10,
MEM-06378,WIZ-08715,GLD-12,apprentice,2026-06-16,
MEM-06379,WIZ-08717,GLD-06,APPRENTICE,2026-06-22,
MEM-06380,WIZ-08719,GLD-10,adept,2025-02-19,
MEM-06381,WIZ-08721,GLD-06,apprentice,2026-06-15,
MEM-06382,WIZ-08723,GLD-09,ADEPT,2026-05-31,
MEM-06383,WIZ-08724,GLD-01,APPRENTICE,2026-01-29,
MEM-06384,WIZ-08727,GLD-03,Apprentice,2024-10-26,
MEM-06385,WIZ-08729,GLD-01,archmage,2025-06-20,
MEM-06386,WIZ-08733,GLD-04,Archmage,2024-02-24,
MEM-06387,WIZ-08736,GLD-12,apprentice,2026-01-24,
MEM-06388,WIZ-08738,GLD-11,APPRENTICE,2024-08-31,
MEM-06389,WIZ-08739,GLD-07,apprentice,2024-01-13,
MEM-06390,WIZ-08741,GLD-04,ADEPT,2024-11-24,
MEM-06391,WIZ-08742,GLD-01,apprentice,2025-07-14,
MEM-06392,WIZ-08744,GLD-04,apprentice,2026-06-05,
MEM-06393,WIZ-08745,GLD-02,ADEPT,2026-06-14,
MEM-06394,WIZ-08747,GLD-11,adept,2026-06-11,
MEM-06395,WIZ-08748,GLD-01,apprentice,2023-04-13,
MEM-06396,WIZ-08753,GLD-09,Apprentice,2026-06-19,
MEM-06397,WIZ-08754,GLD-09,APPRENTICE,2023-08-17,
MEM-06398,WIZ-08755,GLD-01,adept,2025-03-16,
MEM-06399,WIZ-08757,GLD-06,apprentice,2024-02-03,
MEM-06400,WIZ-08758,GLD-05,apprentice,2024-05-30,
MEM-06401,WIZ-08760,GLD-06,adept,2023-08-22,
MEM-06402,WIZ-08761,GLD-03,adept,2025-11-13,2026-05-29
MEM-06403,WIZ-08761,GLD-03,ARCHMAGE,2026-05-29,
MEM-06404,WIZ-08763,GLD-08,apprentice,2024-10-22,
MEM-06405,WIZ-08766,GLD-03,archmage,2025-08-17,
MEM-06406,WIZ-08768,GLD-06,apprentice,2025-01-04,
MEM-06407,WIZ-08769,GLD-01,apprentice,2025-12-21,
MEM-06408,WIZ-08770,GLD-04,apprentice,2024-10-06,
MEM-06409,WIZ-08771,GLD-08,Apprentice,2025-12-18,2026-03-24
MEM-06410,WIZ-08771,GLD-08,adept,2026-03-24,
MEM-06411,WIZ-08772,GLD-01,Adept,2023-07-27,
MEM-06412,WIZ-08773,GLD-01,APPRENTICE,2024-01-05,
MEM-06413,WIZ-08774,GLD-10,adept,2026-04-14,2026-05-29
MEM-06414,WIZ-08774,GLD-10,Archmage,2026-05-29,
MEM-06415,WIZ-08775,GLD-01,apprentice,2026-03-23,
MEM-06416,WIZ-08776,GLD-03,apprentice,2024-01-13,
MEM-06417,WIZ-08779,GLD-06,apprentice,2025-01-27,2026-01-26
MEM-06418,WIZ-08779,GLD-06,Adept,2026-01-26,
MEM-06419,WIZ-08780,GLD-10,apprentice,2026-06-29,
MEM-06420,WIZ-08782,GLD-10,apprentice,2023-03-20,
MEM-06421,WIZ-08783,GLD-07,adept,2026-05-31,
MEM-06422,WIZ-08784,GLD-11,Adept,2025-10-28,
MEM-06423,WIZ-08785,GLD-11,apprentice,2025-09-08,
MEM-06424,WIZ-08786,GLD-01,Apprentice,2023-05-26,
MEM-06425,WIZ-08789,GLD-07,adept,2024-03-03,
MEM-06426,WIZ-08790,GLD-03,apprentice,2025-07-09,
MEM-06427,WIZ-08791,GLD-05,Adept,2026-05-24,
MEM-06428,WIZ-08792,GLD-07,adept,2025-03-02,
MEM-06429,WIZ-08793,GLD-05,ADEPT,2025-03-27,
MEM-06430,WIZ-08794,GLD-05,adept,2026-06-14,
MEM-06431,WIZ-08797,GLD-06,Apprentice,2024-03-16,
MEM-06432,WIZ-08805,GLD-10,Archmage,2026-06-22,
MEM-06433,WIZ-08806,GLD-05,apprentice,2024-08-08,2025-08-19
MEM-06434,WIZ-08806,GLD-05,ADEPT,2025-08-19,
MEM-06435,WIZ-08807,GLD-10,adept,2025-12-28,
MEM-06436,WIZ-08809,GLD-03,apprentice,2024-05-25,
MEM-06437,WIZ-08810,GLD-08,APPRENTICE,2023-06-29,
MEM-06438,WIZ-08811,GLD-06,apprentice,2024-06-25,2024-08-30
MEM-06439,WIZ-08811,GLD-06,ADEPT,2024-08-30,
MEM-06440,WIZ-08813,GLD-11,adept,2025-09-08,
MEM-06441,WIZ-08814,GLD-10,adept,2023-04-24,2023-07-07
MEM-06442,WIZ-08814,GLD-10,ARCHMAGE,2023-07-07,
MEM-06443,WIZ-08818,GLD-12,adept,2026-01-14,
MEM-06444,WIZ-08819,GLD-10,apprentice,2026-02-19,
MEM-06445,WIZ-08823,GLD-07,apprentice,2026-06-26,
MEM-06446,WIZ-08824,GLD-09,ADEPT,2025-07-22,2025-10-19
MEM-06447,WIZ-08824,GLD-09,Archmage,2025-10-19,
MEM-06448,WIZ-08826,GLD-02,apprentice,2026-04-04,
MEM-06449,WIZ-08829,GLD-07,apprentice,2026-01-20,
MEM-06450,WIZ-08830,GLD-11,ARCHMAGE,2024-02-17,
MEM-06451,WIZ-08833,GLD-09,ADEPT,2026-05-15,
MEM-06452,WIZ-08834,GLD-06,APPRENTICE,2025-04-03,
MEM-06453,WIZ-08836,GLD-10,apprentice,2024-09-25,
MEM-06454,WIZ-08838,GLD-12,Adept,2025-11-20,
MEM-06455,WIZ-08840,GLD-05,adept,2026-03-12,
MEM-06456,WIZ-08841,GLD-02,apprentice,2025-01-30,
MEM-06457,WIZ-08843,GLD-12,APPRENTICE,2024-12-05,
MEM-06458,WIZ-08846,GLD-01,adept,2024-06-06,
MEM-06459,WIZ-08849,GLD-07,apprentice,2025-01-25,2026-06-05
MEM-06460,WIZ-08849,GLD-07,adept,2026-06-05,
MEM-06461,WIZ-08850,GLD-10,apprentice,2025-04-23,
MEM-06462,WIZ-08852,GLD-08,apprentice,2025-11-10,
MEM-06463,WIZ-08855,GLD-06,Archmage,2023-11-23,
MEM-06464,WIZ-08856,GLD-02,apprentice,2026-03-10,
MEM-06465,WIZ-08857,GLD-01,apprentice,2026-06-15,
MEM-06466,WIZ-08858,GLD-05,Apprentice,2025-02-01,
MEM-06467,WIZ-08859,GLD-08,apprentice,2026-03-04,
MEM-06468,WIZ-08860,GLD-05,APPRENTICE,2023-08-19,
MEM-06469,WIZ-08862,GLD-12,adept,2024-07-01,
MEM-06470,WIZ-08864,GLD-10,APPRENTICE,2026-03-14,
MEM-06471,WIZ-08865,GLD-11,APPRENTICE,2024-02-07,
MEM-06472,WIZ-08866,GLD-12,Apprentice,2024-07-29,
MEM-06473,WIZ-08867,GLD-12,apprentice,2024-10-02,
MEM-06474,WIZ-08868,GLD-02,APPRENTICE,2026-04-07,2026-05-07
MEM-06475,WIZ-08868,GLD-02,adept,2026-05-07,
MEM-06476,WIZ-08872,GLD-09,apprentice,2026-05-16,
MEM-06477,WIZ-08873,GLD-12,apprentice,2026-02-03,
MEM-06478,WIZ-08874,GLD-09,Apprentice,2025-06-03,
MEM-06479,WIZ-08877,GLD-11,adept,2023-06-09,
MEM-06480,WIZ-08878,GLD-02,Apprentice,2024-07-05,
MEM-06481,WIZ-08879,GLD-08,adept,2026-02-22,2026-04-13
MEM-06482,WIZ-08879,GLD-08,archmage,2026-04-13,
MEM-06483,WIZ-08881,GLD-08,adept,2024-08-31,
MEM-06484,WIZ-08882,GLD-07,apprentice,2024-07-10,
MEM-06485,WIZ-08883,GLD-08,archmage,2025-04-22,
MEM-06486,WIZ-08884,GLD-08,apprentice,2025-08-06,
MEM-06487,WIZ-08885,GLD-11,Adept,2025-02-11,
MEM-06488,WIZ-08886,GLD-03,apprentice,2025-09-03,
MEM-06489,WIZ-08887,GLD-12,apprentice,2025-11-04,2025-12-11
MEM-06490,WIZ-08887,GLD-12,Adept,2025-12-11,
MEM-06491,WIZ-08889,GLD-10,Apprentice,2026-04-27,
MEM-06492,WIZ-08891,GLD-09,Apprentice,2025-04-24,
MEM-06493,WIZ-08893,GLD-03,adept,2025-10-01,
MEM-06494,WIZ-08895,GLD-05,adept,2026-05-27,
MEM-06495,WIZ-08896,GLD-11,adept,2026-04-07,
MEM-06496,WIZ-08897,GLD-08,adept,2024-08-26,2025-10-10
MEM-06497,WIZ-08897,GLD-08,archmage,2025-10-10,
MEM-06498,WIZ-08898,GLD-03,Apprentice,2026-04-17,
MEM-06499,WIZ-08900,GLD-02,Archmage,2024-02-19,
MEM-06500,WIZ-08901,GLD-01,Apprentice,2026-05-28,
MEM-06501,WIZ-08902,GLD-02,APPRENTICE,2026-04-01,
MEM-06502,WIZ-08904,GLD-10,apprentice,2026-04-16,
MEM-06503,WIZ-08905,GLD-11,apprentice,2024-09-15,
MEM-06504,WIZ-08906,GLD-02,adept,2025-07-01,
MEM-06505,WIZ-08907,GLD-10,apprentice,2026-06-06,
MEM-06506,WIZ-08908,GLD-05,apprentice,2024-01-18,
MEM-06507,WIZ-08909,GLD-12,apprentice,2025-11-27,
MEM-06508,WIZ-08910,GLD-11,Apprentice,2023-09-30,
MEM-06509,WIZ-08911,GLD-06,adept,2024-04-08,2025-01-10
MEM-06510,WIZ-08911,GLD-06,archmage,2025-01-10,
MEM-06511,WIZ-08912,GLD-01,Apprentice,2025-04-11,2025-08-06
MEM-06512,WIZ-08912,GLD-01,adept,2025-08-06,
MEM-06513,WIZ-08914,GLD-10,ADEPT,2026-02-19,
MEM-06514,WIZ-08915,GLD-03,adept,2023-06-28,
MEM-06515,WIZ-08916,GLD-11,adept,2025-12-13,
MEM-06516,WIZ-08918,GLD-01,apprentice,2026-02-10,
MEM-06517,WIZ-08919,GLD-02,apprentice,2026-03-20,
MEM-06518,WIZ-08920,GLD-07,Apprentice,2025-02-26,
MEM-06519,WIZ-08922,GLD-06,adept,2025-07-05,
MEM-06520,WIZ-08923,GLD-08,Adept,2024-03-06,
MEM-06521,WIZ-08924,GLD-07,Archmage,2025-11-30,
MEM-06522,WIZ-08925,GLD-03,adept,2024-06-09,2024-07-29
MEM-06523,WIZ-08925,GLD-03,Archmage,2024-07-29,
MEM-06524,WIZ-08926,GLD-03,apprentice,2024-09-20,
MEM-06525,WIZ-08927,GLD-12,Adept,2025-05-08,
MEM-06526,WIZ-08928,GLD-03,archmage,2026-04-29,
MEM-06527,WIZ-08929,GLD-10,adept,2024-07-09,
MEM-06528,WIZ-08930,GLD-11,apprentice,2026-04-16,2026-06-18
MEM-06529,WIZ-08930,GLD-11,Adept,2026-06-18,
MEM-06530,WIZ-08932,GLD-05,Apprentice,2025-09-06,
MEM-06531,WIZ-08933,GLD-07,apprentice,2026-03-19,
MEM-06532,WIZ-08937,GLD-02,adept,2025-12-27,2026-03-04
MEM-06533,WIZ-08937,GLD-02,archmage,2026-03-04,
MEM-06534,WIZ-08939,GLD-03,apprentice,2025-12-18,
MEM-06535,WIZ-08940,GLD-06,apprentice,2024-11-07,
MEM-06536,WIZ-08941,GLD-03,apprentice,2024-06-22,
MEM-06537,WIZ-08942,GLD-05,Adept,2026-02-06,
MEM-06538,WIZ-08943,GLD-07,apprentice,2025-08-12,
MEM-06539,WIZ-08944,GLD-03,apprentice,2023-09-10,
MEM-06540,WIZ-08946,GLD-02,apprentice,2025-03-07,
MEM-06541,WIZ-08948,GLD-03,apprentice,2026-05-19,
MEM-06542,WIZ-08949,GLD-02,apprentice,2023-09-19,
MEM-06543,WIZ-08951,GLD-07,Apprentice,2024-01-07,
MEM-06544,WIZ-08954,GLD-04,Apprentice,2024-11-13,
MEM-06545,WIZ-08956,GLD-12,apprentice,2024-03-15,
MEM-06546,WIZ-08958,GLD-01,apprentice,2026-05-14,
MEM-06547,WIZ-08959,GLD-09,Adept,2025-09-15,
MEM-06548,WIZ-08960,GLD-07,apprentice,2025-10-01,
MEM-06549,WIZ-08961,GLD-08,apprentice,2023-11-13,
MEM-06550,WIZ-08962,GLD-02,apprentice,2024-05-30,
MEM-06551,WIZ-08963,GLD-01,apprentice,2024-10-09,
MEM-06552,WIZ-08964,GLD-09,apprentice,2025-05-06,
MEM-06553,WIZ-08966,GLD-08,apprentice,2025-10-10,2026-01-15
MEM-06554,WIZ-08966,GLD-08,Adept,2026-01-15,
MEM-06555,WIZ-08968,GLD-09,apprentice,2025-11-25,
MEM-06556,WIZ-08969,GLD-07,adept,2026-02-27,
MEM-06557,WIZ-08970,GLD-11,ADEPT,2026-02-01,
MEM-06558,WIZ-08971,GLD-08,apprentice,2026-04-16,
MEM-06559,WIZ-08972,GLD-03,APPRENTICE,2024-01-31,
MEM-06560,WIZ-08973,GLD-12,adept,2024-08-28,
MEM-06561,WIZ-08974,GLD-04,apprentice,2025-08-02,2026-02-13
MEM-06562,WIZ-08974,GLD-04,adept,2026-02-13,
MEM-06563,WIZ-08975,GLD-11,adept,2026-02-21,2026-04-03
MEM-06564,WIZ-08975,GLD-11,archmage,2026-04-03,
MEM-06565,WIZ-08977,GLD-05,Apprentice,2026-06-13,
MEM-06566,WIZ-08978,GLD-07,ADEPT,2025-03-28,
MEM-06567,WIZ-08979,GLD-12,APPRENTICE,2025-02-12,
MEM-06568,WIZ-08980,GLD-01,Adept,2024-12-31,
MEM-06569,WIZ-08981,GLD-10,adept,2025-04-20,
MEM-06570,WIZ-08983,GLD-07,apprentice,2025-11-06,
MEM-06571,WIZ-08984,GLD-03,apprentice,2025-05-14,
MEM-06572,WIZ-08985,GLD-03,apprentice,2025-10-30,
MEM-06573,WIZ-08986,GLD-10,apprentice,2024-03-25,
MEM-06574,WIZ-08990,GLD-05,apprentice,2025-05-01,2026-05-05
MEM-06575,WIZ-08990,GLD-05,adept,2026-05-05,
MEM-06576,WIZ-08991,GLD-01,apprentice,2026-06-26,
MEM-06577,WIZ-08992,GLD-02,adept,2026-06-28,
MEM-06578,WIZ-08993,GLD-07,apprentice,2024-02-15,2025-09-30
MEM-06579,WIZ-08993,GLD-07,adept,2025-09-30,
MEM-06580,WIZ-08995,GLD-11,Archmage,2026-06-14,
MEM-06581,WIZ-08996,GLD-02,apprentice,2025-08-06,
MEM-06582,WIZ-08997,GLD-06,adept,2024-05-26,
MEM-06583,WIZ-08998,GLD-06,adept,2026-02-20,
MEM-06584,WIZ-08999,GLD-07,apprentice,2026-06-08,
MEM-06585,WIZ-09000,GLD-07,Adept,2026-02-02,2026-06-01
MEM-06586,WIZ-09000,GLD-07,archmage,2026-06-01,
MEM-06587,WIZ-09001,GLD-06,apprentice,2026-04-02,
MEM-06588,WIZ-09002,GLD-07,Adept,2023-11-02,
MEM-06589,WIZ-09003,GLD-02,archmage,2024-04-20,
MEM-06590,WIZ-09005,GLD-03,adept,2025-11-22,
MEM-06591,WIZ-09006,GLD-10,Apprentice,2025-07-29,
MEM-06592,WIZ-09008,GLD-07,apprentice,2023-11-30,
MEM-06593,WIZ-09009,GLD-10,adept,2023-09-25,
MEM-06594,WIZ-09011,GLD-10,adept,2025-08-12,
MEM-06595,WIZ-09012,GLD-03,adept,2026-06-19,
MEM-06596,WIZ-09013,GLD-02,apprentice,2024-08-13,
MEM-06597,WIZ-09014,GLD-05,apprentice,2023-08-24,2023-10-22
MEM-06598,WIZ-09014,GLD-05,adept,2023-10-22,
MEM-06599,WIZ-09015,GLD-03,apprentice,2026-04-20,
MEM-06600,WIZ-09016,GLD-01,adept,2024-02-29,
MEM-06601,WIZ-09017,GLD-08,APPRENTICE,2023-06-19,
MEM-06602,WIZ-09018,GLD-02,apprentice,2026-05-20,
MEM-06603,WIZ-09021,GLD-08,archmage,2024-09-13,
MEM-06604,WIZ-09022,GLD-02,apprentice,2024-08-20,
MEM-06605,WIZ-09024,GLD-09,APPRENTICE,2025-10-02,
MEM-06606,WIZ-09025,GLD-03,apprentice,2026-05-20,
MEM-06607,WIZ-09026,GLD-08,adept,2024-03-19,
MEM-06608,WIZ-09028,GLD-05,apprentice,2026-06-23,
MEM-06609,WIZ-09029,GLD-09,Apprentice,2024-03-27,
MEM-06610,WIZ-09030,GLD-08,apprentice,2026-04-15,
MEM-06611,WIZ-09032,GLD-01,adept,2024-08-15,
MEM-06612,WIZ-09035,GLD-05,adept,2026-04-27,
MEM-06613,WIZ-09036,GLD-10,Apprentice,2024-10-20,
MEM-06614,WIZ-09038,GLD-07,apprentice,2024-02-14,
MEM-06615,WIZ-09039,GLD-07,apprentice,2023-09-16,
MEM-06616,WIZ-09040,GLD-11,apprentice,2023-12-20,
MEM-06617,WIZ-09041,GLD-09,adept,2023-11-10,
MEM-06618,WIZ-09042,GLD-06,apprentice,2025-10-23,
MEM-06619,WIZ-09044,GLD-11,apprentice,2025-01-02,
MEM-06620,WIZ-09046,GLD-05,apprentice,2024-05-19,
MEM-06621,WIZ-09047,GLD-03,apprentice,2026-06-08,
MEM-06622,WIZ-09048,GLD-09,archmage,2023-10-11,
MEM-06623,WIZ-09050,GLD-01,apprentice,2025-01-15,
MEM-06624,WIZ-09051,GLD-08,adept,2023-12-10,
MEM-06625,WIZ-09053,GLD-07,ADEPT,2026-06-18,
MEM-06626,WIZ-09055,GLD-07,apprentice,2024-03-29,
MEM-06627,WIZ-09057,GLD-10,apprentice,2024-06-03,
MEM-06628,WIZ-09058,GLD-11,Apprentice,2026-05-02,
MEM-06629,WIZ-09059,GLD-06,apprentice,2023-09-16,
MEM-06630,WIZ-09060,GLD-12,Apprentice,2026-06-13,
MEM-06631,WIZ-09062,GLD-11,apprentice,2023-03-30,
MEM-06632,WIZ-09063,GLD-01,adept,2026-03-27,
MEM-06633,WIZ-09064,GLD-10,ADEPT,2026-06-16,
MEM-06634,WIZ-09067,GLD-07,Apprentice,2023-08-08,
MEM-06635,WIZ-09068,GLD-01,archmage,2026-05-30,
MEM-06636,WIZ-09072,GLD-11,apprentice,2024-07-03,
MEM-06637,WIZ-09073,GLD-06,apprentice,2024-07-09,2026-03-30
MEM-06638,WIZ-09073,GLD-06,adept,2026-03-30,
MEM-06639,WIZ-09074,GLD-08,adept,2024-12-05,
MEM-06640,WIZ-09080,GLD-12,adept,2024-01-07,2025-01-01
MEM-06641,WIZ-09080,GLD-12,Archmage,2025-01-01,
MEM-06642,WIZ-09082,GLD-08,adept,2025-10-11,
MEM-06643,WIZ-09083,GLD-07,apprentice,2024-07-02,2024-10-22
MEM-06644,WIZ-09083,GLD-07,Adept,2024-10-22,
MEM-06645,WIZ-09084,GLD-01,APPRENTICE,2023-10-29,2025-02-05
MEM-06646,WIZ-09084,GLD-01,adept,2025-02-05,
MEM-06647,WIZ-09085,GLD-08,apprentice,2026-05-24,
MEM-06648,WIZ-09089,GLD-10,apprentice,2024-06-18,
MEM-06649,WIZ-09092,GLD-03,ADEPT,2026-06-29,
MEM-06650,WIZ-09093,GLD-03,archmage,2024-01-26,
MEM-06651,WIZ-09096,GLD-07,apprentice,2024-09-27,
MEM-06652,WIZ-09099,GLD-09,adept,2024-02-23,
MEM-06653,WIZ-09100,GLD-06,ADEPT,2025-03-16,2025-12-26
MEM-06654,WIZ-09100,GLD-06,archmage,2025-12-26,
MEM-06655,WIZ-09101,GLD-03,apprentice,2023-11-10,2024-05-06
MEM-06656,WIZ-09101,GLD-03,adept,2024-05-06,
MEM-06657,WIZ-09102,GLD-10,apprentice,2025-11-02,2026-06-25
MEM-06658,WIZ-09102,GLD-10,ADEPT,2026-06-25,
MEM-06659,WIZ-09103,GLD-12,APPRENTICE,2023-09-18,
MEM-06660,WIZ-09104,GLD-12,apprentice,2026-03-21,
MEM-06661,WIZ-09107,GLD-07,apprentice,2024-07-26,
MEM-06662,WIZ-09109,GLD-02,Apprentice,2026-06-21,
MEM-06663,WIZ-09111,GLD-09,Archmage,2025-04-15,
MEM-06664,WIZ-09112,GLD-01,Adept,2026-06-22,
MEM-06665,WIZ-09113,GLD-12,adept,2023-10-28,
MEM-06666,WIZ-09115,GLD-10,Archmage,2026-06-02,
MEM-06667,WIZ-09116,GLD-08,APPRENTICE,2025-08-01,
MEM-06668,WIZ-09117,GLD-07,apprentice,2025-05-11,2025-06-23
MEM-06669,WIZ-09117,GLD-07,adept,2025-06-23,
MEM-06670,WIZ-09118,GLD-08,archmage,2025-10-26,
MEM-06671,WIZ-09119,GLD-04,adept,2026-05-04,
MEM-06672,WIZ-09121,GLD-05,apprentice,2024-11-26,
MEM-06673,WIZ-09124,GLD-12,apprentice,2025-11-23,
MEM-06674,WIZ-09125,GLD-02,apprentice,2024-01-13,
MEM-06675,WIZ-09126,GLD-04,adept,2025-06-22,
MEM-06676,WIZ-09127,GLD-06,adept,2025-03-21,
MEM-06677,WIZ-09128,GLD-02,apprentice,2023-08-16,
MEM-06678,WIZ-09129,GLD-08,apprentice,2024-05-30,
MEM-06679,WIZ-09130,GLD-08,apprentice,2024-01-07,
MEM-06680,WIZ-09131,GLD-05,archmage,2026-06-10,
MEM-06681,WIZ-09132,GLD-10,adept,2025-07-24,
MEM-06682,WIZ-09134,GLD-09,apprentice,2026-06-14,
MEM-06683,WIZ-09135,GLD-03,apprentice,2025-11-10,2026-04-01
MEM-06684,WIZ-09135,GLD-03,adept,2026-04-01,
MEM-06685,WIZ-09136,GLD-01,adept,2024-05-25,
MEM-06686,WIZ-09137,GLD-09,Apprentice,2023-12-05,
MEM-06687,WIZ-09139,GLD-01,adept,2026-04-09,
MEM-06688,WIZ-09143,GLD-03,ARCHMAGE,2026-01-09,
MEM-06689,WIZ-09144,GLD-12,apprentice,2026-06-07,
MEM-06690,WIZ-09145,GLD-10,apprentice,2025-10-23,
MEM-06691,WIZ-09148,GLD-03,apprentice,2024-06-29,
MEM-06692,WIZ-09150,GLD-12,apprentice,2025-11-27,
MEM-06693,WIZ-09151,GLD-12,adept,2026-02-17,
MEM-06694,WIZ-09152,GLD-09,apprentice,2025-02-04,
MEM-06695,WIZ-09153,GLD-06,APPRENTICE,2025-04-30,
MEM-06696,WIZ-09154,GLD-09,apprentice,2026-05-16,
MEM-06697,WIZ-09155,GLD-04,adept,2026-05-20,
MEM-06698,WIZ-09156,GLD-07,adept,2025-12-17,
MEM-06699,WIZ-09159,GLD-03,Adept,2023-08-12,
MEM-06700,WIZ-09160,GLD-02,adept,2025-07-15,
MEM-06701,WIZ-09162,GLD-03,Apprentice,2026-02-26,
MEM-06702,WIZ-09165,GLD-03,adept,2026-06-19,
MEM-06703,WIZ-09168,GLD-07,archmage,2024-05-15,
MEM-06704,WIZ-09169,GLD-08,apprentice,2025-03-17,
MEM-06705,WIZ-09171,GLD-07,apprentice,2024-12-12,
MEM-06706,WIZ-09172,GLD-10,archmage,2024-01-07,
MEM-06707,WIZ-09173,GLD-01,apprentice,2025-12-17,
MEM-06708,WIZ-09174,GLD-01,APPRENTICE,2025-06-15,
MEM-06709,WIZ-09175,GLD-04,apprentice,2026-03-05,2026-04-27
MEM-06710,WIZ-09175,GLD-04,ADEPT,2026-04-27,
MEM-06711,WIZ-09178,GLD-11,apprentice,2025-07-04,
MEM-06712,WIZ-09181,GLD-05,archmage,2024-01-13,
MEM-06713,WIZ-09182,GLD-08,Apprentice,2025-04-28,2026-03-28
MEM-06714,WIZ-09182,GLD-08,adept,2026-03-28,
MEM-06715,WIZ-09183,GLD-01,apprentice,2025-02-12,
MEM-06716,WIZ-09185,GLD-11,Adept,2024-07-31,
MEM-06717,WIZ-09186,GLD-01,apprentice,2026-06-30,
MEM-06718,WIZ-09187,GLD-03,ARCHMAGE,2023-12-10,
MEM-06719,WIZ-09189,GLD-08,adept,2024-11-28,
MEM-06720,WIZ-09191,GLD-12,apprentice,2023-08-04,
MEM-06721,WIZ-09192,GLD-11,apprentice,2024-07-05,2026-01-05
MEM-06722,WIZ-09192,GLD-11,adept,2026-01-05,
MEM-06723,WIZ-09193,GLD-02,Apprentice,2025-04-21,
MEM-06724,WIZ-09194,GLD-12,adept,2026-06-22,
MEM-06725,WIZ-09197,GLD-09,Apprentice,2024-04-03,
MEM-06726,WIZ-09198,GLD-08,apprentice,2025-01-25,2025-12-28
MEM-06727,WIZ-09198,GLD-08,adept,2025-12-28,
MEM-06728,WIZ-09199,GLD-03,apprentice,2024-02-25,
MEM-06729,WIZ-09200,GLD-09,archmage,2025-07-24,
MEM-06730,WIZ-09201,GLD-02,adept,2024-10-27,
MEM-06731,WIZ-09202,GLD-07,apprentice,2025-12-15,
MEM-06732,WIZ-09203,GLD-11,apprentice,2025-09-27,
MEM-06733,WIZ-09205,GLD-03,APPRENTICE,2024-06-30,
MEM-06734,WIZ-09206,GLD-08,adept,2023-10-04,
MEM-06735,WIZ-09209,GLD-05,adept,2026-03-13,
MEM-06736,WIZ-09211,GLD-12,apprentice,2025-11-20,
MEM-06737,WIZ-09212,GLD-05,apprentice,2023-05-19,
MEM-06738,WIZ-09215,GLD-04,Apprentice,2025-12-04,
MEM-06739,WIZ-09216,GLD-01,Adept,2026-06-21,
MEM-06740,WIZ-09221,GLD-08,adept,2026-04-23,
MEM-06741,WIZ-09222,GLD-06,apprentice,2023-10-12,
MEM-06742,WIZ-09224,GLD-08,Adept,2023-10-24,
MEM-06743,WIZ-09225,GLD-12,adept,2025-09-25,
MEM-06744,WIZ-09227,GLD-08,adept,2024-04-28,
MEM-06745,WIZ-09228,GLD-01,APPRENTICE,2023-12-13,
MEM-06746,WIZ-09229,GLD-12,apprentice,2024-06-28,
MEM-06747,WIZ-09232,GLD-07,apprentice,2025-08-01,
MEM-06748,WIZ-09234,GLD-06,Apprentice,2026-02-06,
MEM-06749,WIZ-09235,GLD-06,ADEPT,2025-12-27,
MEM-06750,WIZ-09237,GLD-05,APPRENTICE,2025-11-25,2026-03-25
MEM-06751,WIZ-09237,GLD-05,adept,2026-03-25,
MEM-06752,WIZ-09238,GLD-08,APPRENTICE,2026-06-29,
MEM-06753,WIZ-09239,GLD-10,adept,2024-01-29,
MEM-06754,WIZ-09240,GLD-12,Adept,2024-11-03,
MEM-06755,WIZ-09241,GLD-07,apprentice,2025-07-15,
MEM-06756,WIZ-09243,GLD-05,apprentice,2026-06-12,
MEM-06757,WIZ-09244,GLD-11,apprentice,2026-05-06,
MEM-06758,WIZ-09245,GLD-11,apprentice,2025-03-03,
MEM-06759,WIZ-09246,GLD-06,adept,2026-06-30,
MEM-06760,WIZ-09247,GLD-07,Apprentice,2024-06-29,2025-11-04
MEM-06761,WIZ-09247,GLD-07,adept,2025-11-04,
MEM-06762,WIZ-09249,GLD-06,adept,2024-12-07,
MEM-06763,WIZ-09250,GLD-07,apprentice,2025-03-11,2025-06-23
MEM-06764,WIZ-09250,GLD-07,ADEPT,2025-06-23,
MEM-06765,WIZ-09251,GLD-08,apprentice,2023-07-31,
MEM-06766,WIZ-09252,GLD-09,apprentice,2026-03-10,
MEM-06767,WIZ-09254,GLD-02,apprentice,2025-09-11,
MEM-06768,WIZ-09256,GLD-05,apprentice,2025-08-12,
MEM-06769,WIZ-09257,GLD-08,apprentice,2024-08-15,
MEM-06770,WIZ-09259,GLD-12,adept,2026-04-02,
MEM-06771,WIZ-09260,GLD-11,ADEPT,2025-11-07,
MEM-06772,WIZ-09261,GLD-09,apprentice,2023-06-24,
MEM-06773,WIZ-09262,GLD-03,apprentice,2026-06-23,
MEM-06774,WIZ-09265,GLD-03,APPRENTICE,2026-06-22,
MEM-06775,WIZ-09267,GLD-05,apprentice,2024-03-24,
MEM-06776,WIZ-09270,GLD-12,adept,2023-09-15,2024-09-16
MEM-06777,WIZ-09270,GLD-12,Archmage,2024-09-16,
MEM-06778,WIZ-09271,GLD-01,apprentice,2023-10-06,2024-08-30
MEM-06779,WIZ-09271,GLD-01,adept,2024-08-30,
MEM-06780,WIZ-09273,GLD-10,APPRENTICE,2026-04-29,
MEM-06781,WIZ-09276,GLD-01,apprentice,2026-05-20,
MEM-06782,WIZ-09277,GLD-09,apprentice,2023-11-13,
MEM-06783,WIZ-09281,GLD-09,apprentice,2024-12-05,
MEM-06784,WIZ-09282,GLD-12,apprentice,2023-03-18,
MEM-06785,WIZ-09283,GLD-03,apprentice,2023-09-19,
MEM-06786,WIZ-09284,GLD-03,apprentice,2025-03-06,
MEM-06787,WIZ-09285,GLD-06,adept,2023-06-09,
MEM-06788,WIZ-09286,GLD-11,adept,2025-04-23,
MEM-06789,WIZ-09288,GLD-10,apprentice,2024-10-12,2025-01-24
MEM-06790,WIZ-09288,GLD-10,adept,2025-01-24,
MEM-06791,WIZ-09290,GLD-07,Apprentice,2024-07-10,
MEM-06792,WIZ-09291,GLD-12,apprentice,2026-04-29,
MEM-06793,WIZ-09292,GLD-04,apprentice,2026-03-09,
MEM-06794,WIZ-09294,GLD-07,apprentice,2025-07-28,
MEM-06795,WIZ-09295,GLD-07,Adept,2026-03-07,
MEM-06796,WIZ-09296,GLD-03,Apprentice,2023-04-10,
MEM-06797,WIZ-09297,GLD-11,apprentice,2026-05-09,
MEM-06798,WIZ-09299,GLD-07,apprentice,2023-10-14,
MEM-06799,WIZ-09300,GLD-07,archmage,2023-02-16,
MEM-06800,WIZ-09304,GLD-10,Apprentice,2025-06-15,
MEM-06801,WIZ-09306,GLD-01,apprentice,2025-10-01,
MEM-06802,WIZ-09309,GLD-01,apprentice,2025-03-19,
MEM-06803,WIZ-09310,GLD-02,apprentice,2026-05-04,
MEM-06804,WIZ-09311,GLD-04,adept,2025-08-18,2026-04-10
MEM-06805,WIZ-09311,GLD-04,archmage,2026-04-10,
MEM-06806,WIZ-09312,GLD-05,apprentice,2024-08-05,
MEM-06807,WIZ-09314,GLD-10,apprentice,2024-08-12,
MEM-06808,WIZ-09315,GLD-11,apprentice,2023-11-22,2024-11-12
MEM-06809,WIZ-09315,GLD-11,Adept,2024-11-12,
MEM-06810,WIZ-09316,GLD-04,apprentice,2025-04-19,2025-07-10
MEM-06811,WIZ-09316,GLD-04,Adept,2025-07-10,
MEM-06812,WIZ-09318,GLD-02,apprentice,2026-06-20,
MEM-06813,WIZ-09319,GLD-02,apprentice,2025-01-28,2026-06-01
MEM-06814,WIZ-09319,GLD-02,adept,2026-06-01,
MEM-06815,WIZ-09321,GLD-05,adept,2026-04-18,
MEM-06816,WIZ-09322,GLD-01,apprentice,2025-12-06,
MEM-06817,WIZ-09324,GLD-01,Apprentice,2025-12-17,
MEM-06818,WIZ-09326,GLD-10,Apprentice,2026-06-23,
MEM-06819,WIZ-09327,GLD-10,adept,2024-01-13,
MEM-06820,WIZ-09328,GLD-11,apprentice,2026-03-25,
MEM-06821,WIZ-09329,GLD-12,apprentice,2024-10-12,
MEM-06822,WIZ-09330,GLD-02,apprentice,2024-05-12,
MEM-06823,WIZ-09331,GLD-08,Apprentice,2024-06-05,
MEM-06824,WIZ-09332,GLD-10,apprentice,2024-08-22,
MEM-06825,WIZ-09334,GLD-06,archmage,2024-12-17,
MEM-06826,WIZ-09335,GLD-04,apprentice,2025-11-02,
MEM-06827,WIZ-09336,GLD-12,apprentice,2024-03-22,
MEM-06828,WIZ-09339,GLD-10,archmage,2025-10-29,
MEM-06829,WIZ-09340,GLD-11,apprentice,2026-06-27,
MEM-06830,WIZ-09341,GLD-11,apprentice,2025-09-27,
MEM-06831,WIZ-09342,GLD-08,Apprentice,2026-05-17,
MEM-06832,WIZ-09343,GLD-09,adept,2026-05-31,
MEM-06833,WIZ-09344,GLD-12,apprentice,2025-07-30,
MEM-06834,WIZ-09346,GLD-02,ARCHMAGE,2026-05-05,
MEM-06835,WIZ-09347,GLD-02,Apprentice,2026-06-21,
MEM-06836,WIZ-09348,GLD-01,apprentice,2025-10-09,
MEM-06837,WIZ-09349,GLD-01,archmage,2026-04-07,
MEM-06838,WIZ-09351,GLD-05,Adept,2026-04-14,
MEM-06839,WIZ-09352,GLD-04,Apprentice,2025-12-22,
MEM-06840,WIZ-09353,GLD-05,Adept,2023-11-23,
MEM-06841,WIZ-09356,GLD-06,adept,2025-03-04,2025-10-24
MEM-06842,WIZ-09356,GLD-06,archmage,2025-10-24,
MEM-06843,WIZ-09357,GLD-10,APPRENTICE,2025-10-28,2026-04-20
MEM-06844,WIZ-09357,GLD-10,adept,2026-04-20,
MEM-06845,WIZ-09359,GLD-03,Apprentice,2024-10-22,
MEM-06846,WIZ-09362,GLD-07,apprentice,2026-04-01,
MEM-06847,WIZ-09363,GLD-12,apprentice,2023-10-12,
MEM-06848,WIZ-09367,GLD-03,APPRENTICE,2026-06-26,
MEM-06849,WIZ-09368,GLD-03,apprentice,2026-05-11,
MEM-06850,WIZ-09373,GLD-11,adept,2024-10-07,
MEM-06851,WIZ-09374,GLD-04,archmage,2026-06-03,
MEM-06852,WIZ-09375,GLD-07,APPRENTICE,2025-03-13,
MEM-06853,WIZ-09377,GLD-07,apprentice,2025-12-12,
MEM-06854,WIZ-09378,GLD-10,APPRENTICE,2025-01-03,
MEM-06855,WIZ-09379,GLD-04,apprentice,2026-01-23,
MEM-06856,WIZ-09380,GLD-02,APPRENTICE,2026-02-05,
MEM-06857,WIZ-09381,GLD-03,apprentice,2024-07-23,
MEM-06858,WIZ-09382,GLD-08,adept,2023-06-13,
MEM-06859,WIZ-09383,GLD-11,adept,2026-01-01,
MEM-06860,WIZ-09384,GLD-09,Apprentice,2024-09-15,
MEM-06861,WIZ-09385,GLD-05,apprentice,2025-01-16,
MEM-06862,WIZ-09386,GLD-09,APPRENTICE,2026-05-26,
MEM-06863,WIZ-09387,GLD-12,APPRENTICE,2024-01-28,
MEM-06864,WIZ-09388,GLD-12,Adept,2024-10-07,
MEM-06865,WIZ-09389,GLD-05,apprentice,2024-01-08,
MEM-06866,WIZ-09392,GLD-06,archmage,2023-09-26,
MEM-06867,WIZ-09397,GLD-05,apprentice,2026-01-18,
MEM-06868,WIZ-09399,GLD-03,archmage,2024-11-27,
MEM-06869,WIZ-09400,GLD-04,apprentice,2025-12-20,
MEM-06870,WIZ-09401,GLD-11,apprentice,2025-06-23,
MEM-06871,WIZ-09403,GLD-04,apprentice,2026-02-05,
MEM-06872,WIZ-09404,GLD-02,apprentice,2023-11-17,
MEM-06873,WIZ-09405,GLD-04,apprentice,2025-07-08,
MEM-06874,WIZ-09406,GLD-05,adept,2023-12-08,
MEM-06875,WIZ-09407,GLD-12,apprentice,2025-04-16,
MEM-06876,WIZ-09408,GLD-08,apprentice,2024-09-10,
MEM-06877,WIZ-09410,GLD-09,adept,2026-01-20,2026-03-14
MEM-06878,WIZ-09410,GLD-09,ARCHMAGE,2026-03-14,
MEM-06879,WIZ-09411,GLD-03,Apprentice,2024-07-04,2024-10-12
MEM-06880,WIZ-09411,GLD-03,adept,2024-10-12,
MEM-06881,WIZ-09412,GLD-12,apprentice,2025-12-02,2026-05-10
MEM-06882,WIZ-09412,GLD-12,adept,2026-05-10,
MEM-06883,WIZ-09414,GLD-01,APPRENTICE,2023-06-17,
MEM-06884,WIZ-09416,GLD-08,adept,2026-06-09,
MEM-06885,WIZ-09420,GLD-04,adept,2026-04-20,
MEM-06886,WIZ-09422,GLD-08,apprentice,2025-11-07,
MEM-06887,WIZ-09424,GLD-04,apprentice,2024-08-25,
MEM-06888,WIZ-09425,GLD-08,Apprentice,2024-08-11,
MEM-06889,WIZ-09426,GLD-09,archmage,2025-07-04,
MEM-06890,WIZ-09428,GLD-09,Apprentice,2025-01-24,
MEM-06891,WIZ-09429,GLD-03,apprentice,2025-05-31,2026-06-18
MEM-06892,WIZ-09429,GLD-03,adept,2026-06-18,
MEM-06893,WIZ-09431,GLD-06,adept,2024-12-14,2025-01-24
MEM-06894,WIZ-09431,GLD-06,archmage,2025-01-24,
MEM-06895,WIZ-09433,GLD-11,apprentice,2023-09-26,
MEM-06896,WIZ-09434,GLD-05,apprentice,2026-06-10,
MEM-06897,WIZ-09437,GLD-10,apprentice,2024-11-01,2026-05-22
MEM-06898,WIZ-09437,GLD-10,adept,2026-05-22,
MEM-06899,WIZ-09439,GLD-06,Apprentice,2023-07-29,
MEM-06900,WIZ-09441,GLD-09,apprentice,2026-05-04,
MEM-06901,WIZ-09442,GLD-12,apprentice,2026-01-25,
MEM-06902,WIZ-09443,GLD-06,apprentice,2024-06-23,
MEM-06903,WIZ-09444,GLD-04,adept,2025-11-11,2026-05-03
MEM-06904,WIZ-09444,GLD-04,archmage,2026-05-03,
MEM-06905,WIZ-09446,GLD-07,apprentice,2026-06-25,
MEM-06906,WIZ-09447,GLD-04,apprentice,2024-08-20,
MEM-06907,WIZ-09448,GLD-02,apprentice,2025-11-07,
MEM-06908,WIZ-09450,GLD-09,Apprentice,2023-07-22,
MEM-06909,WIZ-09453,GLD-07,archmage,2026-06-17,
MEM-06910,WIZ-09454,GLD-02,apprentice,2023-12-10,
MEM-06911,WIZ-09456,GLD-09,apprentice,2026-06-08,
MEM-06912,WIZ-09458,GLD-08,ARCHMAGE,2026-06-09,
MEM-06913,WIZ-09459,GLD-10,Adept,2024-01-10,
MEM-06914,WIZ-09460,GLD-04,adept,2025-09-18,
MEM-06915,WIZ-09461,GLD-05,Archmage,2025-12-22,
MEM-06916,WIZ-09463,GLD-11,Adept,2023-11-04,
MEM-06917,WIZ-09466,GLD-10,Apprentice,2025-03-21,
MEM-06918,WIZ-09467,GLD-05,archmage,2026-05-17,
MEM-06919,WIZ-09468,GLD-06,adept,2025-07-23,
MEM-06920,WIZ-09470,GLD-07,apprentice,2024-11-15,
MEM-06921,WIZ-09472,GLD-11,apprentice,2025-08-24,2025-10-12
MEM-06922,WIZ-09472,GLD-11,adept,2025-10-12,
MEM-06923,WIZ-09474,GLD-03,apprentice,2026-03-12,
MEM-06924,WIZ-09476,GLD-07,Apprentice,2026-02-11,
MEM-06925,WIZ-09477,GLD-10,adept,2025-08-08,2025-11-19
MEM-06926,WIZ-09477,GLD-10,Archmage,2025-11-19,
MEM-06927,WIZ-09480,GLD-02,Apprentice,2026-05-20,
MEM-06928,WIZ-09481,GLD-01,Apprentice,2025-12-30,
MEM-06929,WIZ-09483,GLD-09,apprentice,2023-10-21,
MEM-06930,WIZ-09484,GLD-10,Apprentice,2024-08-29,
MEM-06931,WIZ-09485,GLD-11,APPRENTICE,2026-06-09,
MEM-06932,WIZ-09486,GLD-10,ARCHMAGE,2025-08-24,
MEM-06933,WIZ-09487,GLD-08,Apprentice,2023-02-12,
MEM-06934,WIZ-09488,GLD-11,apprentice,2023-12-11,
MEM-06935,WIZ-09489,GLD-06,adept,2025-12-06,
MEM-06936,WIZ-09490,GLD-05,adept,2024-02-20,
MEM-06937,WIZ-09491,GLD-05,Apprentice,2023-12-15,
MEM-06938,WIZ-09492,GLD-07,apprentice,2025-02-04,
MEM-06939,WIZ-09494,GLD-06,Apprentice,2026-06-22,
MEM-06940,WIZ-09495,GLD-10,adept,2026-06-25,
MEM-06941,WIZ-09498,GLD-04,Apprentice,2025-07-26,
MEM-06942,WIZ-09499,GLD-12,apprentice,2026-03-27,
MEM-06943,WIZ-09500,GLD-12,apprentice,2024-05-18,
MEM-06944,WIZ-09501,GLD-09,apprentice,2025-07-13,2026-02-23
MEM-06945,WIZ-09501,GLD-09,ADEPT,2026-02-23,
MEM-06946,WIZ-09502,GLD-10,apprentice,2024-09-07,
MEM-06947,WIZ-09504,GLD-12,adept,2023-12-01,
MEM-06948,WIZ-09506,GLD-12,apprentice,2026-05-26,
MEM-06949,WIZ-09507,GLD-03,ADEPT,2025-03-25,
MEM-06950,WIZ-09512,GLD-06,adept,2026-06-10,
MEM-06951,WIZ-09514,GLD-12,apprentice,2026-06-03,
MEM-06952,WIZ-09515,GLD-12,adept,2026-02-22,
MEM-06953,WIZ-09516,GLD-11,adept,2026-03-28,
MEM-06954,WIZ-09517,GLD-06,APPRENTICE,2025-06-13,
MEM-06955,WIZ-09519,GLD-01,adept,2026-04-17,
MEM-06956,WIZ-09520,GLD-06,adept,2024-03-23,
MEM-06957,WIZ-09521,GLD-06,apprentice,2025-08-30,
MEM-06958,WIZ-09522,GLD-05,apprentice,2026-06-12,
MEM-06959,WIZ-09523,GLD-06,Archmage,2025-05-15,
MEM-06960,WIZ-09524,GLD-10,Apprentice,2025-11-22,
MEM-06961,WIZ-09525,GLD-11,adept,2025-09-26,
MEM-06962,WIZ-09526,GLD-06,apprentice,2025-07-25,
MEM-06963,WIZ-09527,GLD-12,adept,2024-07-14,
MEM-06964,WIZ-09530,GLD-03,adept,2026-06-24,
MEM-06965,WIZ-09533,GLD-10,Apprentice,2026-05-29,
MEM-06966,WIZ-09534,GLD-07,apprentice,2026-03-24,
MEM-06967,WIZ-09535,GLD-06,apprentice,2024-01-04,2024-10-13
MEM-06968,WIZ-09535,GLD-06,adept,2024-10-13,
MEM-06969,WIZ-09537,GLD-05,adept,2026-04-11,
MEM-06970,WIZ-09538,GLD-03,apprentice,2026-05-23,
MEM-06971,WIZ-09541,GLD-08,adept,2024-02-12,
MEM-06972,WIZ-09543,GLD-12,adept,2026-03-20,
MEM-06973,WIZ-09546,GLD-02,Adept,2024-12-22,
MEM-06974,WIZ-09547,GLD-05,apprentice,2026-01-05,
MEM-06975,WIZ-09548,GLD-02,apprentice,2024-11-15,
MEM-06976,WIZ-09550,GLD-11,apprentice,2024-10-17,
MEM-06977,WIZ-09551,GLD-12,archmage,2024-08-13,
MEM-06978,WIZ-09552,GLD-08,adept,2023-09-22,2025-05-08
MEM-06979,WIZ-09552,GLD-08,archmage,2025-05-08,
MEM-06980,WIZ-09553,GLD-11,apprentice,2025-05-17,
MEM-06981,WIZ-09554,GLD-10,apprentice,2023-04-19,
MEM-06982,WIZ-09555,GLD-06,adept,2025-12-07,
MEM-06983,WIZ-09558,GLD-04,apprentice,2024-07-16,
MEM-06984,WIZ-09559,GLD-11,apprentice,2023-08-09,
MEM-06985,WIZ-09560,GLD-11,adept,2025-10-22,
MEM-06986,WIZ-09561,GLD-09,apprentice,2025-04-09,
MEM-06987,WIZ-09562,GLD-05,adept,2026-02-19,2026-05-25
MEM-06988,WIZ-09562,GLD-05,archmage,2026-05-25,
MEM-06989,WIZ-09565,GLD-07,apprentice,2025-11-04,
MEM-06990,WIZ-09567,GLD-07,apprentice,2023-10-29,
MEM-06991,WIZ-09568,GLD-02,Adept,2024-11-06,
MEM-06992,WIZ-09570,GLD-03,apprentice,2025-06-19,2026-01-29
MEM-06993,WIZ-09570,GLD-03,Adept,2026-01-29,
MEM-06994,WIZ-09571,GLD-10,archmage,2026-06-16,
MEM-06995,WIZ-09572,GLD-04,apprentice,2024-12-07,
MEM-06996,WIZ-09573,GLD-04,Apprentice,2023-10-01,
MEM-06997,WIZ-09574,GLD-05,apprentice,2025-06-14,
MEM-06998,WIZ-09575,GLD-09,apprentice,2023-10-06,2024-05-07
MEM-06999,WIZ-09575,GLD-09,adept,2024-05-07,
MEM-07000,WIZ-09577,GLD-05,apprentice,2026-01-05,
MEM-07001,WIZ-09580,GLD-08,Apprentice,2026-04-02,
MEM-07002,WIZ-09581,GLD-04,apprentice,2026-04-24,2026-06-13
MEM-07003,WIZ-09581,GLD-04,Adept,2026-06-13,
MEM-07004,WIZ-09583,GLD-06,adept,2024-06-04,
MEM-07005,WIZ-09584,GLD-09,adept,2026-01-03,
MEM-07006,WIZ-09589,GLD-06,APPRENTICE,2025-10-13,
MEM-07007,WIZ-09590,GLD-11,apprentice,2023-09-12,
MEM-07008,WIZ-09591,GLD-06,adept,2025-12-01,
MEM-07009,WIZ-09593,GLD-07,apprentice,2024-02-11,
MEM-07010,WIZ-09594,GLD-08,archmage,2026-05-30,
MEM-07011,WIZ-09595,GLD-07,adept,2025-11-02,
MEM-07012,WIZ-09596,GLD-04,apprentice,2024-10-13,
MEM-07013,WIZ-09597,GLD-05,adept,2023-05-18,
MEM-07014,WIZ-09598,GLD-02,apprentice,2025-01-10,
MEM-07015,WIZ-09600,GLD-10,apprentice,2025-03-15,
MEM-07016,WIZ-09601,GLD-02,apprentice,2024-03-12,
MEM-07017,WIZ-09604,GLD-10,apprentice,2023-08-06,
MEM-07018,WIZ-09605,GLD-12,adept,2024-07-05,2024-11-15
MEM-07019,WIZ-09605,GLD-12,archmage,2024-11-15,
MEM-07020,WIZ-09606,GLD-11,APPRENTICE,2023-12-05,2024-08-04
MEM-07021,WIZ-09606,GLD-11,adept,2024-08-04,
MEM-07022,WIZ-09607,GLD-01,adept,2025-05-22,2025-12-15
MEM-07023,WIZ-09607,GLD-01,archmage,2025-12-15,
MEM-07024,WIZ-09608,GLD-08,ADEPT,2025-01-22,
MEM-07025,WIZ-09609,GLD-08,apprentice,2026-06-22,
MEM-07026,WIZ-09610,GLD-07,adept,2025-01-10,
MEM-07027,WIZ-09611,GLD-09,apprentice,2024-03-17,
MEM-07028,WIZ-09612,GLD-07,adept,2024-12-04,2026-01-19
MEM-07029,WIZ-09612,GLD-07,archmage,2026-01-19,
MEM-07030,WIZ-09613,GLD-08,adept,2025-01-10,
MEM-07031,WIZ-09615,GLD-04,adept,2025-09-18,
MEM-07032,WIZ-09617,GLD-11,adept,2024-07-28,2025-11-01
MEM-07033,WIZ-09617,GLD-11,archmage,2025-11-01,
MEM-07034,WIZ-09619,GLD-03,adept,2024-09-15,
MEM-07035,WIZ-09621,GLD-02,adept,2024-12-12,
MEM-07036,WIZ-09623,GLD-09,Apprentice,2026-05-28,
MEM-07037,WIZ-09624,GLD-07,Apprentice,2023-12-27,2024-09-27
MEM-07038,WIZ-09624,GLD-07,adept,2024-09-27,
MEM-07039,WIZ-09626,GLD-06,ARCHMAGE,2023-10-07,
MEM-07040,WIZ-09627,GLD-11,apprentice,2025-05-17,2026-06-11
MEM-07041,WIZ-09627,GLD-11,adept,2026-06-11,
MEM-07042,WIZ-09628,GLD-12,ARCHMAGE,2025-12-29,
MEM-07043,WIZ-09629,GLD-11,Apprentice,2024-08-30,
MEM-07044,WIZ-09630,GLD-07,Apprentice,2024-01-19,
MEM-07045,WIZ-09632,GLD-03,Apprentice,2024-07-23,
MEM-07046,WIZ-09633,GLD-09,adept,2025-09-02,
MEM-07047,WIZ-09634,GLD-03,apprentice,2024-09-02,2025-07-01
MEM-07048,WIZ-09634,GLD-03,adept,2025-07-01,
MEM-07049,WIZ-09636,GLD-02,archmage,2024-02-29,
MEM-07050,WIZ-09640,GLD-07,archmage,2026-05-10,
MEM-07051,WIZ-09642,GLD-10,adept,2025-06-01,
MEM-07052,WIZ-09644,GLD-04,APPRENTICE,2025-07-05,
MEM-07053,WIZ-09645,GLD-03,apprentice,2023-07-05,
MEM-07054,WIZ-09646,GLD-03,apprentice,2026-05-01,
MEM-07055,WIZ-09647,GLD-07,Apprentice,2025-03-10,
MEM-07056,WIZ-09648,GLD-09,Apprentice,2026-05-03,
MEM-07057,WIZ-09649,GLD-11,apprentice,2024-02-03,
MEM-07058,WIZ-09650,GLD-12,adept,2026-05-20,
MEM-07059,WIZ-09652,GLD-04,adept,2023-03-10,
MEM-07060,WIZ-09653,GLD-11,APPRENTICE,2024-08-23,
MEM-07061,WIZ-09655,GLD-05,archmage,2026-06-04,
MEM-07062,WIZ-09656,GLD-07,apprentice,2024-01-15,
MEM-07063,WIZ-09657,GLD-07,Adept,2026-06-02,
MEM-07064,WIZ-09658,GLD-08,archmage,2026-03-17,
MEM-07065,WIZ-09660,GLD-02,adept,2026-01-14,
MEM-07066,WIZ-09661,GLD-03,adept,2023-07-08,
MEM-07067,WIZ-09662,GLD-11,Adept,2024-01-26,
MEM-07068,WIZ-09663,GLD-10,apprentice,2026-02-06,
MEM-07069,WIZ-09665,GLD-05,apprentice,2024-08-01,
MEM-07070,WIZ-09666,GLD-01,ARCHMAGE,2026-04-27,
MEM-07071,WIZ-09667,GLD-09,apprentice,2025-07-08,
MEM-07072,WIZ-09670,GLD-11,Apprentice,2025-05-18,2025-08-11
MEM-07073,WIZ-09670,GLD-11,adept,2025-08-11,
MEM-07074,WIZ-09671,GLD-06,archmage,2024-04-26,
MEM-07075,WIZ-09673,GLD-11,ADEPT,2025-07-01,2025-10-01
MEM-07076,WIZ-09673,GLD-11,archmage,2025-10-01,
MEM-07077,WIZ-09677,GLD-02,apprentice,2025-08-20,
MEM-07078,WIZ-09678,GLD-02,Adept,2024-01-03,
MEM-07079,WIZ-09679,GLD-11,Apprentice,2025-10-04,
MEM-07080,WIZ-09681,GLD-11,Apprentice,2024-07-15,
MEM-07081,WIZ-09683,GLD-01,apprentice,2023-07-31,
MEM-07082,WIZ-09685,GLD-10,Apprentice,2023-04-26,
MEM-07083,WIZ-09687,GLD-08,Apprentice,2025-08-15,
MEM-07084,WIZ-09688,GLD-05,adept,2025-10-22,
MEM-07085,WIZ-09689,GLD-09,apprentice,2026-01-01,
MEM-07086,WIZ-09690,GLD-04,ADEPT,2024-03-28,
MEM-07087,WIZ-09691,GLD-10,APPRENTICE,2025-07-27,
MEM-07088,WIZ-09693,GLD-11,apprentice,2025-09-06,
MEM-07089,WIZ-09695,GLD-04,apprentice,2025-03-10,
MEM-07090,WIZ-09697,GLD-01,adept,2024-03-23,
MEM-07091,WIZ-09698,GLD-03,Archmage,2026-06-15,
MEM-07092,WIZ-09699,GLD-11,adept,2026-04-12,
MEM-07093,WIZ-09700,GLD-04,Apprentice,2024-05-29,
MEM-07094,WIZ-09701,GLD-01,adept,2025-04-10,
MEM-07095,WIZ-09704,GLD-05,Adept,2025-06-02,
MEM-07096,WIZ-09705,GLD-11,adept,2024-08-07,
MEM-07097,WIZ-09706,GLD-10,adept,2024-03-23,
MEM-07098,WIZ-09709,GLD-08,Adept,2026-04-03,
MEM-07099,WIZ-09710,GLD-12,archmage,2024-08-17,
MEM-07100,WIZ-09711,GLD-11,Apprentice,2024-10-08,
MEM-07101,WIZ-09712,GLD-12,archmage,2025-08-20,
MEM-07102,WIZ-09713,GLD-08,Adept,2024-11-23,
MEM-07103,WIZ-09714,GLD-08,ADEPT,2026-04-17,
MEM-07104,WIZ-09716,GLD-07,apprentice,2025-05-10,2026-04-30
MEM-07105,WIZ-09716,GLD-07,ADEPT,2026-04-30,
MEM-07106,WIZ-09720,GLD-10,apprentice,2025-08-20,
MEM-07107,WIZ-09721,GLD-04,apprentice,2025-06-17,2026-01-28
MEM-07108,WIZ-09721,GLD-04,Adept,2026-01-28,
MEM-07109,WIZ-09722,GLD-04,apprentice,2024-03-21,2024-04-21
MEM-07110,WIZ-09722,GLD-04,adept,2024-04-21,
MEM-07111,WIZ-09723,GLD-08,apprentice,2024-10-26,
MEM-07112,WIZ-09724,GLD-04,ADEPT,2024-08-27,
MEM-07113,WIZ-09725,GLD-12,apprentice,2024-07-03,
MEM-07114,WIZ-09728,GLD-04,apprentice,2023-11-22,
MEM-07115,WIZ-09729,GLD-05,Apprentice,2023-11-30,
MEM-07116,WIZ-09730,GLD-10,adept,2025-07-03,2026-06-17
MEM-07117,WIZ-09730,GLD-10,archmage,2026-06-17,
MEM-07118,WIZ-09732,GLD-12,apprentice,2023-12-26,
MEM-07119,WIZ-09734,GLD-05,apprentice,2025-12-01,
MEM-07120,WIZ-09735,GLD-01,Apprentice,2025-04-21,
MEM-07121,WIZ-09736,GLD-06,adept,2024-03-16,
MEM-07122,WIZ-09737,GLD-09,apprentice,2026-04-26,
MEM-07123,WIZ-09738,GLD-10,apprentice,2025-05-30,
MEM-07124,WIZ-09740,GLD-07,Apprentice,2023-07-27,
MEM-07125,WIZ-09742,GLD-05,apprentice,2026-04-22,2026-06-06
MEM-07126,WIZ-09742,GLD-05,adept,2026-06-06,
MEM-07127,WIZ-09744,GLD-07,Apprentice,2025-08-02,
MEM-07128,WIZ-09745,GLD-04,Apprentice,2025-03-26,
MEM-07129,WIZ-09746,GLD-02,adept,2025-09-14,
MEM-07130,WIZ-09747,GLD-01,adept,2026-06-01,
MEM-07131,WIZ-09748,GLD-09,ADEPT,2025-10-23,
MEM-07132,WIZ-09749,GLD-06,ADEPT,2023-07-01,
MEM-07133,WIZ-09751,GLD-09,apprentice,2024-11-09,
MEM-07134,WIZ-09752,GLD-12,ADEPT,2025-08-25,
MEM-07135,WIZ-09753,GLD-01,apprentice,2026-05-07,
MEM-07136,WIZ-09755,GLD-05,ADEPT,2026-01-25,
MEM-07137,WIZ-09756,GLD-12,apprentice,2023-12-14,2025-08-06
MEM-07138,WIZ-09756,GLD-12,adept,2025-08-06,
MEM-07139,WIZ-09757,GLD-05,apprentice,2026-01-04,
MEM-07140,WIZ-09760,GLD-06,apprentice,2025-01-03,
MEM-07141,WIZ-09761,GLD-10,apprentice,2023-10-30,
MEM-07142,WIZ-09762,GLD-12,apprentice,2026-04-21,2026-05-23
MEM-07143,WIZ-09762,GLD-12,Adept,2026-05-23,
MEM-07144,WIZ-09763,GLD-10,Apprentice,2025-10-28,
MEM-07145,WIZ-09766,GLD-05,apprentice,2026-04-08,
MEM-07146,WIZ-09767,GLD-03,Apprentice,2026-02-02,
MEM-07147,WIZ-09768,GLD-09,archmage,2026-05-18,
MEM-07148,WIZ-09771,GLD-02,apprentice,2026-05-09,
MEM-07149,WIZ-09772,GLD-09,ADEPT,2025-06-06,
MEM-07150,WIZ-09775,GLD-12,apprentice,2025-10-24,
MEM-07151,WIZ-09777,GLD-07,apprentice,2026-06-09,
MEM-07152,WIZ-09778,GLD-08,archmage,2025-09-01,
MEM-07153,WIZ-09779,GLD-08,apprentice,2023-10-12,
MEM-07154,WIZ-09781,GLD-11,Apprentice,2024-07-13,2025-06-10
MEM-07155,WIZ-09781,GLD-11,adept,2025-06-10,
MEM-07156,WIZ-09783,GLD-04,apprentice,2025-12-24,
MEM-07157,WIZ-09784,GLD-05,Adept,2025-01-01,
MEM-07158,WIZ-09785,GLD-08,adept,2025-03-10,
MEM-07159,WIZ-09786,GLD-01,apprentice,2026-05-15,
MEM-07160,WIZ-09787,GLD-02,Adept,2024-04-08,
MEM-07161,WIZ-09789,GLD-02,Apprentice,2026-05-22,
MEM-07162,WIZ-09790,GLD-12,ADEPT,2026-06-03,
MEM-07163,WIZ-09793,GLD-08,apprentice,2025-04-30,
MEM-07164,WIZ-09795,GLD-09,apprentice,2026-04-05,
MEM-07165,WIZ-09796,GLD-09,apprentice,2024-03-28,
MEM-07166,WIZ-09797,GLD-05,apprentice,2023-04-07,2024-01-08
MEM-07167,WIZ-09797,GLD-05,adept,2024-01-08,
MEM-07168,WIZ-09798,GLD-03,Apprentice,2024-02-26,
MEM-07169,WIZ-09799,GLD-12,apprentice,2024-07-11,
MEM-07170,WIZ-09801,GLD-05,apprentice,2023-05-28,
MEM-07171,WIZ-09802,GLD-08,apprentice,2024-01-17,
MEM-07172,WIZ-09803,GLD-01,ADEPT,2025-12-14,
MEM-07173,WIZ-09804,GLD-12,APPRENTICE,2024-02-25,2025-05-08
MEM-07174,WIZ-09804,GLD-12,ADEPT,2025-05-08,
MEM-07175,WIZ-09805,GLD-03,apprentice,2026-03-31,
MEM-07176,WIZ-09806,GLD-02,archmage,2026-06-07,
MEM-07177,WIZ-09807,GLD-08,Apprentice,2025-08-08,
MEM-07178,WIZ-09808,GLD-02,apprentice,2024-01-24,
MEM-07179,WIZ-09809,GLD-08,adept,2026-05-17,
MEM-07180,WIZ-09810,GLD-08,apprentice,2025-06-19,
MEM-07181,WIZ-09811,GLD-05,adept,2025-12-11,
MEM-07182,WIZ-09812,GLD-06,ARCHMAGE,2026-05-19,
MEM-07183,WIZ-09813,GLD-01,apprentice,2025-12-31,
MEM-07184,WIZ-09815,GLD-10,adept,2024-02-07,2025-02-11
MEM-07185,WIZ-09815,GLD-10,archmage,2025-02-11,
MEM-07186,WIZ-09817,GLD-05,APPRENTICE,2026-01-12,2026-03-24
MEM-07187,WIZ-09817,GLD-05,Adept,2026-03-24,
MEM-07188,WIZ-09819,GLD-02,apprentice,2026-02-22,
MEM-07189,WIZ-09820,GLD-01,apprentice,2024-01-21,
MEM-07190,WIZ-09824,GLD-07,Adept,2025-07-12,
MEM-07191,WIZ-09825,GLD-08,APPRENTICE,2025-10-31,
MEM-07192,WIZ-09826,GLD-09,Apprentice,2025-08-03,
MEM-07193,WIZ-09827,GLD-04,apprentice,2025-08-14,
MEM-07194,WIZ-09828,GLD-08,ADEPT,2026-02-02,
MEM-07195,WIZ-09830,GLD-09,Apprentice,2023-03-24,
MEM-07196,WIZ-09831,GLD-11,adept,2025-08-13,2026-03-13
MEM-07197,WIZ-09831,GLD-11,archmage,2026-03-13,
MEM-07198,WIZ-09832,GLD-03,ADEPT,2025-05-02,
MEM-07199,WIZ-09833,GLD-01,adept,2025-11-02,
MEM-07200,WIZ-09835,GLD-01,apprentice,2025-09-23,
MEM-07201,WIZ-09837,GLD-08,archmage,2026-02-16,
MEM-07202,WIZ-09842,GLD-01,APPRENTICE,2026-06-28,
MEM-07203,WIZ-09845,GLD-10,Archmage,2023-07-22,
MEM-07204,WIZ-09846,GLD-07,apprentice,2023-09-30,
MEM-07205,WIZ-09847,GLD-07,Apprentice,2025-02-24,2025-11-19
MEM-07206,WIZ-09847,GLD-07,adept,2025-11-19,
MEM-07207,WIZ-09849,GLD-08,adept,2026-03-02,
MEM-07208,WIZ-09851,GLD-11,Apprentice,2025-06-01,
MEM-07209,WIZ-09852,GLD-03,apprentice,2026-04-09,
MEM-07210,WIZ-09856,GLD-07,APPRENTICE,2024-05-14,
MEM-07211,WIZ-09857,GLD-07,apprentice,2026-05-02,
MEM-07212,WIZ-09858,GLD-01,APPRENTICE,2024-11-29,
MEM-07213,WIZ-09860,GLD-09,apprentice,2024-02-29,2025-11-08
MEM-07214,WIZ-09860,GLD-09,adept,2025-11-08,
MEM-07215,WIZ-09862,GLD-09,Apprentice,2026-03-29,
MEM-07216,WIZ-09863,GLD-07,apprentice,2026-05-04,
MEM-07217,WIZ-09864,GLD-09,apprentice,2025-02-02,
MEM-07218,WIZ-09865,GLD-10,apprentice,2025-08-12,
MEM-07219,WIZ-09867,GLD-08,apprentice,2026-04-07,2026-05-18
MEM-07220,WIZ-09867,GLD-08,Adept,2026-05-18,
MEM-07221,WIZ-09868,GLD-11,apprentice,2026-06-08,
MEM-07222,WIZ-09870,GLD-04,Apprentice,2025-11-28,2026-05-02
MEM-07223,WIZ-09870,GLD-04,adept,2026-05-02,
MEM-07224,WIZ-09874,GLD-12,Archmage,2023-08-07,
MEM-07225,WIZ-09876,GLD-02,adept,2024-03-15,2024-06-06
MEM-07226,WIZ-09876,GLD-02,ARCHMAGE,2024-06-06,
MEM-07227,WIZ-09878,GLD-10,apprentice,2024-07-10,
MEM-07228,WIZ-09880,GLD-05,apprentice,2023-12-05,
MEM-07229,WIZ-09881,GLD-07,Archmage,2026-04-29,
MEM-07230,WIZ-09882,GLD-08,apprentice,2025-02-16,
MEM-07231,WIZ-09883,GLD-02,apprentice,2024-01-30,
MEM-07232,WIZ-09884,GLD-10,Apprentice,2024-08-06,2025-01-17
MEM-07233,WIZ-09884,GLD-10,ADEPT,2025-01-17,
MEM-07234,WIZ-09885,GLD-06,adept,2024-10-24,
MEM-07235,WIZ-09886,GLD-07,adept,2023-05-28,
MEM-07236,WIZ-09887,GLD-05,Apprentice,2026-04-09,
MEM-07237,WIZ-09889,GLD-04,apprentice,2023-09-04,
MEM-07238,WIZ-09890,GLD-02,ARCHMAGE,2025-02-08,
MEM-07239,WIZ-09892,GLD-09,apprentice,2024-11-02,
MEM-07240,WIZ-09895,GLD-12,apprentice,2025-03-24,
MEM-07241,WIZ-09897,GLD-10,Apprentice,2024-07-11,
MEM-07242,WIZ-09899,GLD-12,apprentice,2024-12-24,
MEM-07243,WIZ-09901,GLD-12,adept,2024-12-24,
MEM-07244,WIZ-09906,GLD-09,Adept,2026-05-06,
MEM-07245,WIZ-09909,GLD-03,Apprentice,2026-02-20,
MEM-07246,WIZ-09911,GLD-05,Apprentice,2024-04-09,
MEM-07247,WIZ-09914,GLD-04,Apprentice,2025-08-12,
MEM-07248,WIZ-09915,GLD-09,adept,2024-02-20,
MEM-07249,WIZ-09916,GLD-09,apprentice,2026-03-25,2026-05-07
MEM-07250,WIZ-09916,GLD-09,adept,2026-05-07,
MEM-07251,WIZ-09917,GLD-05,apprentice,2026-06-29,
MEM-07252,WIZ-09918,GLD-08,apprentice,2023-11-15,2025-09-29
MEM-07253,WIZ-09918,GLD-08,Adept,2025-09-29,
MEM-07254,WIZ-09919,GLD-08,apprentice,2026-01-19,
MEM-07255,WIZ-09920,GLD-06,APPRENTICE,2025-09-09,
MEM-07256,WIZ-09922,GLD-10,apprentice,2026-05-28,
MEM-07257,WIZ-09923,GLD-11,apprentice,2024-03-29,
MEM-07258,WIZ-09924,GLD-08,apprentice,2025-12-21,
MEM-07259,WIZ-09925,GLD-01,APPRENTICE,2026-05-31,
MEM-07260,WIZ-09926,GLD-06,adept,2025-04-20,
MEM-07261,WIZ-09928,GLD-08,apprentice,2025-08-10,
MEM-07262,WIZ-09929,GLD-03,apprentice,2026-03-23,2026-05-19
MEM-07263,WIZ-09929,GLD-03,Adept,2026-05-19,
MEM-07264,WIZ-09930,GLD-09,apprentice,2025-12-15,2026-01-16
MEM-07265,WIZ-09930,GLD-09,adept,2026-01-16,
MEM-07266,WIZ-09931,GLD-07,adept,2024-12-23,
MEM-07267,WIZ-09932,GLD-06,archmage,2024-05-24,
MEM-07268,WIZ-09935,GLD-02,archmage,2023-08-08,
MEM-07269,WIZ-09936,GLD-08,archmage,2025-06-24,
MEM-07270,WIZ-09937,GLD-10,adept,2025-03-30,
MEM-07271,WIZ-09938,GLD-02,adept,2026-05-03,
MEM-07272,WIZ-09939,GLD-08,adept,2024-07-15,
MEM-07273,WIZ-09940,GLD-04,apprentice,2024-03-30,
MEM-07274,WIZ-09941,GLD-09,apprentice,2025-09-15,
MEM-07275,WIZ-09942,GLD-06,apprentice,2025-12-15,2026-03-09
MEM-07276,WIZ-09942,GLD-06,Adept,2026-03-09,
MEM-07277,WIZ-09943,GLD-06,Adept,2026-06-29,
MEM-07278,WIZ-09944,GLD-07,Apprentice,2026-01-19,
MEM-07279,WIZ-09946,GLD-09,Apprentice,2025-07-13,
MEM-07280,WIZ-09948,GLD-08,Adept,2025-09-11,
MEM-07281,WIZ-09952,GLD-12,adept,2025-09-23,
MEM-07282,WIZ-09953,GLD-07,apprentice,2026-02-25,
MEM-07283,WIZ-09957,GLD-03,adept,2025-05-06,
MEM-07284,WIZ-09959,GLD-07,adept,2024-07-12,
MEM-07285,WIZ-09961,GLD-10,archmage,2026-01-03,
MEM-07286,WIZ-09962,GLD-07,ARCHMAGE,2024-09-14,
MEM-07287,WIZ-09965,GLD-04,apprentice,2026-01-11,
MEM-07288,WIZ-09967,GLD-12,apprentice,2026-01-07,
MEM-07289,WIZ-09968,GLD-08,apprentice,2023-10-08,
MEM-07290,WIZ-09969,GLD-11,adept,2026-03-15,
MEM-07291,WIZ-09971,GLD-07,apprentice,2025-08-12,
MEM-07292,WIZ-09972,GLD-10,apprentice,2025-06-07,
MEM-07293,WIZ-09974,GLD-01,adept,2026-02-09,
MEM-07294,WIZ-09975,GLD-08,Apprentice,2024-02-13,
MEM-07295,WIZ-09976,GLD-09,apprentice,2025-08-20,
MEM-07296,WIZ-09977,GLD-09,adept,2023-05-14,
MEM-07297,WIZ-09978,GLD-08,apprentice,2026-06-22,
MEM-07298,WIZ-09979,GLD-08,adept,2025-08-17,
MEM-07299,WIZ-09980,GLD-08,Adept,2024-12-19,
MEM-07300,WIZ-09981,GLD-10,apprentice,2024-11-16,2025-08-29
MEM-07301,WIZ-09981,GLD-10,adept,2025-08-29,
MEM-07302,WIZ-09983,GLD-06,apprentice,2024-11-17,
MEM-07303,WIZ-09984,GLD-06,apprentice,2026-01-03,
MEM-07304,WIZ-09985,GLD-01,apprentice,2026-02-13,
MEM-07305,WIZ-09986,GLD-05,ADEPT,2026-04-03,
MEM-07306,WIZ-09988,GLD-10,apprentice,2025-12-01,
MEM-07307,WIZ-09989,GLD-11,Apprentice,2024-09-01,
MEM-07308,WIZ-09991,GLD-11,adept,2026-02-11,
MEM-07309,WIZ-09992,GLD-03,apprentice,2025-11-16,
MEM-07310,WIZ-09993,GLD-02,Archmage,2025-06-26,
MEM-07311,WIZ-09994,GLD-08,apprentice,2024-11-27,
MEM-07312,WIZ-09995,GLD-02,apprentice,2024-08-21,
MEM-07313,WIZ-09996,GLD-01,apprentice,2026-04-19,
MEM-07314,WIZ-09998,GLD-07,apprentice,2023-11-10,
MEM-07315,WIZ-09999,GLD-11,Apprentice,2026-02-24,
MEM-07316,WIZ-10000,GLD-11,adept,2026-06-12,
MEM-07317,WIZ-10001,GLD-05,Adept,2023-01-25,
MEM-07318,WIZ-10005,GLD-01,Apprentice,2026-01-27,
MEM-07319,WIZ-10006,GLD-12,ADEPT,2024-10-28,2025-01-25
MEM-07320,WIZ-10006,GLD-12,archmage,2025-01-25,
MEM-07321,WIZ-10007,GLD-04,apprentice,2025-06-08,2025-09-03
MEM-07322,WIZ-10007,GLD-04,adept,2025-09-03,
MEM-07323,WIZ-10008,GLD-01,apprentice,2025-10-01,
MEM-07324,WIZ-10009,GLD-01,APPRENTICE,2026-06-17,
MEM-07325,WIZ-10010,GLD-03,APPRENTICE,2025-03-31,2025-08-11
MEM-07326,WIZ-10010,GLD-03,adept,2025-08-11,
MEM-07327,WIZ-10012,GLD-02,APPRENTICE,2026-01-10,
MEM-07328,WIZ-10013,GLD-03,apprentice,2025-07-22,
MEM-07329,WIZ-10014,GLD-07,ARCHMAGE,2025-09-10,
MEM-07330,WIZ-10015,GLD-07,apprentice,2025-03-07,
MEM-07331,WIZ-10016,GLD-09,APPRENTICE,2024-01-06,
MEM-07332,WIZ-10017,GLD-01,apprentice,2026-06-11,
MEM-07333,WIZ-10019,GLD-03,apprentice,2025-06-28,
MEM-07334,WIZ-10020,GLD-11,apprentice,2026-01-11,
MEM-07335,WIZ-10023,GLD-08,apprentice,2026-05-30,
MEM-07336,WIZ-10024,GLD-08,apprentice,2026-01-18,
MEM-07337,WIZ-10025,GLD-10,Apprentice,2024-06-04,
MEM-07338,WIZ-10026,GLD-06,apprentice,2026-02-11,
MEM-07339,WIZ-10027,GLD-01,adept,2023-08-03,
MEM-07340,WIZ-10028,GLD-08,apprentice,2023-11-01,
MEM-07341,WIZ-10030,GLD-06,APPRENTICE,2024-06-21,
MEM-07342,WIZ-10031,GLD-06,Apprentice,2025-05-30,
MEM-07343,WIZ-10033,GLD-09,adept,2025-10-18,
MEM-07344,WIZ-10037,GLD-10,apprentice,2023-03-22,
MEM-07345,WIZ-10039,GLD-11,apprentice,2024-02-29,
MEM-07346,WIZ-10041,GLD-11,Apprentice,2026-03-29,
MEM-07347,WIZ-10043,GLD-04,Apprentice,2024-11-20,
MEM-07348,WIZ-10044,GLD-06,archmage,2024-07-27,
MEM-07349,WIZ-10046,GLD-02,apprentice,2024-04-13,
MEM-07350,WIZ-10047,GLD-02,Archmage,2026-02-02,
MEM-07351,WIZ-10048,GLD-05,adept,2024-08-15,
MEM-07352,WIZ-10049,GLD-03,Apprentice,2026-06-14,
MEM-07353,WIZ-10050,GLD-09,archmage,2025-05-23,
MEM-07354,WIZ-10051,GLD-09,apprentice,2023-09-30,2025-05-13
MEM-07355,WIZ-10051,GLD-09,adept,2025-05-13,
MEM-07356,WIZ-10052,GLD-04,Apprentice,2026-03-06,
MEM-07357,WIZ-10054,GLD-08,APPRENTICE,2026-02-03,
MEM-07358,WIZ-10056,GLD-12,ADEPT,2026-04-10,
MEM-07359,WIZ-10057,GLD-09,apprentice,2024-08-13,
MEM-07360,WIZ-10058,GLD-05,adept,2025-06-16,
MEM-07361,WIZ-10059,GLD-12,Apprentice,2025-08-20,
MEM-07362,WIZ-10060,GLD-12,apprentice,2025-09-04,
MEM-07363,WIZ-10061,GLD-01,apprentice,2023-12-20,
MEM-07364,WIZ-10062,GLD-11,Adept,2025-06-04,
MEM-07365,WIZ-10064,GLD-02,Adept,2025-09-29,
MEM-07366,WIZ-10065,GLD-11,adept,2024-05-18,
MEM-07367,WIZ-10066,GLD-08,apprentice,2026-05-28,
MEM-07368,WIZ-10067,GLD-12,apprentice,2024-07-16,
MEM-07369,WIZ-10068,GLD-09,apprentice,2025-07-14,
MEM-07370,WIZ-10069,GLD-12,APPRENTICE,2025-02-19,
MEM-07371,WIZ-10070,GLD-10,Apprentice,2024-10-14,
MEM-07372,WIZ-10071,GLD-07,adept,2026-03-11,
MEM-07373,WIZ-10072,GLD-08,archmage,2026-03-16,
MEM-07374,WIZ-10073,GLD-12,apprentice,2025-05-02,
MEM-07375,WIZ-10074,GLD-05,APPRENTICE,2025-12-30,
MEM-07376,WIZ-10075,GLD-10,apprentice,2026-06-20,
MEM-07377,WIZ-10077,GLD-08,archmage,2024-04-18,
MEM-07378,WIZ-10079,GLD-09,apprentice,2023-08-02,
MEM-07379,WIZ-10080,GLD-08,apprentice,2026-06-13,
MEM-07380,WIZ-10081,GLD-07,Adept,2026-06-22,
MEM-07381,WIZ-10082,GLD-11,apprentice,2025-06-02,
MEM-07382,WIZ-10083,GLD-04,Apprentice,2024-08-09,
MEM-07383,WIZ-10084,GLD-09,Adept,2024-10-18,2026-03-28
MEM-07384,WIZ-10084,GLD-09,archmage,2026-03-28,
MEM-07385,WIZ-10086,GLD-04,Apprentice,2025-11-13,
MEM-07386,WIZ-10088,GLD-09,apprentice,2023-11-15,2025-04-24
MEM-07387,WIZ-10088,GLD-09,adept,2025-04-24,
MEM-07388,WIZ-10092,GLD-03,apprentice,2025-12-19,
MEM-07389,WIZ-10093,GLD-10,adept,2026-05-11,
MEM-07390,WIZ-10095,GLD-10,archmage,2025-05-12,
MEM-07391,WIZ-10096,GLD-09,archmage,2025-01-04,
MEM-07392,WIZ-10099,GLD-11,Apprentice,2026-05-24,
MEM-07393,WIZ-10100,GLD-11,apprentice,2023-07-22,
MEM-07394,WIZ-10101,GLD-08,Apprentice,2026-06-29,
MEM-07395,WIZ-10103,GLD-09,apprentice,2024-08-13,
MEM-07396,WIZ-10106,GLD-07,apprentice,2023-11-16,
MEM-07397,WIZ-10108,GLD-10,adept,2023-11-01,
MEM-07398,WIZ-10109,GLD-08,adept,2024-09-04,
MEM-07399,WIZ-10111,GLD-02,adept,2026-04-25,
MEM-07400,WIZ-10112,GLD-04,APPRENTICE,2025-01-01,
MEM-07401,WIZ-10114,GLD-04,Archmage,2023-12-23,
MEM-07402,WIZ-10115,GLD-07,apprentice,2025-04-12,
MEM-07403,WIZ-10116,GLD-09,apprentice,2024-12-13,
MEM-07404,WIZ-10120,GLD-02,Apprentice,2023-10-27,
MEM-07405,WIZ-10121,GLD-08,apprentice,2024-06-25,
MEM-07406,WIZ-10122,GLD-02,archmage,2023-10-10,
MEM-07407,WIZ-10124,GLD-12,apprentice,2023-12-25,
MEM-07408,WIZ-10125,GLD-12,apprentice,2023-06-24,
MEM-07409,WIZ-10127,GLD-04,adept,2026-06-11,
MEM-07410,WIZ-10128,GLD-09,Apprentice,2025-08-23,
MEM-07411,WIZ-10129,GLD-10,adept,2025-04-05,
MEM-07412,WIZ-10130,GLD-10,apprentice,2026-06-04,
MEM-07413,WIZ-10131,GLD-04,Apprentice,2026-06-18,
MEM-07414,WIZ-10132,GLD-04,apprentice,2026-05-13,
MEM-07415,WIZ-10133,GLD-12,archmage,2024-05-04,
MEM-07416,WIZ-10135,GLD-09,apprentice,2026-03-06,
MEM-07417,WIZ-10136,GLD-02,Adept,2023-08-30,
MEM-07418,WIZ-10138,GLD-02,apprentice,2024-08-28,
MEM-07419,WIZ-10142,GLD-08,apprentice,2026-05-25,
MEM-07420,WIZ-10143,GLD-09,apprentice,2025-11-19,
MEM-07421,WIZ-10144,GLD-06,adept,2023-12-05,
MEM-07422,WIZ-10145,GLD-11,archmage,2025-09-08,
MEM-07423,WIZ-10147,GLD-12,archmage,2025-09-13,
MEM-07424,WIZ-10149,GLD-04,archmage,2024-03-21,
MEM-07425,WIZ-10152,GLD-08,archmage,2024-05-05,
MEM-07426,WIZ-10154,GLD-07,adept,2025-04-17,
MEM-07427,WIZ-10156,GLD-02,apprentice,2024-10-20,
MEM-07428,WIZ-10157,GLD-06,apprentice,2026-01-30,
MEM-07429,WIZ-10159,GLD-04,apprentice,2024-11-28,
MEM-07430,WIZ-10161,GLD-12,apprentice,2025-07-27,
MEM-07431,WIZ-10162,GLD-04,ADEPT,2024-09-07,
MEM-07432,WIZ-10165,GLD-03,apprentice,2026-06-18,
MEM-07433,WIZ-10166,GLD-07,adept,2025-04-03,
MEM-07434,WIZ-10167,GLD-11,adept,2024-08-26,
MEM-07435,WIZ-10168,GLD-07,apprentice,2024-09-09,
MEM-07436,WIZ-10170,GLD-11,apprentice,2023-11-02,
MEM-07437,WIZ-10171,GLD-04,Adept,2025-04-03,
MEM-07438,WIZ-10172,GLD-05,apprentice,2026-05-24,
MEM-07439,WIZ-10173,GLD-12,apprentice,2026-01-04,
MEM-07440,WIZ-10174,GLD-05,apprentice,2026-06-28,
MEM-07441,WIZ-10175,GLD-06,adept,2026-05-19,
MEM-07442,WIZ-10176,GLD-11,apprentice,2024-07-17,
MEM-07443,WIZ-10178,GLD-06,archmage,2024-03-28,
MEM-07444,WIZ-10179,GLD-11,adept,2024-01-02,
MEM-07445,WIZ-10180,GLD-08,apprentice,2025-02-05,
MEM-07446,WIZ-10181,GLD-05,archmage,2024-11-21,
MEM-07447,WIZ-10182,GLD-02,adept,2026-05-09,
MEM-07448,WIZ-10183,GLD-10,adept,2024-09-09,
MEM-07449,WIZ-10185,GLD-08,apprentice,2025-11-07,
MEM-07450,WIZ-10186,GLD-12,Archmage,2025-12-17,
MEM-07451,WIZ-10187,GLD-09,adept,2026-06-26,
MEM-07452,WIZ-10190,GLD-10,archmage,2025-01-14,
MEM-07453,WIZ-10194,GLD-01,Apprentice,2023-11-06,
MEM-07454,WIZ-10196,GLD-10,Apprentice,2025-12-15,
MEM-07455,WIZ-10197,GLD-09,adept,2023-11-07,
MEM-07456,WIZ-10199,GLD-02,apprentice,2024-05-16,
MEM-07457,WIZ-10201,GLD-04,apprentice,2024-05-27,
MEM-07458,WIZ-10203,GLD-05,apprentice,2023-04-16,
MEM-07459,WIZ-10204,GLD-06,apprentice,2026-03-15,2026-06-19
MEM-07460,WIZ-10204,GLD-06,ADEPT,2026-06-19,
MEM-07461,WIZ-10205,GLD-12,Apprentice,2026-02-14,
MEM-07462,WIZ-10206,GLD-06,apprentice,2025-12-27,
MEM-07463,WIZ-10207,GLD-02,Archmage,2024-12-12,
MEM-07464,WIZ-10208,GLD-03,apprentice,2026-06-13,
MEM-07465,WIZ-10209,GLD-02,APPRENTICE,2023-01-16,
MEM-07466,WIZ-10210,GLD-10,adept,2025-10-11,2025-11-30
MEM-07467,WIZ-10210,GLD-10,ARCHMAGE,2025-11-30,
MEM-07468,WIZ-10211,GLD-05,adept,2025-09-21,
MEM-07469,WIZ-10212,GLD-11,APPRENTICE,2025-09-08,
MEM-07470,WIZ-10213,GLD-08,APPRENTICE,2026-05-24,
MEM-07471,WIZ-10214,GLD-12,apprentice,2026-03-06,
MEM-07472,WIZ-10216,GLD-08,adept,2023-08-07,
MEM-07473,WIZ-10217,GLD-06,Apprentice,2024-02-11,
MEM-07474,WIZ-10219,GLD-04,ADEPT,2023-04-26,2024-02-26
MEM-07475,WIZ-10219,GLD-04,archmage,2024-02-26,
MEM-07476,WIZ-10220,GLD-01,APPRENTICE,2025-10-03,
MEM-07477,WIZ-10222,GLD-01,apprentice,2024-12-08,
MEM-07478,WIZ-10223,GLD-03,Archmage,2024-07-17,
MEM-07479,WIZ-10224,GLD-12,apprentice,2026-06-11,
MEM-07480,WIZ-10226,GLD-02,adept,2026-06-28,
MEM-07481,WIZ-10229,GLD-11,Adept,2024-05-18,2025-09-22
MEM-07482,WIZ-10229,GLD-11,Archmage,2025-09-22,
MEM-07483,WIZ-10230,GLD-08,Apprentice,2025-05-25,
MEM-07484,WIZ-10231,GLD-07,apprentice,2026-01-06,2026-06-02
MEM-07485,WIZ-10231,GLD-07,adept,2026-06-02,
MEM-07486,WIZ-10235,GLD-05,apprentice,2023-09-02,
MEM-07487,WIZ-10237,GLD-11,Apprentice,2024-08-10,2026-02-17
MEM-07488,WIZ-10237,GLD-11,adept,2026-02-17,
MEM-07489,WIZ-10238,GLD-08,Adept,2024-04-12,
MEM-07490,WIZ-10239,GLD-12,apprentice,2024-06-01,
MEM-07491,WIZ-10241,GLD-10,Adept,2025-12-23,
MEM-07492,WIZ-10242,GLD-06,apprentice,2025-05-29,
MEM-07493,WIZ-10244,GLD-06,adept,2024-08-16,
MEM-07494,WIZ-10245,GLD-11,Apprentice,2025-01-29,
MEM-07495,WIZ-10246,GLD-10,apprentice,2024-05-26,
MEM-07496,WIZ-10247,GLD-10,APPRENTICE,2025-03-01,
MEM-07497,WIZ-10248,GLD-05,Apprentice,2026-03-08,
MEM-07498,WIZ-10249,GLD-09,Apprentice,2024-04-28,
MEM-07499,WIZ-10250,GLD-10,apprentice,2024-12-09,
MEM-07500,WIZ-10251,GLD-04,Archmage,2024-07-26,
MEM-07501,WIZ-10252,GLD-05,Archmage,2024-04-11,
MEM-07502,WIZ-10253,GLD-06,Apprentice,2026-06-23,
MEM-07503,WIZ-10254,GLD-10,APPRENTICE,2025-03-29,2025-06-19
MEM-07504,WIZ-10254,GLD-10,adept,2025-06-19,
MEM-07505,WIZ-10255,GLD-12,Adept,2023-11-22,
MEM-07506,WIZ-10256,GLD-12,Apprentice,2025-06-16,
MEM-07507,WIZ-10257,GLD-11,apprentice,2026-01-31,
MEM-07508,WIZ-10258,GLD-04,adept,2025-04-04,
MEM-07509,WIZ-10259,GLD-11,adept,2024-06-23,
MEM-07510,WIZ-10261,GLD-01,apprentice,2024-03-13,
MEM-07511,WIZ-10262,GLD-01,Apprentice,2024-08-29,
MEM-07512,WIZ-10263,GLD-09,apprentice,2026-05-07,
MEM-07513,WIZ-10264,GLD-02,adept,2024-09-04,
MEM-07514,WIZ-10266,GLD-07,APPRENTICE,2025-02-27,
MEM-07515,WIZ-10270,GLD-01,apprentice,2024-07-10,
MEM-07516,WIZ-10271,GLD-07,Apprentice,2024-10-26,2026-01-24
MEM-07517,WIZ-10271,GLD-07,adept,2026-01-24,
MEM-07518,WIZ-10272,GLD-08,adept,2023-09-21,
MEM-07519,WIZ-10273,GLD-10,adept,2023-08-10,
MEM-07520,WIZ-10275,GLD-10,apprentice,2025-03-28,2025-09-26
MEM-07521,WIZ-10275,GLD-10,ADEPT,2025-09-26,
MEM-07522,WIZ-10276,GLD-05,Apprentice,2025-12-09,2026-05-27
MEM-07523,WIZ-10276,GLD-05,Adept,2026-05-27,
MEM-07524,WIZ-10277,GLD-05,apprentice,2025-04-22,
MEM-07525,WIZ-10278,GLD-07,adept,2026-04-04,
MEM-07526,WIZ-10281,GLD-03,Adept,2026-06-07,
MEM-07527,WIZ-10282,GLD-06,adept,2026-02-06,
MEM-07528,WIZ-10283,GLD-08,apprentice,2024-05-05,
MEM-07529,WIZ-10286,GLD-04,APPRENTICE,2026-05-08,
MEM-07530,WIZ-10287,GLD-10,apprentice,2024-06-11,
MEM-07531,WIZ-10288,GLD-09,Adept,2024-01-07,
MEM-07532,WIZ-10290,GLD-10,apprentice,2026-03-27,2026-05-07
MEM-07533,WIZ-10290,GLD-10,adept,2026-05-07,
MEM-07534,WIZ-10292,GLD-01,archmage,2024-12-30,
MEM-07535,WIZ-10293,GLD-11,Apprentice,2025-09-06,
MEM-07536,WIZ-10294,GLD-07,Apprentice,2024-02-28,
MEM-07537,WIZ-10295,GLD-06,archmage,2025-08-14,
MEM-07538,WIZ-10296,GLD-08,apprentice,2024-09-26,
MEM-07539,WIZ-10297,GLD-08,apprentice,2023-07-18,
MEM-07540,WIZ-10299,GLD-12,archmage,2025-11-03,
MEM-07541,WIZ-10301,GLD-07,Apprentice,2026-03-17,
MEM-07542,WIZ-10302,GLD-06,apprentice,2023-06-07,
MEM-07543,WIZ-10303,GLD-02,adept,2023-09-24,
MEM-07544,WIZ-10304,GLD-11,Apprentice,2024-11-01,
MEM-07545,WIZ-10306,GLD-02,archmage,2024-11-15,
MEM-07546,WIZ-10309,GLD-09,apprentice,2026-06-08,
MEM-07547,WIZ-10310,GLD-04,apprentice,2025-12-06,
MEM-07548,WIZ-10311,GLD-02,apprentice,2026-05-30,
MEM-07549,WIZ-10312,GLD-02,Adept,2024-06-23,
MEM-07550,WIZ-10314,GLD-05,archmage,2025-03-14,
MEM-07551,WIZ-10315,GLD-12,archmage,2025-05-07,
MEM-07552,WIZ-10316,GLD-06,APPRENTICE,2025-03-03,
MEM-07553,WIZ-10317,GLD-08,Apprentice,2024-05-22,
MEM-07554,WIZ-10319,GLD-12,apprentice,2025-01-23,
MEM-07555,WIZ-10320,GLD-03,APPRENTICE,2026-02-16,
MEM-07556,WIZ-10322,GLD-01,apprentice,2026-03-31,
MEM-07557,WIZ-10323,GLD-03,adept,2024-07-03,
MEM-07558,WIZ-10325,GLD-10,apprentice,2026-05-24,
MEM-07559,WIZ-10326,GLD-08,Adept,2026-04-19,2026-06-25
MEM-07560,WIZ-10326,GLD-08,archmage,2026-06-25,
MEM-07561,WIZ-10329,GLD-04,APPRENTICE,2026-03-29,
MEM-07562,WIZ-10330,GLD-10,APPRENTICE,2026-05-10,
MEM-07563,WIZ-10331,GLD-10,apprentice,2025-01-13,
MEM-07564,WIZ-10332,GLD-06,archmage,2026-02-07,
MEM-07565,WIZ-10334,GLD-08,APPRENTICE,2024-12-30,
MEM-07566,WIZ-10336,GLD-11,adept,2026-02-22,
MEM-07567,WIZ-10337,GLD-08,apprentice,2025-11-12,
MEM-07568,WIZ-10340,GLD-04,adept,2026-01-20,
MEM-07569,WIZ-10341,GLD-10,apprentice,2024-04-17,
MEM-07570,WIZ-10342,GLD-06,adept,2023-09-13,
MEM-07571,WIZ-10343,GLD-03,Adept,2024-09-01,
MEM-07572,WIZ-10344,GLD-07,apprentice,2024-03-22,
MEM-07573,WIZ-10346,GLD-09,ADEPT,2024-06-21,
MEM-07574,WIZ-10347,GLD-09,adept,2024-12-24,
MEM-07575,WIZ-10348,GLD-08,Apprentice,2024-04-29,
MEM-07576,WIZ-10349,GLD-07,Apprentice,2026-04-03,
MEM-07577,WIZ-10351,GLD-10,Apprentice,2025-10-23,2026-05-27
MEM-07578,WIZ-10351,GLD-10,adept,2026-05-27,
MEM-07579,WIZ-10356,GLD-10,apprentice,2025-06-25,
MEM-07580,WIZ-10357,GLD-07,apprentice,2025-05-15,
MEM-07581,WIZ-10359,GLD-05,apprentice,2023-10-15,
MEM-07582,WIZ-10360,GLD-04,apprentice,2024-01-28,
MEM-07583,WIZ-10361,GLD-03,Apprentice,2025-09-06,
MEM-07584,WIZ-10362,GLD-07,ADEPT,2024-09-21,
MEM-07585,WIZ-10364,GLD-11,APPRENTICE,2026-02-27,
MEM-07586,WIZ-10365,GLD-12,Apprentice,2025-02-22,2025-09-20
MEM-07587,WIZ-10365,GLD-12,adept,2025-09-20,
MEM-07588,WIZ-10368,GLD-06,apprentice,2023-11-25,
MEM-07589,WIZ-10369,GLD-10,apprentice,2025-07-23,2026-05-28
MEM-07590,WIZ-10369,GLD-10,adept,2026-05-28,
MEM-07591,WIZ-10370,GLD-11,apprentice,2025-03-17,
MEM-07592,WIZ-10371,GLD-05,Apprentice,2025-10-02,
MEM-07593,WIZ-10372,GLD-11,apprentice,2024-03-21,
MEM-07594,WIZ-10374,GLD-05,apprentice,2024-09-25,
MEM-07595,WIZ-10376,GLD-11,adept,2026-06-26,
MEM-07596,WIZ-10378,GLD-08,Apprentice,2024-01-26,
MEM-07597,WIZ-10381,GLD-03,archmage,2026-01-09,
MEM-07598,WIZ-10382,GLD-12,apprentice,2025-08-07,
MEM-07599,WIZ-10383,GLD-06,adept,2026-06-18,
MEM-07600,WIZ-10384,GLD-04,apprentice,2024-04-04,2024-10-11
MEM-07601,WIZ-10384,GLD-04,adept,2024-10-11,
MEM-07602,WIZ-10386,GLD-03,archmage,2026-05-25,
MEM-07603,WIZ-10387,GLD-01,apprentice,2025-12-11,2026-05-11
MEM-07604,WIZ-10387,GLD-01,adept,2026-05-11,
MEM-07605,WIZ-10388,GLD-03,apprentice,2023-11-30,
MEM-07606,WIZ-10389,GLD-09,apprentice,2025-03-17,
MEM-07607,WIZ-10390,GLD-02,apprentice,2024-01-31,
MEM-07608,WIZ-10391,GLD-04,apprentice,2026-04-06,
MEM-07609,WIZ-10392,GLD-11,apprentice,2024-12-08,
MEM-07610,WIZ-10394,GLD-01,adept,2024-08-06,
MEM-07611,WIZ-10395,GLD-12,apprentice,2023-02-16,
MEM-07612,WIZ-10396,GLD-08,adept,2025-09-12,
MEM-07613,WIZ-10397,GLD-06,adept,2026-05-27,
MEM-07614,WIZ-10398,GLD-02,apprentice,2025-01-11,
MEM-07615,WIZ-10400,GLD-12,apprentice,2024-12-16,
MEM-07616,WIZ-10401,GLD-10,Apprentice,2025-06-11,
MEM-07617,WIZ-10403,GLD-07,APPRENTICE,2024-02-18,
MEM-07618,WIZ-10405,GLD-01,apprentice,2026-05-26,
MEM-07619,WIZ-10406,GLD-07,archmage,2024-12-28,
MEM-07620,WIZ-10407,GLD-05,APPRENTICE,2025-10-23,
MEM-07621,WIZ-10408,GLD-11,Apprentice,2025-05-25,
MEM-07622,WIZ-10410,GLD-12,adept,2024-05-16,
MEM-07623,WIZ-10414,GLD-12,apprentice,2023-07-27,
MEM-07624,WIZ-10415,GLD-10,adept,2024-06-21,
MEM-07625,WIZ-10416,GLD-06,Apprentice,2023-09-29,
MEM-07626,WIZ-10417,GLD-03,apprentice,2026-05-09,
MEM-07627,WIZ-10418,GLD-10,apprentice,2025-07-23,
MEM-07628,WIZ-10420,GLD-09,apprentice,2024-01-21,
MEM-07629,WIZ-10421,GLD-02,adept,2025-02-05,2026-03-12
MEM-07630,WIZ-10421,GLD-02,archmage,2026-03-12,
MEM-07631,WIZ-10422,GLD-08,Adept,2025-10-30,
MEM-07632,WIZ-10423,GLD-02,Adept,2025-08-08,
MEM-07633,WIZ-10424,GLD-12,apprentice,2026-03-21,2026-06-29
MEM-07634,WIZ-10424,GLD-12,adept,2026-06-29,
MEM-07635,WIZ-10427,GLD-03,adept,2025-08-15,
MEM-07636,WIZ-10428,GLD-04,Archmage,2024-10-14,
MEM-07637,WIZ-10429,GLD-08,Apprentice,2025-11-02,
MEM-07638,WIZ-10431,GLD-05,ADEPT,2023-09-10,2025-01-01
MEM-07639,WIZ-10431,GLD-05,Archmage,2025-01-01,
MEM-07640,WIZ-10432,GLD-02,apprentice,2025-06-07,
MEM-07641,WIZ-10433,GLD-09,apprentice,2025-06-01,
MEM-07642,WIZ-10434,GLD-12,apprentice,2023-08-01,2025-01-31
MEM-07643,WIZ-10434,GLD-12,adept,2025-01-31,
MEM-07644,WIZ-10435,GLD-02,apprentice,2026-05-29,
MEM-07645,WIZ-10436,GLD-10,apprentice,2025-07-12,
MEM-07646,WIZ-10438,GLD-04,APPRENTICE,2024-02-11,
MEM-07647,WIZ-10439,GLD-02,apprentice,2025-02-11,
MEM-07648,WIZ-10440,GLD-06,apprentice,2024-12-07,
MEM-07649,WIZ-10441,GLD-02,apprentice,2025-12-19,
MEM-07650,WIZ-10442,GLD-05,Apprentice,2025-02-27,
MEM-07651,WIZ-10444,GLD-05,apprentice,2025-06-12,2025-08-21
MEM-07652,WIZ-10444,GLD-05,Adept,2025-08-21,
MEM-07653,WIZ-10445,GLD-02,Apprentice,2024-01-28,
MEM-07654,WIZ-10446,GLD-10,apprentice,2025-11-11,
MEM-07655,WIZ-10449,GLD-11,apprentice,2026-06-11,
MEM-07656,WIZ-10450,GLD-02,Archmage,2024-01-16,
MEM-07657,WIZ-10451,GLD-11,Adept,2024-07-20,
MEM-07658,WIZ-10452,GLD-06,apprentice,2023-06-13,
MEM-07659,WIZ-10453,GLD-05,apprentice,2025-11-16,
MEM-07660,WIZ-10454,GLD-04,Apprentice,2023-09-15,
MEM-07661,WIZ-10458,GLD-03,apprentice,2026-02-03,
MEM-07662,WIZ-10460,GLD-09,Apprentice,2026-04-03,
MEM-07663,WIZ-10463,GLD-09,apprentice,2024-06-09,
MEM-07664,WIZ-10464,GLD-08,Apprentice,2025-10-09,
MEM-07665,WIZ-10465,GLD-07,ADEPT,2024-02-17,
MEM-07666,WIZ-10466,GLD-06,APPRENTICE,2026-06-17,
MEM-07667,WIZ-10467,GLD-11,apprentice,2024-12-24,2026-06-18
MEM-07668,WIZ-10467,GLD-11,adept,2026-06-18,
MEM-07669,WIZ-10468,GLD-08,apprentice,2025-10-03,
MEM-07670,WIZ-10470,GLD-08,apprentice,2026-01-28,
MEM-07671,WIZ-10471,GLD-02,apprentice,2024-07-02,
MEM-07672,WIZ-10474,GLD-06,Archmage,2025-03-22,
MEM-07673,WIZ-10476,GLD-01,apprentice,2025-01-28,
MEM-07674,WIZ-10477,GLD-08,Adept,2025-04-02,
MEM-07675,WIZ-10478,GLD-12,ADEPT,2024-01-22,
MEM-07676,WIZ-10480,GLD-08,Adept,2026-02-06,2026-03-19
MEM-07677,WIZ-10480,GLD-08,archmage,2026-03-19,
MEM-07678,WIZ-10483,GLD-11,adept,2026-03-05,
MEM-07679,WIZ-10484,GLD-04,apprentice,2026-05-02,
MEM-07680,WIZ-10485,GLD-06,apprentice,2026-01-29,2026-03-28
MEM-07681,WIZ-10485,GLD-06,adept,2026-03-28,
MEM-07682,WIZ-10487,GLD-10,Adept,2024-09-29,
MEM-07683,WIZ-10488,GLD-08,apprentice,2025-11-17,
MEM-07684,WIZ-10489,GLD-11,adept,2024-10-04,
MEM-07685,WIZ-10491,GLD-12,adept,2024-02-02,
MEM-07686,WIZ-10492,GLD-02,Apprentice,2026-06-04,
MEM-07687,WIZ-10498,GLD-09,adept,2023-06-03,
MEM-07688,WIZ-10500,GLD-03,apprentice,2023-12-06,
MEM-07689,WIZ-10502,GLD-12,adept,2025-07-31,
MEM-07690,WIZ-10503,GLD-03,apprentice,2023-12-23,
MEM-07691,WIZ-10504,GLD-01,ARCHMAGE,2024-09-17,
MEM-07692,WIZ-10506,GLD-05,apprentice,2023-11-12,
MEM-07693,WIZ-10507,GLD-04,apprentice,2024-03-02,
MEM-07694,WIZ-10508,GLD-01,APPRENTICE,2023-10-27,
MEM-07695,WIZ-10509,GLD-08,apprentice,2025-04-15,
MEM-07696,WIZ-10510,GLD-08,adept,2023-07-06,
MEM-07697,WIZ-10513,GLD-09,APPRENTICE,2024-03-04,
MEM-07698,WIZ-10514,GLD-08,apprentice,2026-04-04,
MEM-07699,WIZ-10515,GLD-09,apprentice,2023-09-25,
MEM-07700,WIZ-10516,GLD-07,APPRENTICE,2025-12-26,
MEM-07701,WIZ-10517,GLD-05,apprentice,2024-01-04,
MEM-07702,WIZ-10519,GLD-05,apprentice,2025-11-12,
MEM-07703,WIZ-10522,GLD-02,apprentice,2026-05-20,
MEM-07704,WIZ-10523,GLD-04,Apprentice,2023-12-16,2024-08-15
MEM-07705,WIZ-10523,GLD-04,adept,2024-08-15,
MEM-07706,WIZ-10524,GLD-07,Apprentice,2024-03-05,
MEM-07707,WIZ-10525,GLD-12,Apprentice,2024-11-04,
MEM-07708,WIZ-10526,GLD-03,apprentice,2025-04-20,2026-04-19
MEM-07709,WIZ-10526,GLD-03,Adept,2026-04-19,
MEM-07710,WIZ-10527,GLD-05,Adept,2025-11-14,2026-01-16
MEM-07711,WIZ-10527,GLD-05,archmage,2026-01-16,
MEM-07712,WIZ-10528,GLD-03,apprentice,2025-01-28,2026-05-20
MEM-07713,WIZ-10528,GLD-03,Adept,2026-05-20,
MEM-07714,WIZ-10529,GLD-07,Archmage,2023-07-23,
MEM-07715,WIZ-10530,GLD-05,APPRENTICE,2025-01-12,
MEM-07716,WIZ-10532,GLD-08,apprentice,2024-08-24,2025-08-06
MEM-07717,WIZ-10532,GLD-08,adept,2025-08-06,
MEM-07718,WIZ-10533,GLD-07,apprentice,2026-01-04,
MEM-07719,WIZ-10536,GLD-12,adept,2025-10-05,
MEM-07720,WIZ-10537,GLD-07,apprentice,2026-06-17,
MEM-07721,WIZ-10538,GLD-06,adept,2025-09-11,
MEM-07722,WIZ-10539,GLD-12,adept,2026-06-08,
MEM-07723,WIZ-10541,GLD-02,apprentice,2025-09-21,
MEM-07724,WIZ-10542,GLD-03,apprentice,2026-06-23,
MEM-07725,WIZ-10543,GLD-09,Apprentice,2024-06-27,
MEM-07726,WIZ-10544,GLD-11,archmage,2024-01-14,
MEM-07727,WIZ-10545,GLD-05,apprentice,2025-07-25,2025-12-23
MEM-07728,WIZ-10545,GLD-05,adept,2025-12-23,
MEM-07729,WIZ-10546,GLD-12,archmage,2025-02-20,
MEM-07730,WIZ-10547,GLD-08,apprentice,2026-06-05,
MEM-07731,WIZ-10548,GLD-02,apprentice,2026-04-19,
MEM-07732,WIZ-10549,GLD-11,ARCHMAGE,2024-02-17,
MEM-07733,WIZ-10551,GLD-12,adept,2025-09-06,
MEM-07734,WIZ-10552,GLD-10,archmage,2023-08-18,
MEM-07735,WIZ-10553,GLD-12,apprentice,2024-12-02,
MEM-07736,WIZ-10555,GLD-02,apprentice,2026-06-05,
MEM-07737,WIZ-10556,GLD-02,Apprentice,2024-10-01,2025-01-04
MEM-07738,WIZ-10556,GLD-02,adept,2025-01-04,
MEM-07739,WIZ-10560,GLD-06,adept,2025-02-08,
MEM-07740,WIZ-10561,GLD-12,apprentice,2025-01-13,
MEM-07741,WIZ-10562,GLD-09,apprentice,2026-05-22,
MEM-07742,WIZ-10563,GLD-09,adept,2024-06-12,
MEM-07743,WIZ-10564,GLD-01,archmage,2026-05-23,
MEM-07744,WIZ-10567,GLD-11,archmage,2024-05-30,
MEM-07745,WIZ-10569,GLD-03,apprentice,2024-03-17,
MEM-07746,WIZ-10571,GLD-08,apprentice,2024-03-27,
MEM-07747,WIZ-10573,GLD-08,Apprentice,2026-01-28,
MEM-07748,WIZ-10574,GLD-02,apprentice,2026-01-31,
MEM-07749,WIZ-10575,GLD-03,apprentice,2026-03-20,2026-06-23
MEM-07750,WIZ-10575,GLD-03,adept,2026-06-23,
MEM-07751,WIZ-10576,GLD-12,adept,2026-06-27,
MEM-07752,WIZ-10577,GLD-11,apprentice,2025-03-24,
MEM-07753,WIZ-10578,GLD-12,apprentice,2026-01-14,
MEM-07754,WIZ-10579,GLD-10,apprentice,2024-06-11,
MEM-07755,WIZ-10580,GLD-04,ADEPT,2025-08-31,
MEM-07756,WIZ-10581,GLD-08,adept,2024-12-30,
MEM-07757,WIZ-10582,GLD-02,archmage,2026-06-19,
MEM-07758,WIZ-10583,GLD-09,Apprentice,2023-08-26,
MEM-07759,WIZ-10584,GLD-04,adept,2026-03-01,
MEM-07760,WIZ-10587,GLD-05,apprentice,2025-02-22,
MEM-07761,WIZ-10588,GLD-12,apprentice,2023-08-10,
MEM-07762,WIZ-10590,GLD-10,apprentice,2024-02-28,
MEM-07763,WIZ-10591,GLD-08,Apprentice,2024-08-12,2024-10-01
MEM-07764,WIZ-10591,GLD-08,adept,2024-10-01,
MEM-07765,WIZ-10592,GLD-02,adept,2025-05-27,
MEM-07766,WIZ-10593,GLD-07,apprentice,2024-09-13,
MEM-07767,WIZ-10595,GLD-06,adept,2025-12-18,
MEM-07768,WIZ-10598,GLD-06,apprentice,2025-01-17,
MEM-07769,WIZ-10600,GLD-08,adept,2026-03-04,
MEM-07770,WIZ-10601,GLD-09,archmage,2025-02-14,
MEM-07771,WIZ-10602,GLD-04,ARCHMAGE,2025-07-16,
MEM-07772,WIZ-10603,GLD-05,Adept,2025-10-04,
MEM-07773,WIZ-10605,GLD-04,Adept,2023-11-04,2024-02-21
MEM-07774,WIZ-10605,GLD-04,archmage,2024-02-21,
MEM-07775,WIZ-10607,GLD-08,apprentice,2025-04-21,
MEM-07776,WIZ-10608,GLD-09,Apprentice,2026-03-25,
MEM-07777,WIZ-10609,GLD-09,apprentice,2023-05-23,
MEM-07778,WIZ-10610,GLD-03,adept,2024-01-16,
MEM-07779,WIZ-10611,GLD-03,apprentice,2025-12-24,2026-04-10
MEM-07780,WIZ-10611,GLD-03,Adept,2026-04-10,
MEM-07781,WIZ-10613,GLD-05,archmage,2024-09-08,
MEM-07782,WIZ-10615,GLD-01,apprentice,2024-04-08,
MEM-07783,WIZ-10616,GLD-12,Apprentice,2025-03-04,
MEM-07784,WIZ-10619,GLD-04,apprentice,2024-01-06,
MEM-07785,WIZ-10622,GLD-02,apprentice,2026-02-05,
MEM-07786,WIZ-10624,GLD-05,adept,2025-12-03,
MEM-07787,WIZ-10625,GLD-04,adept,2025-02-22,
MEM-07788,WIZ-10626,GLD-08,apprentice,2025-09-24,
MEM-07789,WIZ-10627,GLD-02,apprentice,2023-06-24,
MEM-07790,WIZ-10628,GLD-04,Apprentice,2026-06-20,
MEM-07791,WIZ-10629,GLD-12,apprentice,2025-02-24,
MEM-07792,WIZ-10631,GLD-05,apprentice,2025-10-13,
MEM-07793,WIZ-10632,GLD-08,APPRENTICE,2026-01-07,
MEM-07794,WIZ-10633,GLD-01,Adept,2024-07-12,
MEM-07795,WIZ-10636,GLD-05,apprentice,2024-12-22,
MEM-07796,WIZ-10642,GLD-11,adept,2026-06-05,
MEM-07797,WIZ-10645,GLD-03,apprentice,2025-02-18,
MEM-07798,WIZ-10646,GLD-12,adept,2026-06-14,
MEM-07799,WIZ-10647,GLD-06,APPRENTICE,2026-05-15,
MEM-07800,WIZ-10649,GLD-01,apprentice,2023-12-16,2024-08-28
MEM-07801,WIZ-10649,GLD-01,adept,2024-08-28,
MEM-07802,WIZ-10650,GLD-09,archmage,2024-03-24,
MEM-07803,WIZ-10651,GLD-06,APPRENTICE,2025-03-19,
MEM-07804,WIZ-10653,GLD-08,apprentice,2024-04-20,
MEM-07805,WIZ-10654,GLD-10,adept,2026-06-23,
MEM-07806,WIZ-10655,GLD-05,archmage,2025-11-01,
MEM-07807,WIZ-10656,GLD-06,apprentice,2025-08-16,
MEM-07808,WIZ-10657,GLD-03,adept,2026-03-30,
MEM-07809,WIZ-10658,GLD-12,Adept,2026-05-14,
MEM-07810,WIZ-10659,GLD-07,apprentice,2024-08-28,
MEM-07811,WIZ-10660,GLD-09,adept,2025-09-29,
MEM-07812,WIZ-10661,GLD-10,apprentice,2026-06-21,
MEM-07813,WIZ-10662,GLD-08,Archmage,2025-02-24,
MEM-07814,WIZ-10664,GLD-06,Adept,2024-12-18,
MEM-07815,WIZ-10667,GLD-07,ARCHMAGE,2025-09-02,
MEM-07816,WIZ-10668,GLD-10,apprentice,2025-03-06,
MEM-07817,WIZ-10669,GLD-08,apprentice,2026-06-30,
MEM-07818,WIZ-10672,GLD-10,APPRENTICE,2025-05-30,
MEM-07819,WIZ-10673,GLD-08,archmage,2025-06-06,
MEM-07820,WIZ-10674,GLD-10,apprentice,2025-04-05,2025-10-23
MEM-07821,WIZ-10674,GLD-10,adept,2025-10-23,
MEM-07822,WIZ-10676,GLD-08,apprentice,2025-01-02,
MEM-07823,WIZ-10678,GLD-09,apprentice,2026-06-07,
MEM-07824,WIZ-10679,GLD-11,apprentice,2025-03-22,
MEM-07825,WIZ-10680,GLD-12,apprentice,2023-12-30,2025-07-09
MEM-07826,WIZ-10680,GLD-12,adept,2025-07-09,
MEM-07827,WIZ-10682,GLD-03,Adept,2024-02-12,
MEM-07828,WIZ-10683,GLD-12,Apprentice,2025-09-11,
MEM-07829,WIZ-10685,GLD-02,Adept,2025-06-10,2025-09-04
MEM-07830,WIZ-10685,GLD-02,archmage,2025-09-04,
MEM-07831,WIZ-10686,GLD-11,apprentice,2025-03-20,
MEM-07832,WIZ-10687,GLD-03,ADEPT,2023-07-18,
MEM-07833,WIZ-10689,GLD-10,adept,2023-10-26,
MEM-07834,WIZ-10692,GLD-06,adept,2023-11-27,
MEM-07835,WIZ-10693,GLD-02,Apprentice,2024-01-05,
MEM-07836,WIZ-10694,GLD-03,apprentice,2025-08-06,2025-09-08
MEM-07837,WIZ-10694,GLD-03,adept,2025-09-08,
MEM-07838,WIZ-10695,GLD-03,archmage,2025-03-06,
MEM-07839,WIZ-10696,GLD-09,apprentice,2025-03-12,2025-05-06
MEM-07840,WIZ-10696,GLD-09,adept,2025-05-06,
MEM-07841,WIZ-10697,GLD-12,archmage,2024-07-31,
MEM-07842,WIZ-10698,GLD-03,apprentice,2023-11-27,
MEM-07843,WIZ-10699,GLD-01,apprentice,2026-05-16,
MEM-07844,WIZ-10700,GLD-03,apprentice,2024-01-06,
MEM-07845,WIZ-10702,GLD-04,apprentice,2026-04-08,
MEM-07846,WIZ-10703,GLD-03,adept,2023-11-28,
MEM-07847,WIZ-10704,GLD-09,archmage,2026-06-06,
MEM-07848,WIZ-10705,GLD-06,Archmage,2025-10-16,
MEM-07849,WIZ-10706,GLD-05,apprentice,2025-11-21,
MEM-07850,WIZ-10707,GLD-12,Apprentice,2025-10-25,
MEM-07851,WIZ-10708,GLD-08,Apprentice,2025-07-10,
MEM-07852,WIZ-10711,GLD-05,apprentice,2024-12-20,
MEM-07853,WIZ-10712,GLD-10,apprentice,2025-04-29,
MEM-07854,WIZ-10714,GLD-06,archmage,2025-06-27,
MEM-07855,WIZ-10715,GLD-07,archmage,2023-05-25,
MEM-07856,WIZ-10716,GLD-05,adept,2025-09-26,
MEM-07857,WIZ-10719,GLD-01,apprentice,2023-12-19,
MEM-07858,WIZ-10721,GLD-01,apprentice,2025-06-15,
MEM-07859,WIZ-10722,GLD-10,apprentice,2024-03-15,
MEM-07860,WIZ-10724,GLD-10,adept,2025-06-26,
MEM-07861,WIZ-10725,GLD-07,Adept,2026-06-18,
MEM-07862,WIZ-10726,GLD-10,apprentice,2024-08-17,
MEM-07863,WIZ-10727,GLD-04,adept,2023-12-28,
MEM-07864,WIZ-10728,GLD-04,adept,2023-09-01,
MEM-07865,WIZ-10730,GLD-08,apprentice,2023-07-29,2024-03-10
MEM-07866,WIZ-10730,GLD-08,adept,2024-03-10,
MEM-07867,WIZ-10732,GLD-10,apprentice,2025-09-14,2025-10-26
MEM-07868,WIZ-10732,GLD-10,adept,2025-10-26,
MEM-07869,WIZ-10733,GLD-11,adept,2024-03-26,
MEM-07870,WIZ-10734,GLD-03,apprentice,2024-03-28,
MEM-07871,WIZ-10737,GLD-04,apprentice,2025-09-17,
MEM-07872,WIZ-10740,GLD-02,apprentice,2026-02-19,
MEM-07873,WIZ-10743,GLD-03,Archmage,2025-06-21,
MEM-07874,WIZ-10744,GLD-08,apprentice,2024-08-03,
MEM-07875,WIZ-10749,GLD-04,apprentice,2026-05-05,
MEM-07876,WIZ-10751,GLD-07,apprentice,2024-10-08,
MEM-07877,WIZ-10752,GLD-12,apprentice,2024-11-17,
MEM-07878,WIZ-10754,GLD-07,Apprentice,2024-07-04,
MEM-07879,WIZ-10755,GLD-09,Archmage,2023-07-11,
MEM-07880,WIZ-10756,GLD-07,Apprentice,2024-05-27,
MEM-07881,WIZ-10757,GLD-06,Adept,2024-03-05,
MEM-07882,WIZ-10758,GLD-09,adept,2026-03-08,
MEM-07883,WIZ-10760,GLD-06,ARCHMAGE,2026-06-03,
MEM-07884,WIZ-10763,GLD-01,apprentice,2026-03-09,
MEM-07885,WIZ-10764,GLD-12,apprentice,2026-01-27,
MEM-07886,WIZ-10765,GLD-01,adept,2023-06-29,
MEM-07887,WIZ-10766,GLD-08,ARCHMAGE,2026-05-29,
MEM-07888,WIZ-10768,GLD-09,apprentice,2023-02-12,
MEM-07889,WIZ-10769,GLD-03,Adept,2026-06-17,
MEM-07890,WIZ-10770,GLD-02,apprentice,2025-06-17,
MEM-07891,WIZ-10772,GLD-12,archmage,2024-06-05,
MEM-07892,WIZ-10773,GLD-06,apprentice,2026-04-29,
MEM-07893,WIZ-10774,GLD-09,apprentice,2026-03-05,
MEM-07894,WIZ-10775,GLD-02,Apprentice,2023-11-27,
MEM-07895,WIZ-10778,GLD-07,APPRENTICE,2025-05-02,
MEM-07896,WIZ-10780,GLD-11,Apprentice,2024-10-17,
MEM-07897,WIZ-10782,GLD-05,APPRENTICE,2025-09-04,
MEM-07898,WIZ-10784,GLD-07,apprentice,2025-12-07,
MEM-07899,WIZ-10785,GLD-06,ADEPT,2025-05-18,
MEM-07900,WIZ-10786,GLD-04,adept,2024-06-14,
MEM-07901,WIZ-10788,GLD-08,apprentice,2026-04-09,
MEM-07902,WIZ-10791,GLD-02,adept,2026-05-18,
MEM-07903,WIZ-10798,GLD-03,apprentice,2024-10-09,
MEM-07904,WIZ-10801,GLD-06,apprentice,2026-05-04,
MEM-07905,WIZ-10802,GLD-03,adept,2026-05-03,
MEM-07906,WIZ-10803,GLD-06,apprentice,2023-10-24,
MEM-07907,WIZ-10805,GLD-05,APPRENTICE,2024-06-28,
MEM-07908,WIZ-10806,GLD-07,apprentice,2024-06-29,
MEM-07909,WIZ-10808,GLD-01,ADEPT,2026-02-27,
MEM-07910,WIZ-10809,GLD-01,adept,2026-05-18,
MEM-07911,WIZ-10811,GLD-08,Apprentice,2025-08-15,
MEM-07912,WIZ-10814,GLD-11,adept,2025-01-26,
MEM-07913,WIZ-10815,GLD-11,apprentice,2024-03-19,
MEM-07914,WIZ-10816,GLD-10,APPRENTICE,2023-08-31,
MEM-07915,WIZ-10817,GLD-10,APPRENTICE,2023-09-04,2023-11-21
MEM-07916,WIZ-10817,GLD-10,Adept,2023-11-21,
MEM-07917,WIZ-10818,GLD-11,adept,2026-06-04,
MEM-07918,WIZ-10819,GLD-01,apprentice,2023-08-02,
MEM-07919,WIZ-10821,GLD-05,apprentice,2024-08-29,
MEM-07920,WIZ-10822,GLD-09,apprentice,2023-10-01,
MEM-07921,WIZ-10824,GLD-03,Apprentice,2023-07-15,
MEM-07922,WIZ-10825,GLD-03,apprentice,2023-11-03,
MEM-07923,WIZ-10826,GLD-07,apprentice,2025-09-09,
MEM-07924,WIZ-10829,GLD-04,apprentice,2026-06-14,
MEM-07925,WIZ-10830,GLD-07,apprentice,2026-01-08,
MEM-07926,WIZ-10832,GLD-10,archmage,2026-05-29,
MEM-07927,WIZ-10837,GLD-12,apprentice,2026-04-21,
MEM-07928,WIZ-10838,GLD-04,apprentice,2024-02-23,2025-08-23
MEM-07929,WIZ-10838,GLD-04,ADEPT,2025-08-23,
MEM-07930,WIZ-10839,GLD-07,Apprentice,2024-05-29,
MEM-07931,WIZ-10842,GLD-11,Adept,2024-01-20,
MEM-07932,WIZ-10844,GLD-08,apprentice,2025-06-29,
MEM-07933,WIZ-10845,GLD-04,apprentice,2026-01-25,
MEM-07934,WIZ-10846,GLD-07,apprentice,2025-10-12,2026-01-30
MEM-07935,WIZ-10846,GLD-07,adept,2026-01-30,
MEM-07936,WIZ-10847,GLD-05,apprentice,2026-04-25,
MEM-07937,WIZ-10848,GLD-12,archmage,2025-01-08,
MEM-07938,WIZ-10851,GLD-05,ADEPT,2026-03-21,
MEM-07939,WIZ-10853,GLD-11,apprentice,2025-01-02,
MEM-07940,WIZ-10855,GLD-05,adept,2026-03-30,
MEM-07941,WIZ-10856,GLD-01,adept,2026-02-04,
MEM-07942,WIZ-10857,GLD-10,apprentice,2026-06-19,
MEM-07943,WIZ-10858,GLD-04,adept,2023-03-12,
MEM-07944,WIZ-10859,GLD-03,archmage,2026-06-04,
MEM-07945,WIZ-10861,GLD-01,APPRENTICE,2026-01-09,
MEM-07946,WIZ-10862,GLD-04,Apprentice,2024-04-28,
MEM-07947,WIZ-10864,GLD-02,APPRENTICE,2024-04-04,2024-12-13
MEM-07948,WIZ-10864,GLD-02,adept,2024-12-13,
MEM-07949,WIZ-10865,GLD-07,apprentice,2026-04-02,
MEM-07950,WIZ-10866,GLD-12,apprentice,2023-09-02,
MEM-07951,WIZ-10867,GLD-05,apprentice,2024-06-18,2025-05-30
MEM-07952,WIZ-10867,GLD-05,adept,2025-05-30,
MEM-07953,WIZ-10868,GLD-10,adept,2024-09-19,
MEM-07954,WIZ-10869,GLD-01,apprentice,2026-01-25,
MEM-07955,WIZ-10870,GLD-11,APPRENTICE,2025-05-30,
MEM-07956,WIZ-10871,GLD-09,apprentice,2025-11-06,
MEM-07957,WIZ-10872,GLD-05,APPRENTICE,2026-03-10,
MEM-07958,WIZ-10873,GLD-09,apprentice,2025-01-14,
MEM-07959,WIZ-10875,GLD-04,apprentice,2026-03-16,
MEM-07960,WIZ-10876,GLD-06,apprentice,2024-03-09,
MEM-07961,WIZ-10879,GLD-04,apprentice,2026-04-10,
MEM-07962,WIZ-10881,GLD-03,apprentice,2026-01-14,
MEM-07963,WIZ-10883,GLD-08,apprentice,2024-05-23,2024-10-11
MEM-07964,WIZ-10883,GLD-08,Adept,2024-10-11,
MEM-07965,WIZ-10884,GLD-01,adept,2024-07-03,
MEM-07966,WIZ-10886,GLD-07,apprentice,2025-08-29,
MEM-07967,WIZ-10888,GLD-01,adept,2025-04-01,
MEM-07968,WIZ-10890,GLD-01,APPRENTICE,2024-09-26,
MEM-07969,WIZ-10891,GLD-08,adept,2023-12-01,
MEM-07970,WIZ-10892,GLD-12,Apprentice,2024-09-07,2026-02-21
MEM-07971,WIZ-10892,GLD-12,adept,2026-02-21,
MEM-07972,WIZ-10894,GLD-10,apprentice,2025-09-24,
MEM-07973,WIZ-10895,GLD-09,Apprentice,2026-06-17,
MEM-07974,WIZ-10897,GLD-08,apprentice,2024-06-29,
MEM-07975,WIZ-10898,GLD-10,APPRENTICE,2026-06-22,
MEM-07976,WIZ-10903,GLD-03,Apprentice,2024-07-02,
MEM-07977,WIZ-10904,GLD-05,apprentice,2025-08-12,
MEM-07978,WIZ-10906,GLD-01,apprentice,2026-06-11,
MEM-07979,WIZ-10910,GLD-03,adept,2026-05-02,
MEM-07980,WIZ-10912,GLD-01,Apprentice,2026-04-21,2026-06-10
MEM-07981,WIZ-10912,GLD-01,adept,2026-06-10,
MEM-07982,WIZ-10913,GLD-05,apprentice,2025-06-22,
MEM-07983,WIZ-10914,GLD-04,apprentice,2024-01-22,
MEM-07984,WIZ-10916,GLD-12,apprentice,2026-02-10,
MEM-07985,WIZ-10917,GLD-03,Apprentice,2025-07-01,
MEM-07986,WIZ-10919,GLD-02,Apprentice,2024-10-28,
MEM-07987,WIZ-10920,GLD-04,adept,2025-01-12,
MEM-07988,WIZ-10921,GLD-10,apprentice,2026-04-19,
MEM-07989,WIZ-10922,GLD-05,apprentice,2024-03-19,
MEM-07990,WIZ-10923,GLD-06,apprentice,2026-02-17,
MEM-07991,WIZ-10925,GLD-04,adept,2026-04-30,
MEM-07992,WIZ-10926,GLD-10,adept,2026-06-13,
MEM-07993,WIZ-10927,GLD-10,apprentice,2024-05-04,2025-03-13
MEM-07994,WIZ-10927,GLD-10,Adept,2025-03-13,
MEM-07995,WIZ-10929,GLD-05,apprentice,2026-04-23,
MEM-07996,WIZ-10930,GLD-09,ADEPT,2025-05-10,2025-12-19
MEM-07997,WIZ-10930,GLD-09,archmage,2025-12-19,
MEM-07998,WIZ-10933,GLD-01,Adept,2026-02-04,
MEM-07999,WIZ-10934,GLD-07,Apprentice,2024-10-23,
MEM-08000,WIZ-10940,GLD-03,apprentice,2025-07-24,
MEM-08001,WIZ-10941,GLD-10,apprentice,2023-07-10,
MEM-08002,WIZ-10946,GLD-03,apprentice,2024-12-01,
MEM-08003,WIZ-10951,GLD-02,apprentice,2026-04-26,
MEM-08004,WIZ-10953,GLD-12,apprentice,2024-12-29,
MEM-08005,WIZ-10954,GLD-01,adept,2026-02-24,
MEM-08006,WIZ-10955,GLD-02,APPRENTICE,2026-04-15,
MEM-08007,WIZ-10957,GLD-03,apprentice,2024-11-25,
MEM-08008,WIZ-10958,GLD-09,apprentice,2026-05-17,
MEM-08009,WIZ-10959,GLD-01,apprentice,2025-07-25,
MEM-08010,WIZ-10960,GLD-01,APPRENTICE,2025-10-06,
MEM-08011,WIZ-10961,GLD-09,apprentice,2026-06-30,
MEM-08012,WIZ-10962,GLD-09,apprentice,2025-06-30,
MEM-08013,WIZ-10964,GLD-10,Apprentice,2023-12-26,
MEM-08014,WIZ-10965,GLD-11,apprentice,2023-10-28,
MEM-08015,WIZ-10966,GLD-11,Apprentice,2026-05-06,
MEM-08016,WIZ-10967,GLD-02,APPRENTICE,2024-05-12,2025-06-17
MEM-08017,WIZ-10967,GLD-02,adept,2025-06-17,
MEM-08018,WIZ-10969,GLD-05,adept,2024-02-14,
MEM-08019,WIZ-10972,GLD-05,apprentice,2024-10-16,
MEM-08020,WIZ-10973,GLD-02,apprentice,2024-04-10,
MEM-08021,WIZ-10975,GLD-08,apprentice,2024-06-11,
MEM-08022,WIZ-10976,GLD-05,adept,2025-11-20,
MEM-08023,WIZ-10977,GLD-06,apprentice,2024-08-28,
MEM-08024,WIZ-10980,GLD-09,apprentice,2023-04-06,2024-09-27
MEM-08025,WIZ-10980,GLD-09,adept,2024-09-27,
MEM-08026,WIZ-10982,GLD-05,archmage,2023-10-23,
MEM-08027,WIZ-10984,GLD-01,apprentice,2026-01-27,
MEM-08028,WIZ-10985,GLD-05,Apprentice,2025-10-10,
MEM-08029,WIZ-10986,GLD-02,Adept,2026-05-21,
MEM-08030,WIZ-10987,GLD-06,apprentice,2024-02-21,
MEM-08031,WIZ-10988,GLD-11,apprentice,2025-05-05,
MEM-08032,WIZ-10989,GLD-02,apprentice,2024-11-09,
MEM-08033,WIZ-10990,GLD-03,apprentice,2024-02-29,
MEM-08034,WIZ-10992,GLD-11,Adept,2025-01-01,
MEM-08035,WIZ-10993,GLD-01,Apprentice,2024-03-09,
MEM-08036,WIZ-10995,GLD-08,apprentice,2025-04-20,
MEM-08037,WIZ-10996,GLD-10,adept,2026-04-09,
MEM-08038,WIZ-10997,GLD-03,Apprentice,2026-06-17,
MEM-08039,WIZ-11001,GLD-01,archmage,2026-04-11,
MEM-08040,WIZ-11004,GLD-02,Adept,2024-06-03,
MEM-08041,WIZ-11005,GLD-06,apprentice,2024-10-07,
MEM-08042,WIZ-11008,GLD-12,apprentice,2025-05-08,
MEM-08043,WIZ-11010,GLD-03,ARCHMAGE,2025-09-01,
MEM-08044,WIZ-11011,GLD-11,Archmage,2024-05-15,
MEM-08045,WIZ-11013,GLD-04,ARCHMAGE,2025-06-15,
MEM-08046,WIZ-11014,GLD-09,ADEPT,2025-11-17,
MEM-08047,WIZ-11015,GLD-01,APPRENTICE,2026-06-26,
MEM-08048,WIZ-11022,GLD-10,archmage,2024-02-15,
MEM-08049,WIZ-11024,GLD-01,apprentice,2025-03-25,
MEM-08050,WIZ-11025,GLD-01,apprentice,2026-06-06,
MEM-08051,WIZ-11027,GLD-09,adept,2024-01-26,
MEM-08052,WIZ-11028,GLD-10,adept,2024-02-03,
MEM-08053,WIZ-11029,GLD-04,adept,2025-05-28,
MEM-08054,WIZ-11030,GLD-02,apprentice,2024-09-26,
MEM-08055,WIZ-11031,GLD-04,adept,2026-06-27,
MEM-08056,WIZ-11032,GLD-06,apprentice,2023-08-23,
MEM-08057,WIZ-11034,GLD-04,ADEPT,2024-10-15,
MEM-08058,WIZ-11035,GLD-03,archmage,2025-08-08,
MEM-08059,WIZ-11041,GLD-06,apprentice,2025-12-02,
MEM-08060,WIZ-11042,GLD-10,apprentice,2026-05-16,
MEM-08061,WIZ-11043,GLD-04,Apprentice,2026-01-07,
MEM-08062,WIZ-11044,GLD-05,Adept,2026-06-21,
MEM-08063,WIZ-11045,GLD-03,apprentice,2024-01-16,
MEM-08064,WIZ-11046,GLD-12,ADEPT,2026-04-26,
MEM-08065,WIZ-11047,GLD-03,adept,2024-10-20,
MEM-08066,WIZ-11053,GLD-01,archmage,2024-09-14,
MEM-08067,WIZ-11054,GLD-09,ARCHMAGE,2025-08-01,
MEM-08068,WIZ-11055,GLD-03,apprentice,2026-04-18,
MEM-08069,WIZ-11056,GLD-02,apprentice,2026-06-09,
MEM-08070,WIZ-11057,GLD-03,apprentice,2026-06-17,
MEM-08071,WIZ-11058,GLD-12,adept,2025-04-16,
MEM-08072,WIZ-11060,GLD-10,apprentice,2025-10-16,
MEM-08073,WIZ-11061,GLD-10,archmage,2025-11-18,
MEM-08074,WIZ-11062,GLD-03,apprentice,2025-09-23,
MEM-08075,WIZ-11063,GLD-09,adept,2026-05-01,
MEM-08076,WIZ-11064,GLD-12,apprentice,2023-04-09,
MEM-08077,WIZ-11067,GLD-06,apprentice,2025-01-16,
MEM-08078,WIZ-11069,GLD-12,apprentice,2026-05-20,
MEM-08079,WIZ-11070,GLD-06,apprentice,2025-09-16,
MEM-08080,WIZ-11073,GLD-07,apprentice,2025-03-31,
MEM-08081,WIZ-11075,GLD-12,Apprentice,2026-05-26,
MEM-08082,WIZ-11076,GLD-08,Apprentice,2025-06-18,
MEM-08083,WIZ-11077,GLD-08,archmage,2026-05-12,
MEM-08084,WIZ-11078,GLD-05,APPRENTICE,2026-02-08,2026-03-13
MEM-08085,WIZ-11078,GLD-05,adept,2026-03-13,
MEM-08086,WIZ-11079,GLD-11,adept,2023-10-27,2025-03-03
MEM-08087,WIZ-11079,GLD-11,archmage,2025-03-03,
MEM-08088,WIZ-11080,GLD-12,adept,2026-03-16,
MEM-08089,WIZ-11081,GLD-09,apprentice,2026-06-09,
MEM-08090,WIZ-11083,GLD-12,Apprentice,2024-06-21,
MEM-08091,WIZ-11086,GLD-05,Adept,2025-11-06,
MEM-08092,WIZ-11087,GLD-06,ADEPT,2026-02-03,
MEM-08093,WIZ-11089,GLD-06,apprentice,2026-01-11,
MEM-08094,WIZ-11090,GLD-12,Adept,2024-11-20,
MEM-08095,WIZ-11091,GLD-12,apprentice,2025-02-07,
MEM-08096,WIZ-11092,GLD-12,archmage,2025-04-17,
MEM-08097,WIZ-11094,GLD-04,apprentice,2026-02-11,
MEM-08098,WIZ-11095,GLD-08,ADEPT,2023-08-21,
MEM-08099,WIZ-11097,GLD-05,APPRENTICE,2025-08-12,
MEM-08100,WIZ-11100,GLD-07,adept,2025-09-26,
MEM-08101,WIZ-11101,GLD-07,apprentice,2023-02-04,
MEM-08102,WIZ-11104,GLD-04,apprentice,2026-06-04,
MEM-08103,WIZ-11106,GLD-05,adept,2026-03-05,
MEM-08104,WIZ-11108,GLD-09,apprentice,2025-05-02,
MEM-08105,WIZ-11109,GLD-01,apprentice,2023-06-24,
MEM-08106,WIZ-11110,GLD-10,APPRENTICE,2024-03-25,
MEM-08107,WIZ-11112,GLD-05,ADEPT,2026-06-25,
MEM-08108,WIZ-11115,GLD-04,Adept,2025-06-21,
MEM-08109,WIZ-11117,GLD-07,APPRENTICE,2025-10-31,
MEM-08110,WIZ-11118,GLD-05,archmage,2024-03-14,
MEM-08111,WIZ-11120,GLD-11,archmage,2026-06-10,
MEM-08112,WIZ-11121,GLD-02,apprentice,2025-12-31,
MEM-08113,WIZ-11123,GLD-05,Adept,2023-09-13,
MEM-08114,WIZ-11125,GLD-05,apprentice,2024-08-13,
MEM-08115,WIZ-11126,GLD-08,apprentice,2025-11-18,2026-04-15
MEM-08116,WIZ-11126,GLD-08,adept,2026-04-15,
MEM-08117,WIZ-11127,GLD-05,adept,2025-04-09,2025-09-19
MEM-08118,WIZ-11127,GLD-05,archmage,2025-09-19,
MEM-08119,WIZ-11129,GLD-01,APPRENTICE,2024-05-08,
MEM-08120,WIZ-11132,GLD-11,Apprentice,2023-04-21,
MEM-08121,WIZ-11134,GLD-02,apprentice,2024-07-11,
MEM-08122,WIZ-11135,GLD-10,apprentice,2025-10-23,
MEM-08123,WIZ-11136,GLD-12,Apprentice,2024-10-18,
MEM-08124,WIZ-11137,GLD-04,apprentice,2025-05-27,
MEM-08125,WIZ-11139,GLD-03,apprentice,2023-12-11,
MEM-08126,WIZ-11140,GLD-02,Adept,2024-05-23,
MEM-08127,WIZ-11142,GLD-02,apprentice,2025-08-29,
MEM-08128,WIZ-11144,GLD-04,Apprentice,2026-06-21,
MEM-08129,WIZ-11146,GLD-05,Adept,2024-11-09,2025-01-28
MEM-08130,WIZ-11146,GLD-05,archmage,2025-01-28,
MEM-08131,WIZ-11147,GLD-06,Apprentice,2026-05-18,
MEM-08132,WIZ-11148,GLD-08,Apprentice,2026-02-05,
MEM-08133,WIZ-11149,GLD-07,apprentice,2025-08-31,
MEM-08134,WIZ-11150,GLD-04,archmage,2023-11-07,
MEM-08135,WIZ-11153,GLD-10,apprentice,2024-02-26,
MEM-08136,WIZ-11157,GLD-09,apprentice,2025-12-18,
MEM-08137,WIZ-11158,GLD-02,Adept,2025-10-02,
MEM-08138,WIZ-11160,GLD-12,apprentice,2025-07-14,
MEM-08139,WIZ-11163,GLD-01,apprentice,2026-06-28,
MEM-08140,WIZ-11165,GLD-06,adept,2026-02-11,
MEM-08141,WIZ-11166,GLD-04,apprentice,2026-03-23,
MEM-08142,WIZ-11167,GLD-04,apprentice,2026-06-14,
MEM-08143,WIZ-11168,GLD-05,Archmage,2025-03-19,
MEM-08144,WIZ-11170,GLD-05,adept,2025-08-03,
MEM-08145,WIZ-11171,GLD-04,apprentice,2024-11-16,2026-03-23
MEM-08146,WIZ-11171,GLD-04,adept,2026-03-23,
MEM-08147,WIZ-11172,GLD-08,apprentice,2024-02-20,
MEM-08148,WIZ-11174,GLD-05,Adept,2024-05-12,
MEM-08149,WIZ-11177,GLD-05,apprentice,2025-04-12,
MEM-08150,WIZ-11179,GLD-11,apprentice,2025-11-21,
MEM-08151,WIZ-11183,GLD-12,adept,2025-06-05,
MEM-08152,WIZ-11185,GLD-10,Apprentice,2026-03-12,2026-05-14
MEM-08153,WIZ-11185,GLD-10,adept,2026-05-14,
MEM-08154,WIZ-11186,GLD-01,adept,2026-04-13,2026-06-18
MEM-08155,WIZ-11186,GLD-01,archmage,2026-06-18,
MEM-08156,WIZ-11187,GLD-06,adept,2023-12-07,
MEM-08157,WIZ-11189,GLD-02,ADEPT,2026-06-24,
MEM-08158,WIZ-11190,GLD-04,adept,2026-03-07,
MEM-08159,WIZ-11191,GLD-02,adept,2025-05-25,
MEM-08160,WIZ-11192,GLD-10,apprentice,2026-02-05,
MEM-08161,WIZ-11193,GLD-07,Apprentice,2026-05-27,
MEM-08162,WIZ-11194,GLD-01,ADEPT,2026-02-03,
MEM-08163,WIZ-11195,GLD-05,adept,2026-06-01,
MEM-08164,WIZ-11199,GLD-05,apprentice,2024-10-07,
MEM-08165,WIZ-11201,GLD-07,adept,2026-06-15,
MEM-08166,WIZ-11203,GLD-02,apprentice,2025-10-10,
MEM-08167,WIZ-11204,GLD-06,apprentice,2025-11-17,2026-05-08
MEM-08168,WIZ-11204,GLD-06,adept,2026-05-08,
MEM-08169,WIZ-11206,GLD-07,ADEPT,2025-06-26,
MEM-08170,WIZ-11207,GLD-02,adept,2025-04-19,2025-12-21
MEM-08171,WIZ-11207,GLD-02,Archmage,2025-12-21,
MEM-08172,WIZ-11208,GLD-03,adept,2025-12-05,
MEM-08173,WIZ-11209,GLD-09,Apprentice,2025-09-09,
MEM-08174,WIZ-11210,GLD-08,adept,2024-05-14,
MEM-08175,WIZ-11212,GLD-04,Apprentice,2025-12-16,
MEM-08176,WIZ-11213,GLD-01,apprentice,2026-06-16,
MEM-08177,WIZ-11214,GLD-11,apprentice,2024-11-21,2025-08-14
MEM-08178,WIZ-11214,GLD-11,Adept,2025-08-14,
MEM-08179,WIZ-11217,GLD-05,apprentice,2024-06-23,
MEM-08180,WIZ-11218,GLD-07,archmage,2023-10-25,
MEM-08181,WIZ-11220,GLD-06,Apprentice,2024-04-27,
MEM-08182,WIZ-11221,GLD-04,apprentice,2024-08-20,
MEM-08183,WIZ-11223,GLD-06,apprentice,2026-05-09,
MEM-08184,WIZ-11224,GLD-02,APPRENTICE,2025-11-02,2026-01-03
MEM-08185,WIZ-11224,GLD-02,adept,2026-01-03,
MEM-08186,WIZ-11225,GLD-11,Apprentice,2026-05-20,
MEM-08187,WIZ-11226,GLD-01,adept,2025-03-30,
MEM-08188,WIZ-11227,GLD-02,Adept,2024-01-25,2024-09-10
MEM-08189,WIZ-11227,GLD-02,archmage,2024-09-10,
MEM-08190,WIZ-11228,GLD-03,APPRENTICE,2026-01-22,
MEM-08191,WIZ-11229,GLD-07,Archmage,2024-07-26,
MEM-08192,WIZ-11233,GLD-06,ADEPT,2025-09-08,
MEM-08193,WIZ-11235,GLD-09,Apprentice,2025-08-08,
MEM-08194,WIZ-11236,GLD-03,apprentice,2023-08-29,2025-01-05
MEM-08195,WIZ-11236,GLD-03,Adept,2025-01-05,
MEM-08196,WIZ-11237,GLD-08,APPRENTICE,2024-11-28,
MEM-08197,WIZ-11239,GLD-07,adept,2023-07-19,
MEM-08198,WIZ-11240,GLD-02,Apprentice,2024-02-15,
MEM-08199,WIZ-11241,GLD-01,apprentice,2025-09-07,
MEM-08200,WIZ-11242,GLD-08,archmage,2026-06-26,
MEM-08201,WIZ-11244,GLD-06,Apprentice,2024-10-16,2025-11-16
MEM-08202,WIZ-11244,GLD-06,adept,2025-11-16,
MEM-08203,WIZ-11245,GLD-04,apprentice,2026-04-21,
MEM-08204,WIZ-11247,GLD-12,adept,2023-12-06,
MEM-08205,WIZ-11248,GLD-09,archmage,2025-10-28,
MEM-08206,WIZ-11250,GLD-08,apprentice,2024-01-19,
MEM-08207,WIZ-11252,GLD-08,adept,2024-10-07,
MEM-08208,WIZ-11255,GLD-01,apprentice,2025-05-02,
MEM-08209,WIZ-11256,GLD-08,adept,2024-07-09,
MEM-08210,WIZ-11258,GLD-06,apprentice,2025-08-08,
MEM-08211,WIZ-11259,GLD-10,Apprentice,2026-01-31,
MEM-08212,WIZ-11262,GLD-09,apprentice,2026-02-12,
MEM-08213,WIZ-11263,GLD-03,Apprentice,2024-02-07,
MEM-08214,WIZ-11265,GLD-05,Apprentice,2026-01-12,2026-06-12
MEM-08215,WIZ-11265,GLD-05,adept,2026-06-12,
MEM-08216,WIZ-11266,GLD-08,apprentice,2026-06-06,
MEM-08217,WIZ-11270,GLD-05,archmage,2025-10-07,
MEM-08218,WIZ-11272,GLD-08,apprentice,2026-06-07,
MEM-08219,WIZ-11273,GLD-06,apprentice,2024-10-29,
MEM-08220,WIZ-11274,GLD-06,apprentice,2025-01-23,
MEM-08221,WIZ-11275,GLD-07,adept,2026-06-14,
MEM-08222,WIZ-11276,GLD-11,adept,2026-05-03,
MEM-08223,WIZ-11277,GLD-03,adept,2026-05-05,
MEM-08224,WIZ-11278,GLD-12,apprentice,2026-04-12,2026-06-22
MEM-08225,WIZ-11278,GLD-12,adept,2026-06-22,
MEM-08226,WIZ-11279,GLD-05,apprentice,2024-09-29,
MEM-08227,WIZ-11280,GLD-07,apprentice,2025-09-12,
MEM-08228,WIZ-11281,GLD-02,apprentice,2026-06-27,
MEM-08229,WIZ-11282,GLD-05,Apprentice,2025-10-20,
MEM-08230,WIZ-11284,GLD-01,apprentice,2025-06-03,
MEM-08231,WIZ-11285,GLD-05,apprentice,2024-09-14,
MEM-08232,WIZ-11287,GLD-08,Apprentice,2024-06-21,
MEM-08233,WIZ-11288,GLD-06,apprentice,2024-10-02,
MEM-08234,WIZ-11289,GLD-03,apprentice,2024-01-01,
MEM-08235,WIZ-11292,GLD-09,Apprentice,2025-02-28,
MEM-08236,WIZ-11294,GLD-06,apprentice,2026-01-30,
MEM-08237,WIZ-11296,GLD-11,apprentice,2024-10-02,
MEM-08238,WIZ-11297,GLD-12,apprentice,2024-01-31,
MEM-08239,WIZ-11299,GLD-04,adept,2026-05-31,
MEM-08240,WIZ-11302,GLD-10,apprentice,2026-06-07,
MEM-08241,WIZ-11303,GLD-03,Apprentice,2024-08-13,
MEM-08242,WIZ-11305,GLD-04,apprentice,2024-06-20,
MEM-08243,WIZ-11308,GLD-01,apprentice,2023-09-08,
MEM-08244,WIZ-11309,GLD-02,Apprentice,2025-01-07,2025-12-13
MEM-08245,WIZ-11309,GLD-02,ADEPT,2025-12-13,
MEM-08246,WIZ-11310,GLD-04,apprentice,2024-11-02,2025-03-27
MEM-08247,WIZ-11310,GLD-04,Adept,2025-03-27,
MEM-08248,WIZ-11313,GLD-05,apprentice,2024-01-03,
MEM-08249,WIZ-11315,GLD-08,ADEPT,2024-06-12,
MEM-08250,WIZ-11316,GLD-03,apprentice,2025-07-18,2026-06-29
MEM-08251,WIZ-11316,GLD-03,adept,2026-06-29,
MEM-08252,WIZ-11317,GLD-02,adept,2023-09-24,
MEM-08253,WIZ-11319,GLD-04,apprentice,2026-01-01,
MEM-08254,WIZ-11320,GLD-08,Apprentice,2025-06-04,
MEM-08255,WIZ-11321,GLD-04,apprentice,2024-12-31,
MEM-08256,WIZ-11322,GLD-04,apprentice,2026-05-27,
MEM-08257,WIZ-11323,GLD-09,apprentice,2024-11-08,
MEM-08258,WIZ-11324,GLD-12,adept,2023-09-07,
MEM-08259,WIZ-11325,GLD-01,apprentice,2026-04-19,
MEM-08260,WIZ-11326,GLD-02,apprentice,2023-08-24,
MEM-08261,WIZ-11327,GLD-11,Adept,2026-04-02,
MEM-08262,WIZ-11328,GLD-02,apprentice,2025-11-22,
MEM-08263,WIZ-11330,GLD-01,apprentice,2026-05-11,
MEM-08264,WIZ-11331,GLD-04,ADEPT,2026-06-04,
MEM-08265,WIZ-11334,GLD-12,apprentice,2026-06-24,
MEM-08266,WIZ-11335,GLD-02,apprentice,2024-12-18,
MEM-08267,WIZ-11337,GLD-06,apprentice,2025-11-15,
MEM-08268,WIZ-11338,GLD-07,apprentice,2025-03-20,
MEM-08269,WIZ-11342,GLD-09,adept,2024-08-13,
MEM-08270,WIZ-11345,GLD-08,Adept,2023-06-19,
MEM-08271,WIZ-11346,GLD-04,apprentice,2025-03-10,
MEM-08272,WIZ-11347,GLD-07,APPRENTICE,2026-01-25,
MEM-08273,WIZ-11348,GLD-10,Apprentice,2025-12-10,
MEM-08274,WIZ-11349,GLD-07,apprentice,2026-06-10,
MEM-08275,WIZ-11350,GLD-07,apprentice,2026-05-18,
MEM-08276,WIZ-11351,GLD-11,Adept,2025-02-23,
MEM-08277,WIZ-11352,GLD-10,apprentice,2024-05-25,
MEM-08278,WIZ-11353,GLD-03,Apprentice,2024-04-08,2025-07-25
MEM-08279,WIZ-11353,GLD-03,adept,2025-07-25,
MEM-08280,WIZ-11354,GLD-10,archmage,2026-06-19,
MEM-08281,WIZ-11355,GLD-01,adept,2026-03-15,2026-04-20
MEM-08282,WIZ-11355,GLD-01,archmage,2026-04-20,
MEM-08283,WIZ-11356,GLD-12,apprentice,2024-09-09,
MEM-08284,WIZ-11359,GLD-06,apprentice,2024-08-28,2026-05-05
MEM-08285,WIZ-11359,GLD-06,adept,2026-05-05,
MEM-08286,WIZ-11361,GLD-07,Apprentice,2025-01-19,
MEM-08287,WIZ-11362,GLD-06,apprentice,2025-02-26,
MEM-08288,WIZ-11363,GLD-09,adept,2026-05-03,
MEM-08289,WIZ-11365,GLD-09,apprentice,2026-02-15,
MEM-08290,WIZ-11368,GLD-11,apprentice,2025-12-01,
MEM-08291,WIZ-11372,GLD-09,apprentice,2024-01-21,
MEM-08292,WIZ-11373,GLD-02,apprentice,2026-05-17,
MEM-08293,WIZ-11374,GLD-08,Apprentice,2026-03-15,
MEM-08294,WIZ-11375,GLD-03,adept,2024-02-03,
MEM-08295,WIZ-11377,GLD-09,apprentice,2023-09-16,
MEM-08296,WIZ-11378,GLD-07,apprentice,2025-10-27,
MEM-08297,WIZ-11379,GLD-09,Apprentice,2026-02-08,
MEM-08298,WIZ-11380,GLD-12,adept,2026-06-28,
MEM-08299,WIZ-11382,GLD-11,apprentice,2025-05-05,
MEM-08300,WIZ-11383,GLD-11,apprentice,2026-01-09,2026-03-11
MEM-08301,WIZ-11383,GLD-11,ADEPT,2026-03-11,
MEM-08302,WIZ-11384,GLD-10,apprentice,2024-02-10,
MEM-08303,WIZ-11385,GLD-09,apprentice,2024-02-14,
MEM-08304,WIZ-11386,GLD-07,adept,2026-06-20,
MEM-08305,WIZ-11387,GLD-05,adept,2024-12-13,
MEM-08306,WIZ-11388,GLD-03,adept,2025-03-08,
MEM-08307,WIZ-11389,GLD-10,Apprentice,2025-10-14,
MEM-08308,WIZ-11391,GLD-06,ADEPT,2026-06-21,
MEM-08309,WIZ-11392,GLD-10,adept,2024-03-30,
MEM-08310,WIZ-11394,GLD-12,APPRENTICE,2024-06-29,
MEM-08311,WIZ-11395,GLD-09,adept,2026-05-21,
MEM-08312,WIZ-11396,GLD-08,Archmage,2024-05-07,
MEM-08313,WIZ-11397,GLD-10,Apprentice,2025-12-20,
MEM-08314,WIZ-11398,GLD-06,apprentice,2024-01-31,
MEM-08315,WIZ-11399,GLD-04,adept,2026-02-25,2026-04-11
MEM-08316,WIZ-11399,GLD-04,archmage,2026-04-11,
MEM-08317,WIZ-11400,GLD-05,adept,2026-05-03,
MEM-08318,WIZ-11402,GLD-06,apprentice,2025-04-25,
MEM-08319,WIZ-11403,GLD-11,apprentice,2026-04-05,
MEM-08320,WIZ-11405,GLD-06,adept,2026-01-24,
MEM-08321,WIZ-11406,GLD-07,Adept,2026-05-23,
MEM-08322,WIZ-11407,GLD-05,apprentice,2026-04-06,
MEM-08323,WIZ-11409,GLD-02,Apprentice,2026-01-30,
MEM-08324,WIZ-11410,GLD-09,archmage,2023-06-11,
MEM-08325,WIZ-11411,GLD-07,apprentice,2024-05-30,2025-04-11
MEM-08326,WIZ-11411,GLD-07,adept,2025-04-11,
MEM-08327,WIZ-11412,GLD-07,apprentice,2024-02-09,
MEM-08328,WIZ-11413,GLD-11,archmage,2026-03-05,
MEM-08329,WIZ-11414,GLD-03,apprentice,2023-12-30,
MEM-08330,WIZ-11415,GLD-07,APPRENTICE,2025-04-04,2026-02-28
MEM-08331,WIZ-11415,GLD-07,adept,2026-02-28,
MEM-08332,WIZ-11416,GLD-12,adept,2026-06-17,
MEM-08333,WIZ-11418,GLD-05,Apprentice,2024-10-02,
MEM-08334,WIZ-11419,GLD-05,apprentice,2024-11-16,
MEM-08335,WIZ-11420,GLD-02,archmage,2024-01-02,
MEM-08336,WIZ-11421,GLD-08,apprentice,2024-09-01,
MEM-08337,WIZ-11423,GLD-07,adept,2026-06-23,
MEM-08338,WIZ-11425,GLD-01,APPRENTICE,2026-06-06,
MEM-08339,WIZ-11426,GLD-06,Adept,2026-01-24,2026-06-09
MEM-08340,WIZ-11426,GLD-06,archmage,2026-06-09,
MEM-08341,WIZ-11427,GLD-07,APPRENTICE,2024-11-04,
MEM-08342,WIZ-11428,GLD-05,Apprentice,2025-04-26,
MEM-08343,WIZ-11430,GLD-04,Apprentice,2026-05-22,
MEM-08344,WIZ-11431,GLD-05,apprentice,2023-12-17,
MEM-08345,WIZ-11432,GLD-10,Apprentice,2024-12-14,
MEM-08346,WIZ-11433,GLD-05,apprentice,2026-05-04,
MEM-08347,WIZ-11434,GLD-04,apprentice,2026-05-29,
MEM-08348,WIZ-11435,GLD-05,apprentice,2025-05-10,
MEM-08349,WIZ-11436,GLD-01,apprentice,2025-09-03,
MEM-08350,WIZ-11438,GLD-10,adept,2025-12-03,
MEM-08351,WIZ-11439,GLD-09,Apprentice,2024-05-06,2025-07-28
MEM-08352,WIZ-11439,GLD-09,adept,2025-07-28,
MEM-08353,WIZ-11440,GLD-07,APPRENTICE,2025-01-17,2025-10-31
MEM-08354,WIZ-11440,GLD-07,Adept,2025-10-31,
MEM-08355,WIZ-11443,GLD-01,apprentice,2024-01-23,
MEM-08356,WIZ-11445,GLD-04,archmage,2024-05-21,
MEM-08357,WIZ-11447,GLD-11,Apprentice,2024-12-30,
MEM-08358,WIZ-11448,GLD-07,Adept,2024-12-05,
MEM-08359,WIZ-11449,GLD-11,apprentice,2026-04-24,
MEM-08360,WIZ-11451,GLD-03,Apprentice,2026-05-19,
MEM-08361,WIZ-11453,GLD-01,Apprentice,2024-05-20,
MEM-08362,WIZ-11454,GLD-02,adept,2024-06-13,
MEM-08363,WIZ-11455,GLD-05,apprentice,2026-03-19,
MEM-08364,WIZ-11456,GLD-08,apprentice,2024-06-14,
MEM-08365,WIZ-11459,GLD-12,archmage,2026-05-23,
MEM-08366,WIZ-11460,GLD-09,apprentice,2025-10-09,
MEM-08367,WIZ-11461,GLD-03,apprentice,2024-12-03,
MEM-08368,WIZ-11463,GLD-03,adept,2025-11-24,
MEM-08369,WIZ-11465,GLD-11,archmage,2025-12-13,
MEM-08370,WIZ-11466,GLD-08,apprentice,2026-04-19,
MEM-08371,WIZ-11467,GLD-08,apprentice,2024-08-09,
MEM-08372,WIZ-11468,GLD-03,ADEPT,2025-12-12,
MEM-08373,WIZ-11469,GLD-06,apprentice,2025-11-02,
MEM-08374,WIZ-11472,GLD-08,adept,2024-04-01,2025-11-08
MEM-08375,WIZ-11472,GLD-08,archmage,2025-11-08,
MEM-08376,WIZ-11473,GLD-02,apprentice,2025-04-09,
MEM-08377,WIZ-11474,GLD-08,adept,2024-07-16,
MEM-08378,WIZ-11477,GLD-09,apprentice,2024-01-07,
MEM-08379,WIZ-11478,GLD-07,apprentice,2023-07-26,
MEM-08380,WIZ-11479,GLD-12,adept,2026-03-30,2026-05-17
MEM-08381,WIZ-11479,GLD-12,Archmage,2026-05-17,
MEM-08382,WIZ-11481,GLD-02,apprentice,2025-04-23,
MEM-08383,WIZ-11482,GLD-07,archmage,2024-07-21,
MEM-08384,WIZ-11484,GLD-09,ARCHMAGE,2023-09-04,
MEM-08385,WIZ-11485,GLD-02,ADEPT,2025-03-10,
MEM-08386,WIZ-11487,GLD-08,Adept,2023-11-12,
MEM-08387,WIZ-11488,GLD-07,adept,2024-11-09,
MEM-08388,WIZ-11489,GLD-03,adept,2024-11-10,2026-04-21
MEM-08389,WIZ-11489,GLD-03,archmage,2026-04-21,
MEM-08390,WIZ-11491,GLD-02,Apprentice,2024-08-28,
MEM-08391,WIZ-11492,GLD-04,APPRENTICE,2024-07-24,
MEM-08392,WIZ-11493,GLD-03,APPRENTICE,2024-05-30,
MEM-08393,WIZ-11495,GLD-10,apprentice,2025-05-05,
MEM-08394,WIZ-11496,GLD-03,ARCHMAGE,2023-11-26,
MEM-08395,WIZ-11497,GLD-07,APPRENTICE,2026-02-05,
MEM-08396,WIZ-11499,GLD-07,apprentice,2025-10-03,2025-11-10
MEM-08397,WIZ-11499,GLD-07,adept,2025-11-10,
MEM-08398,WIZ-11500,GLD-08,APPRENTICE,2026-01-29,
MEM-08399,WIZ-11501,GLD-05,apprentice,2025-10-17,
MEM-08400,WIZ-11502,GLD-01,apprentice,2025-12-10,
MEM-08401,WIZ-11503,GLD-06,Apprentice,2023-06-08,
MEM-08402,WIZ-11504,GLD-09,apprentice,2024-08-02,
MEM-08403,WIZ-11506,GLD-04,apprentice,2025-11-12,
MEM-08404,WIZ-11507,GLD-07,apprentice,2025-08-25,
MEM-08405,WIZ-11508,GLD-12,apprentice,2024-04-25,
MEM-08406,WIZ-11509,GLD-12,APPRENTICE,2024-12-18,
MEM-08407,WIZ-11510,GLD-06,apprentice,2025-02-14,
MEM-08408,WIZ-11511,GLD-08,apprentice,2025-05-23,
MEM-08409,WIZ-11512,GLD-02,apprentice,2024-06-23,
MEM-08410,WIZ-11513,GLD-10,Archmage,2024-03-12,
MEM-08411,WIZ-11516,GLD-06,apprentice,2025-01-18,
MEM-08412,WIZ-11517,GLD-08,apprentice,2024-03-17,
MEM-08413,WIZ-11518,GLD-05,Apprentice,2025-12-03,2026-05-08
MEM-08414,WIZ-11518,GLD-05,adept,2026-05-08,
MEM-08415,WIZ-11519,GLD-11,APPRENTICE,2023-07-18,
MEM-08416,WIZ-11520,GLD-04,APPRENTICE,2024-09-28,2026-02-19
MEM-08417,WIZ-11520,GLD-04,adept,2026-02-19,
MEM-08418,WIZ-11521,GLD-11,Apprentice,2025-03-10,
MEM-08419,WIZ-11522,GLD-08,adept,2025-10-24,
MEM-08420,WIZ-11523,GLD-12,APPRENTICE,2026-02-02,
MEM-08421,WIZ-11525,GLD-03,Adept,2024-07-24,
MEM-08422,WIZ-11526,GLD-11,apprentice,2024-07-30,
MEM-08423,WIZ-11529,GLD-05,apprentice,2025-04-04,
MEM-08424,WIZ-11530,GLD-05,apprentice,2026-04-28,
MEM-08425,WIZ-11531,GLD-12,Apprentice,2023-10-05,
MEM-08426,WIZ-11532,GLD-09,adept,2024-09-24,
MEM-08427,WIZ-11535,GLD-07,Adept,2025-12-23,
MEM-08428,WIZ-11536,GLD-03,archmage,2024-10-12,
MEM-08429,WIZ-11537,GLD-04,Archmage,2025-01-13,
MEM-08430,WIZ-11538,GLD-06,apprentice,2026-03-19,
MEM-08431,WIZ-11539,GLD-03,apprentice,2025-07-19,
MEM-08432,WIZ-11541,GLD-07,Apprentice,2025-07-04,
MEM-08433,WIZ-11542,GLD-09,apprentice,2023-11-24,
MEM-08434,WIZ-11543,GLD-10,apprentice,2025-07-05,2026-01-23
MEM-08435,WIZ-11543,GLD-10,adept,2026-01-23,
MEM-08436,WIZ-11544,GLD-05,adept,2026-02-06,
MEM-08437,WIZ-11545,GLD-11,apprentice,2026-05-27,
MEM-08438,WIZ-11546,GLD-07,ARCHMAGE,2026-06-14,
MEM-08439,WIZ-11547,GLD-06,APPRENTICE,2026-02-25,
MEM-08440,WIZ-11549,GLD-01,apprentice,2026-02-09,
MEM-08441,WIZ-11550,GLD-10,ADEPT,2025-09-01,
MEM-08442,WIZ-11552,GLD-02,apprentice,2023-12-16,
MEM-08443,WIZ-11553,GLD-05,apprentice,2026-05-20,
MEM-08444,WIZ-11556,GLD-05,Adept,2026-06-22,
MEM-08445,WIZ-11560,GLD-07,apprentice,2026-06-06,
MEM-08446,WIZ-11562,GLD-11,Apprentice,2026-05-11,
MEM-08447,WIZ-11563,GLD-03,apprentice,2026-01-21,
MEM-08448,WIZ-11564,GLD-07,apprentice,2023-03-03,
MEM-08449,WIZ-11565,GLD-05,adept,2025-03-01,2025-11-10
MEM-08450,WIZ-11565,GLD-05,archmage,2025-11-10,
MEM-08451,WIZ-11566,GLD-01,Apprentice,2026-01-16,
MEM-08452,WIZ-11567,GLD-04,apprentice,2025-11-06,
MEM-08453,WIZ-11570,GLD-10,APPRENTICE,2024-06-25,
MEM-08454,WIZ-11571,GLD-06,APPRENTICE,2026-06-07,
MEM-08455,WIZ-11572,GLD-01,archmage,2026-05-31,
MEM-08456,WIZ-11573,GLD-02,apprentice,2026-04-06,
MEM-08457,WIZ-11574,GLD-04,ADEPT,2025-08-15,
MEM-08458,WIZ-11575,GLD-06,archmage,2024-03-11,
MEM-08459,WIZ-11576,GLD-09,Apprentice,2024-08-24,
MEM-08460,WIZ-11577,GLD-12,adept,2025-11-14,2026-03-27
MEM-08461,WIZ-11577,GLD-12,archmage,2026-03-27,
MEM-08462,WIZ-11578,GLD-04,apprentice,2024-01-28,
MEM-08463,WIZ-11579,GLD-09,Archmage,2025-02-25,
MEM-08464,WIZ-11580,GLD-08,apprentice,2025-04-01,
MEM-08465,WIZ-11582,GLD-09,Apprentice,2024-11-04,
MEM-08466,WIZ-11585,GLD-04,apprentice,2024-10-04,
MEM-08467,WIZ-11588,GLD-08,adept,2026-05-23,
MEM-08468,WIZ-11589,GLD-05,apprentice,2024-11-01,
MEM-08469,WIZ-11591,GLD-05,APPRENTICE,2026-05-29,
MEM-08470,WIZ-11592,GLD-04,apprentice,2024-09-11,
MEM-08471,WIZ-11593,GLD-10,adept,2025-01-01,
MEM-08472,WIZ-11594,GLD-03,adept,2026-06-14,
MEM-08473,WIZ-11595,GLD-05,apprentice,2025-07-04,
MEM-08474,WIZ-11596,GLD-04,adept,2025-12-22,
MEM-08475,WIZ-11597,GLD-07,apprentice,2026-03-27,
MEM-08476,WIZ-11598,GLD-02,apprentice,2024-11-24,2025-08-23
MEM-08477,WIZ-11598,GLD-02,adept,2025-08-23,
MEM-08478,WIZ-11599,GLD-04,apprentice,2024-11-20,
MEM-08479,WIZ-11600,GLD-09,apprentice,2024-10-25,2025-04-06
MEM-08480,WIZ-11600,GLD-09,adept,2025-04-06,
MEM-08481,WIZ-11601,GLD-08,apprentice,2025-12-16,
MEM-08482,WIZ-11602,GLD-05,Adept,2023-07-30,
MEM-08483,WIZ-11605,GLD-08,apprentice,2024-04-22,
MEM-08484,WIZ-11607,GLD-07,apprentice,2026-05-24,
MEM-08485,WIZ-11608,GLD-01,apprentice,2024-02-09,
MEM-08486,WIZ-11610,GLD-08,apprentice,2026-03-26,
MEM-08487,WIZ-11611,GLD-08,Apprentice,2025-07-08,
MEM-08488,WIZ-11612,GLD-01,adept,2025-07-28,
MEM-08489,WIZ-11614,GLD-07,Adept,2025-12-30,2026-02-18
MEM-08490,WIZ-11614,GLD-07,ARCHMAGE,2026-02-18,
MEM-08491,WIZ-11615,GLD-01,Apprentice,2025-09-13,2026-05-27
MEM-08492,WIZ-11615,GLD-01,Adept,2026-05-27,
MEM-08493,WIZ-11616,GLD-03,apprentice,2025-01-10,
MEM-08494,WIZ-11617,GLD-03,APPRENTICE,2026-05-13,
MEM-08495,WIZ-11620,GLD-08,apprentice,2023-10-24,
MEM-08496,WIZ-11624,GLD-09,apprentice,2025-10-25,
MEM-08497,WIZ-11625,GLD-07,archmage,2025-04-09,
MEM-08498,WIZ-11627,GLD-12,Adept,2026-05-16,
MEM-08499,WIZ-11628,GLD-08,adept,2025-07-18,
MEM-08500,WIZ-11629,GLD-11,archmage,2025-05-20,
MEM-08501,WIZ-11632,GLD-12,Apprentice,2024-11-06,
MEM-08502,WIZ-11633,GLD-07,apprentice,2023-04-07,
MEM-08503,WIZ-11637,GLD-09,apprentice,2025-05-23,
MEM-08504,WIZ-11638,GLD-11,Adept,2024-03-15,
MEM-08505,WIZ-11640,GLD-01,adept,2025-06-23,
MEM-08506,WIZ-11641,GLD-05,archmage,2024-09-20,
MEM-08507,WIZ-11642,GLD-10,apprentice,2025-05-30,
MEM-08508,WIZ-11643,GLD-09,Archmage,2025-08-22,
MEM-08509,WIZ-11644,GLD-06,Apprentice,2026-05-28,
MEM-08510,WIZ-11645,GLD-07,apprentice,2023-12-23,
MEM-08511,WIZ-11646,GLD-12,Apprentice,2024-03-11,
MEM-08512,WIZ-11647,GLD-09,apprentice,2026-04-13,
MEM-08513,WIZ-11648,GLD-04,adept,2024-09-21,
MEM-08514,WIZ-11649,GLD-06,adept,2026-06-23,
MEM-08515,WIZ-11650,GLD-11,ADEPT,2025-06-19,
MEM-08516,WIZ-11651,GLD-07,apprentice,2025-02-13,
MEM-08517,WIZ-11653,GLD-10,apprentice,2025-04-21,
MEM-08518,WIZ-11654,GLD-07,adept,2026-05-01,
MEM-08519,WIZ-11655,GLD-06,adept,2024-10-14,
MEM-08520,WIZ-11656,GLD-09,apprentice,2025-12-08,
MEM-08521,WIZ-11657,GLD-06,apprentice,2025-06-06,
MEM-08522,WIZ-11658,GLD-04,archmage,2026-02-25,
MEM-08523,WIZ-11659,GLD-12,apprentice,2026-06-24,
MEM-08524,WIZ-11661,GLD-10,adept,2025-04-08,
MEM-08525,WIZ-11663,GLD-09,apprentice,2024-10-25,
MEM-08526,WIZ-11664,GLD-02,Apprentice,2024-08-28,
MEM-08527,WIZ-11666,GLD-04,adept,2025-12-02,
MEM-08528,WIZ-11667,GLD-03,adept,2024-10-08,
MEM-08529,WIZ-11669,GLD-09,adept,2023-12-26,
MEM-08530,WIZ-11671,GLD-06,Adept,2026-03-06,
MEM-08531,WIZ-11672,GLD-08,Apprentice,2026-06-29,
MEM-08532,WIZ-11675,GLD-04,adept,2026-05-11,
MEM-08533,WIZ-11676,GLD-07,archmage,2024-12-22,
MEM-08534,WIZ-11677,GLD-10,apprentice,2025-12-09,
MEM-08535,WIZ-11678,GLD-12,Adept,2025-03-09,
MEM-08536,WIZ-11679,GLD-01,apprentice,2023-10-13,
MEM-08537,WIZ-11680,GLD-07,apprentice,2026-05-06,
MEM-08538,WIZ-11681,GLD-08,APPRENTICE,2026-06-14,
MEM-08539,WIZ-11682,GLD-08,adept,2023-11-19,
MEM-08540,WIZ-11685,GLD-01,Adept,2026-04-26,
MEM-08541,WIZ-11686,GLD-10,apprentice,2024-07-11,
MEM-08542,WIZ-11687,GLD-08,apprentice,2024-01-21,
MEM-08543,WIZ-11689,GLD-09,adept,2024-12-01,
MEM-08544,WIZ-11690,GLD-04,Apprentice,2023-08-13,
MEM-08545,WIZ-11692,GLD-04,APPRENTICE,2024-01-05,
MEM-08546,WIZ-11694,GLD-02,apprentice,2026-06-29,
MEM-08547,WIZ-11695,GLD-07,apprentice,2025-11-25,2026-06-12
MEM-08548,WIZ-11695,GLD-07,adept,2026-06-12,
MEM-08549,WIZ-11698,GLD-05,apprentice,2026-05-26,
MEM-08550,WIZ-11699,GLD-09,adept,2026-01-10,
MEM-08551,WIZ-11700,GLD-05,apprentice,2024-11-02,
MEM-08552,WIZ-11701,GLD-01,adept,2023-10-24,
MEM-08553,WIZ-11702,GLD-09,apprentice,2025-07-19,
MEM-08554,WIZ-11704,GLD-12,apprentice,2026-02-25,
MEM-08555,WIZ-11705,GLD-09,ADEPT,2023-04-05,2024-09-14
MEM-08556,WIZ-11705,GLD-09,ARCHMAGE,2024-09-14,
MEM-08557,WIZ-11706,GLD-12,Apprentice,2023-09-29,
MEM-08558,WIZ-11707,GLD-03,Apprentice,2026-01-08,
MEM-08559,WIZ-11709,GLD-10,adept,2025-07-08,
MEM-08560,WIZ-11711,GLD-05,Adept,2026-04-19,
MEM-08561,WIZ-11713,GLD-09,apprentice,2024-04-13,
MEM-08562,WIZ-11714,GLD-10,apprentice,2026-03-09,2026-05-01
MEM-08563,WIZ-11714,GLD-10,ADEPT,2026-05-01,
MEM-08564,WIZ-11716,GLD-12,archmage,2023-11-25,
MEM-08565,WIZ-11719,GLD-09,apprentice,2023-06-21,
MEM-08566,WIZ-11720,GLD-05,apprentice,2024-07-13,
MEM-08567,WIZ-11721,GLD-09,archmage,2026-03-05,
MEM-08568,WIZ-11722,GLD-09,adept,2025-09-06,
MEM-08569,WIZ-11723,GLD-09,archmage,2024-12-24,
MEM-08570,WIZ-11724,GLD-02,ADEPT,2025-05-13,
MEM-08571,WIZ-11725,GLD-02,adept,2025-02-11,
MEM-08572,WIZ-11727,GLD-06,Apprentice,2024-06-07,
MEM-08573,WIZ-11728,GLD-02,Apprentice,2026-02-13,
MEM-08574,WIZ-11729,GLD-06,apprentice,2024-05-31,
MEM-08575,WIZ-11730,GLD-05,adept,2025-05-29,
MEM-08576,WIZ-11731,GLD-07,Adept,2024-08-24,
MEM-08577,WIZ-11733,GLD-08,adept,2025-03-23,2026-01-07
MEM-08578,WIZ-11733,GLD-08,Archmage,2026-01-07,
MEM-08579,WIZ-11734,GLD-11,apprentice,2026-06-15,
MEM-08580,WIZ-11736,GLD-05,APPRENTICE,2026-06-22,
MEM-08581,WIZ-11738,GLD-07,adept,2024-05-17,
MEM-08582,WIZ-11740,GLD-02,apprentice,2025-08-08,
MEM-08583,WIZ-11741,GLD-06,Apprentice,2026-06-02,
MEM-08584,WIZ-11742,GLD-07,apprentice,2025-09-20,
MEM-08585,WIZ-11744,GLD-02,Apprentice,2026-02-11,2026-04-18
MEM-08586,WIZ-11744,GLD-02,adept,2026-04-18,
MEM-08587,WIZ-11745,GLD-12,adept,2026-05-22,
MEM-08588,WIZ-11746,GLD-07,apprentice,2026-01-09,
MEM-08589,WIZ-11747,GLD-06,adept,2024-03-31,2024-07-22
MEM-08590,WIZ-11747,GLD-06,Archmage,2024-07-22,
MEM-08591,WIZ-11748,GLD-12,adept,2023-10-25,
MEM-08592,WIZ-11749,GLD-03,archmage,2025-07-22,
MEM-08593,WIZ-11750,GLD-06,apprentice,2024-09-20,2026-05-05
MEM-08594,WIZ-11750,GLD-06,adept,2026-05-05,
MEM-08595,WIZ-11751,GLD-12,adept,2026-04-23,2026-06-25
MEM-08596,WIZ-11751,GLD-12,archmage,2026-06-25,
MEM-08597,WIZ-11752,GLD-07,apprentice,2026-05-29,
MEM-08598,WIZ-11753,GLD-12,Apprentice,2026-05-20,
MEM-08599,WIZ-11754,GLD-10,adept,2023-12-06,
MEM-08600,WIZ-11755,GLD-08,apprentice,2026-06-17,
MEM-08601,WIZ-11756,GLD-11,apprentice,2025-07-21,
MEM-08602,WIZ-11757,GLD-09,apprentice,2024-03-20,2026-01-06
MEM-08603,WIZ-11757,GLD-09,adept,2026-01-06,
MEM-08604,WIZ-11758,GLD-04,APPRENTICE,2024-09-04,2024-12-06
MEM-08605,WIZ-11758,GLD-04,ADEPT,2024-12-06,
MEM-08606,WIZ-11761,GLD-02,APPRENTICE,2026-01-04,
MEM-08607,WIZ-11762,GLD-04,apprentice,2023-06-22,
MEM-08608,WIZ-11763,GLD-05,apprentice,2026-01-06,2026-06-19
MEM-08609,WIZ-11763,GLD-05,adept,2026-06-19,
MEM-08610,WIZ-11765,GLD-06,apprentice,2025-02-13,
MEM-08611,WIZ-11766,GLD-02,apprentice,2026-02-19,
MEM-08612,WIZ-11769,GLD-12,apprentice,2024-02-01,
MEM-08613,WIZ-11772,GLD-10,Apprentice,2025-03-19,
MEM-08614,WIZ-11773,GLD-07,apprentice,2026-03-26,
MEM-08615,WIZ-11775,GLD-04,Apprentice,2024-08-06,
MEM-08616,WIZ-11776,GLD-12,adept,2026-04-09,2026-06-07
MEM-08617,WIZ-11776,GLD-12,ARCHMAGE,2026-06-07,
MEM-08618,WIZ-11778,GLD-01,adept,2025-01-11,
MEM-08619,WIZ-11779,GLD-03,APPRENTICE,2025-04-05,
MEM-08620,WIZ-11780,GLD-10,apprentice,2025-04-14,
MEM-08621,WIZ-11781,GLD-08,Apprentice,2026-02-14,
MEM-08622,WIZ-11783,GLD-01,apprentice,2024-09-23,
MEM-08623,WIZ-11784,GLD-07,apprentice,2024-11-24,
MEM-08624,WIZ-11785,GLD-03,Apprentice,2025-03-15,
MEM-08625,WIZ-11788,GLD-03,apprentice,2025-07-25,
MEM-08626,WIZ-11789,GLD-08,apprentice,2026-04-27,
MEM-08627,WIZ-11791,GLD-07,Apprentice,2026-02-16,
MEM-08628,WIZ-11796,GLD-02,adept,2026-06-07,
MEM-08629,WIZ-11802,GLD-01,archmage,2024-10-20,
MEM-08630,WIZ-11804,GLD-09,ADEPT,2026-05-16,
MEM-08631,WIZ-11805,GLD-06,apprentice,2025-12-28,
MEM-08632,WIZ-11807,GLD-09,ADEPT,2025-07-15,2026-06-18
MEM-08633,WIZ-11807,GLD-09,ARCHMAGE,2026-06-18,
MEM-08634,WIZ-11808,GLD-02,ADEPT,2024-03-30,
MEM-08635,WIZ-11810,GLD-04,Apprentice,2025-03-14,
MEM-08636,WIZ-11811,GLD-07,adept,2023-07-21,
MEM-08637,WIZ-11813,GLD-05,ADEPT,2026-01-24,
MEM-08638,WIZ-11814,GLD-06,APPRENTICE,2026-03-26,
MEM-08639,WIZ-11816,GLD-06,ADEPT,2025-11-14,
MEM-08640,WIZ-11817,GLD-12,apprentice,2024-09-19,
MEM-08641,WIZ-11819,GLD-09,apprentice,2023-10-03,
MEM-08642,WIZ-11820,GLD-10,adept,2025-05-17,
MEM-08643,WIZ-11822,GLD-06,apprentice,2025-10-03,
MEM-08644,WIZ-11825,GLD-03,apprentice,2025-01-02,2026-05-10
MEM-08645,WIZ-11825,GLD-03,adept,2026-05-10,
MEM-08646,WIZ-11826,GLD-10,archmage,2024-05-27,
MEM-08647,WIZ-11827,GLD-02,apprentice,2024-03-29,
MEM-08648,WIZ-11828,GLD-02,adept,2025-09-25,
MEM-08649,WIZ-11829,GLD-04,apprentice,2026-06-23,
MEM-08650,WIZ-11832,GLD-12,apprentice,2025-10-08,
MEM-08651,WIZ-11833,GLD-04,apprentice,2025-02-27,2026-04-28
MEM-08652,WIZ-11833,GLD-04,adept,2026-04-28,
MEM-08653,WIZ-11834,GLD-05,Adept,2026-06-21,
MEM-08654,WIZ-11836,GLD-03,adept,2026-02-23,
MEM-08655,WIZ-11837,GLD-03,Adept,2025-01-05,
MEM-08656,WIZ-11838,GLD-07,apprentice,2023-12-23,
MEM-08657,WIZ-11840,GLD-12,apprentice,2026-06-26,
MEM-08658,WIZ-11841,GLD-02,apprentice,2023-12-04,
MEM-08659,WIZ-11842,GLD-04,apprentice,2025-08-10,
MEM-08660,WIZ-11843,GLD-11,adept,2024-11-12,
MEM-08661,WIZ-11845,GLD-11,archmage,2026-02-20,
MEM-08662,WIZ-11846,GLD-10,adept,2026-05-23,
MEM-08663,WIZ-11848,GLD-02,adept,2023-12-18,
MEM-08664,WIZ-11850,GLD-08,apprentice,2026-06-16,
MEM-08665,WIZ-11851,GLD-03,apprentice,2025-03-02,
MEM-08666,WIZ-11852,GLD-04,apprentice,2026-01-17,
MEM-08667,WIZ-11853,GLD-04,adept,2026-03-31,
MEM-08668,WIZ-11854,GLD-05,adept,2024-03-02,
MEM-08669,WIZ-11856,GLD-11,Apprentice,2023-11-29,
MEM-08670,WIZ-11862,GLD-12,archmage,2026-05-31,
MEM-08671,WIZ-11864,GLD-12,Adept,2025-06-15,
MEM-08672,WIZ-11866,GLD-04,Apprentice,2025-10-30,
MEM-08673,WIZ-11867,GLD-06,apprentice,2026-06-09,
MEM-08674,WIZ-11869,GLD-11,apprentice,2024-01-09,
MEM-08675,WIZ-11871,GLD-12,adept,2026-03-11,2026-05-19
MEM-08676,WIZ-11871,GLD-12,archmage,2026-05-19,
MEM-08677,WIZ-11872,GLD-03,apprentice,2024-06-22,
MEM-08678,WIZ-11873,GLD-05,archmage,2024-01-02,
MEM-08679,WIZ-11876,GLD-01,apprentice,2025-10-02,
MEM-08680,WIZ-11878,GLD-12,apprentice,2026-01-20,2026-05-16
MEM-08681,WIZ-11878,GLD-12,adept,2026-05-16,
MEM-08682,WIZ-11879,GLD-03,Archmage,2025-06-07,
MEM-08683,WIZ-11880,GLD-07,apprentice,2026-04-25,
MEM-08684,WIZ-11881,GLD-11,adept,2024-12-31,2025-07-27
MEM-08685,WIZ-11881,GLD-11,archmage,2025-07-27,
MEM-08686,WIZ-11883,GLD-05,apprentice,2025-11-20,2026-03-25
MEM-08687,WIZ-11883,GLD-05,adept,2026-03-25,
MEM-08688,WIZ-11885,GLD-02,apprentice,2025-12-16,
MEM-08689,WIZ-11886,GLD-06,adept,2025-12-31,
MEM-08690,WIZ-11889,GLD-09,apprentice,2026-05-30,
MEM-08691,WIZ-11891,GLD-08,Adept,2024-01-19,
MEM-08692,WIZ-11892,GLD-02,adept,2025-10-28,
MEM-08693,WIZ-11893,GLD-04,adept,2026-06-27,
MEM-08694,WIZ-11898,GLD-04,adept,2023-05-14,
MEM-08695,WIZ-11899,GLD-02,Apprentice,2026-04-22,
MEM-08696,WIZ-11900,GLD-03,apprentice,2025-03-31,
MEM-08697,WIZ-11901,GLD-01,adept,2023-09-29,
MEM-08698,WIZ-11902,GLD-07,Apprentice,2026-01-23,2026-05-07
MEM-08699,WIZ-11902,GLD-07,adept,2026-05-07,
MEM-08700,WIZ-11903,GLD-11,apprentice,2025-07-24,
MEM-08701,WIZ-11906,GLD-07,adept,2026-04-27,
MEM-08702,WIZ-11908,GLD-01,adept,2026-03-19,
MEM-08703,WIZ-11909,GLD-05,apprentice,2025-01-29,
MEM-08704,WIZ-11910,GLD-06,apprentice,2025-10-10,
MEM-08705,WIZ-11912,GLD-11,apprentice,2025-05-28,
MEM-08706,WIZ-11914,GLD-11,archmage,2025-02-21,
MEM-08707,WIZ-11916,GLD-02,adept,2024-11-22,
MEM-08708,WIZ-11917,GLD-03,adept,2025-11-17,
MEM-08709,WIZ-11918,GLD-12,adept,2025-10-17,
MEM-08710,WIZ-11919,GLD-01,apprentice,2024-12-16,
MEM-08711,WIZ-11920,GLD-03,apprentice,2024-06-30,
MEM-08712,WIZ-11921,GLD-06,archmage,2025-01-13,
MEM-08713,WIZ-11924,GLD-04,APPRENTICE,2026-01-12,
MEM-08714,WIZ-11925,GLD-06,adept,2025-01-02,
MEM-08715,WIZ-11926,GLD-05,Apprentice,2024-12-20,
MEM-08716,WIZ-11927,GLD-04,apprentice,2025-08-31,
MEM-08717,WIZ-11929,GLD-08,apprentice,2024-02-07,
MEM-08718,WIZ-11931,GLD-01,adept,2025-09-15,
MEM-08719,WIZ-11933,GLD-12,Adept,2026-06-02,
MEM-08720,WIZ-11934,GLD-01,Adept,2025-08-19,
MEM-08721,WIZ-11935,GLD-07,ADEPT,2023-12-12,
MEM-08722,WIZ-11937,GLD-08,apprentice,2026-01-12,2026-03-20
MEM-08723,WIZ-11937,GLD-08,Adept,2026-03-20,
MEM-08724,WIZ-11938,GLD-08,apprentice,2023-05-15,
MEM-08725,WIZ-11940,GLD-02,apprentice,2024-04-05,
MEM-08726,WIZ-11942,GLD-11,apprentice,2025-02-26,
MEM-08727,WIZ-11944,GLD-08,Apprentice,2024-10-20,
MEM-08728,WIZ-11946,GLD-08,APPRENTICE,2023-04-22,2024-08-12
MEM-08729,WIZ-11946,GLD-08,Adept,2024-08-12,
MEM-08730,WIZ-11947,GLD-06,apprentice,2024-12-09,
MEM-08731,WIZ-11948,GLD-09,apprentice,2025-02-17,
MEM-08732,WIZ-11949,GLD-06,Apprentice,2025-01-02,
MEM-08733,WIZ-11950,GLD-10,archmage,2024-06-16,
MEM-08734,WIZ-11953,GLD-04,apprentice,2026-01-23,
MEM-08735,WIZ-11955,GLD-08,apprentice,2024-12-31,2026-02-24
MEM-08736,WIZ-11955,GLD-08,adept,2026-02-24,
MEM-08737,WIZ-11956,GLD-08,adept,2024-11-30,
MEM-08738,WIZ-11957,GLD-04,Apprentice,2024-12-06,2025-01-15
MEM-08739,WIZ-11957,GLD-04,Adept,2025-01-15,
MEM-08740,WIZ-11958,GLD-05,Archmage,2026-06-28,
MEM-08741,WIZ-11959,GLD-02,adept,2026-04-30,
MEM-08742,WIZ-11962,GLD-09,apprentice,2025-11-18,
MEM-08743,WIZ-11963,GLD-08,apprentice,2026-05-23,
MEM-08744,WIZ-11964,GLD-03,adept,2024-07-09,
MEM-08745,WIZ-11965,GLD-03,Apprentice,2025-11-24,
MEM-08746,WIZ-11969,GLD-09,apprentice,2025-01-16,
MEM-08747,WIZ-11970,GLD-03,apprentice,2024-01-06,
MEM-08748,WIZ-11971,GLD-09,adept,2025-03-21,
MEM-08749,WIZ-11972,GLD-10,apprentice,2026-03-02,
MEM-08750,WIZ-11974,GLD-01,adept,2026-04-18,
MEM-08751,WIZ-11975,GLD-04,adept,2025-09-08,2026-06-06
MEM-08752,WIZ-11975,GLD-04,archmage,2026-06-06,
MEM-08753,WIZ-11978,GLD-02,apprentice,2026-05-02,
MEM-08754,WIZ-11979,GLD-06,adept,2025-11-26,
MEM-08755,WIZ-11981,GLD-10,Archmage,2024-07-05,
MEM-08756,WIZ-11982,GLD-10,Apprentice,2026-04-26,
MEM-08757,WIZ-11983,GLD-01,adept,2025-07-02,
MEM-08758,WIZ-11984,GLD-03,apprentice,2025-02-19,2025-04-07
MEM-08759,WIZ-11984,GLD-03,adept,2025-04-07,
MEM-08760,WIZ-11985,GLD-02,adept,2025-07-03,
MEM-08761,WIZ-11986,GLD-12,APPRENTICE,2024-05-14,
MEM-08762,WIZ-11987,GLD-07,adept,2023-08-16,
MEM-08763,WIZ-11988,GLD-09,APPRENTICE,2026-06-24,
MEM-08764,WIZ-11990,GLD-12,apprentice,2024-08-07,
MEM-08765,WIZ-11991,GLD-07,Apprentice,2026-06-30,
MEM-08766,WIZ-11992,GLD-08,adept,2025-05-25,
MEM-08767,WIZ-11995,GLD-01,apprentice,2026-06-20,
MEM-08768,WIZ-11996,GLD-06,apprentice,2023-12-08,
MEM-08769,WIZ-11997,GLD-01,apprentice,2024-06-20,
MEM-08770,WIZ-11998,GLD-02,archmage,2025-10-14,
MEM-08771,WIZ-12000,GLD-07,apprentice,2026-04-01,2026-06-16
MEM-08772,WIZ-12000,GLD-07,ADEPT,2026-06-16,
MEM-08773,WIZ-12001,GLD-12,archmage,2026-06-27,
MEM-08774,WIZ-12002,GLD-10,apprentice,2026-05-06,
MEM-08775,WIZ-12004,GLD-09,adept,2025-11-05,
MEM-08776,WIZ-12007,GLD-03,Apprentice,2024-06-01,
MEM-08777,WIZ-12009,GLD-09,Apprentice,2026-03-22,2026-05-09
MEM-08778,WIZ-12009,GLD-09,Adept,2026-05-09,
MEM-08779,WIZ-12010,GLD-02,APPRENTICE,2025-02-27,
MEM-08780,WIZ-12011,GLD-10,apprentice,2025-10-22,2026-04-04
MEM-08781,WIZ-12011,GLD-10,adept,2026-04-04,
MEM-08782,WIZ-12012,GLD-06,APPRENTICE,2023-07-21,2025-05-15
MEM-08783,WIZ-12012,GLD-06,adept,2025-05-15,
MEM-08784,WIZ-12014,GLD-05,apprentice,2024-05-23,
MEM-08785,WIZ-12015,GLD-01,apprentice,2025-05-07,
MEM-08786,WIZ-12016,GLD-11,Apprentice,2024-12-18,2025-09-28
MEM-08787,WIZ-12016,GLD-11,ADEPT,2025-09-28,
MEM-08788,WIZ-12017,GLD-10,adept,2023-11-22,
MEM-08789,WIZ-12019,GLD-04,apprentice,2025-10-09,
MEM-08790,WIZ-12020,GLD-02,archmage,2025-07-14,
MEM-08791,WIZ-12021,GLD-09,apprentice,2023-10-19,
MEM-08792,WIZ-12022,GLD-06,apprentice,2025-11-14,2026-01-30
MEM-08793,WIZ-12022,GLD-06,Adept,2026-01-30,
MEM-08794,WIZ-12024,GLD-09,Adept,2025-05-09,
MEM-08795,WIZ-12025,GLD-03,Adept,2023-07-27,
MEM-08796,WIZ-12027,GLD-12,apprentice,2026-06-20,
MEM-08797,WIZ-12030,GLD-08,ADEPT,2024-09-17,
MEM-08798,WIZ-12031,GLD-10,adept,2025-01-04,
MEM-08799,WIZ-12032,GLD-02,adept,2026-02-26,
MEM-08800,WIZ-12033,GLD-01,adept,2024-08-20,2026-04-26
MEM-08801,WIZ-12033,GLD-01,Archmage,2026-04-26,
MEM-08802,WIZ-12035,GLD-10,APPRENTICE,2024-11-04,2025-04-03
MEM-08803,WIZ-12035,GLD-10,Adept,2025-04-03,
MEM-08804,WIZ-12036,GLD-01,apprentice,2023-08-14,
MEM-08805,WIZ-12037,GLD-04,apprentice,2025-05-16,2026-06-17
MEM-08806,WIZ-12037,GLD-04,adept,2026-06-17,
MEM-08807,WIZ-12038,GLD-06,adept,2023-06-02,
MEM-08808,WIZ-12039,GLD-10,adept,2026-03-20,
MEM-08809,WIZ-12040,GLD-12,archmage,2026-05-31,
MEM-08810,WIZ-12041,GLD-12,apprentice,2026-05-07,
MEM-08811,WIZ-12042,GLD-10,ADEPT,2024-06-23,
MEM-08812,WIZ-12043,GLD-11,Apprentice,2023-08-08,
MEM-08813,WIZ-12045,GLD-06,Archmage,2025-04-03,
MEM-08814,WIZ-12046,GLD-09,Adept,2025-09-18,
MEM-08815,WIZ-12047,GLD-09,apprentice,2024-08-29,
MEM-08816,WIZ-12048,GLD-11,apprentice,2025-11-14,
MEM-08817,WIZ-12049,GLD-11,adept,2023-01-24,
MEM-08818,WIZ-12050,GLD-07,Archmage,2024-07-07,
MEM-08819,WIZ-12051,GLD-03,adept,2026-01-13,
MEM-08820,WIZ-12053,GLD-01,archmage,2024-07-18,
MEM-08821,WIZ-12055,GLD-04,apprentice,2026-05-19,
MEM-08822,WIZ-12057,GLD-05,apprentice,2023-10-31,2024-08-19
MEM-08823,WIZ-12057,GLD-05,adept,2024-08-19,
MEM-08824,WIZ-12058,GLD-02,Apprentice,2025-11-25,2026-02-09
MEM-08825,WIZ-12058,GLD-02,adept,2026-02-09,
MEM-08826,WIZ-12059,GLD-12,apprentice,2025-12-13,
MEM-08827,WIZ-12061,GLD-11,adept,2026-03-05,
MEM-08828,WIZ-12062,GLD-05,apprentice,2023-09-29,
MEM-08829,WIZ-12063,GLD-10,apprentice,2026-06-14,
MEM-08830,WIZ-12065,GLD-09,apprentice,2024-06-18,
MEM-08831,WIZ-12066,GLD-05,apprentice,2026-05-16,
MEM-08832,WIZ-12067,GLD-01,apprentice,2026-03-26,
MEM-08833,WIZ-12069,GLD-02,adept,2026-06-15,
MEM-08834,WIZ-12070,GLD-11,apprentice,2026-05-15,
MEM-08835,WIZ-12071,GLD-08,apprentice,2024-05-16,
MEM-08836,WIZ-12073,GLD-10,ADEPT,2025-07-12,
MEM-08837,WIZ-12074,GLD-01,APPRENTICE,2026-02-16,
MEM-08838,WIZ-12075,GLD-07,ARCHMAGE,2025-11-20,
MEM-08839,WIZ-12076,GLD-09,Adept,2024-07-31,
MEM-08840,WIZ-12077,GLD-07,adept,2025-08-12,
MEM-08841,WIZ-12078,GLD-08,apprentice,2026-03-17,
MEM-08842,WIZ-12080,GLD-01,apprentice,2024-08-03,
MEM-08843,WIZ-12081,GLD-05,Adept,2025-04-11,
MEM-08844,WIZ-12082,GLD-03,apprentice,2024-12-15,
MEM-08845,WIZ-12085,GLD-03,apprentice,2024-12-13,
MEM-08846,WIZ-12086,GLD-12,Apprentice,2026-06-08,
MEM-08847,WIZ-12088,GLD-01,Apprentice,2024-08-27,
MEM-08848,WIZ-12089,GLD-05,apprentice,2025-04-07,2026-03-24
MEM-08849,WIZ-12089,GLD-05,adept,2026-03-24,
MEM-08850,WIZ-12091,GLD-10,apprentice,2023-12-31,2024-06-19
MEM-08851,WIZ-12091,GLD-10,adept,2024-06-19,
MEM-08852,WIZ-12092,GLD-06,apprentice,2024-03-31,
MEM-08853,WIZ-12093,GLD-04,apprentice,2025-08-19,
MEM-08854,WIZ-12094,GLD-01,APPRENTICE,2024-05-14,
MEM-08855,WIZ-12096,GLD-10,adept,2026-04-01,
MEM-08856,WIZ-12098,GLD-01,ADEPT,2024-01-28,
MEM-08857,WIZ-12101,GLD-03,Apprentice,2025-01-17,
MEM-08858,WIZ-12102,GLD-02,Apprentice,2025-08-06,
MEM-08859,WIZ-12103,GLD-05,Adept,2024-02-23,
MEM-08860,WIZ-12104,GLD-11,adept,2024-09-25,2025-04-22
MEM-08861,WIZ-12104,GLD-11,Archmage,2025-04-22,
MEM-08862,WIZ-12105,GLD-10,APPRENTICE,2026-02-22,
MEM-08863,WIZ-12107,GLD-10,adept,2025-07-24,
MEM-08864,WIZ-12108,GLD-01,archmage,2024-06-13,
MEM-08865,WIZ-12110,GLD-06,apprentice,2025-10-18,
MEM-08866,WIZ-12111,GLD-08,Apprentice,2026-02-22,
MEM-08867,WIZ-12112,GLD-12,apprentice,2024-04-17,
MEM-08868,WIZ-12115,GLD-09,APPRENTICE,2025-11-27,2026-02-04
MEM-08869,WIZ-12115,GLD-09,adept,2026-02-04,
MEM-08870,WIZ-12117,GLD-04,APPRENTICE,2026-06-16,
MEM-08871,WIZ-12118,GLD-07,apprentice,2026-02-25,
MEM-08872,WIZ-12119,GLD-06,adept,2025-09-14,
MEM-08873,WIZ-12120,GLD-06,apprentice,2024-10-05,
MEM-08874,WIZ-12123,GLD-04,archmage,2025-02-10,
MEM-08875,WIZ-12125,GLD-06,apprentice,2024-10-14,
MEM-08876,WIZ-12128,GLD-10,apprentice,2025-05-08,
MEM-08877,WIZ-12130,GLD-08,archmage,2025-10-01,
MEM-08878,WIZ-12132,GLD-05,adept,2023-08-05,
MEM-08879,WIZ-12133,GLD-07,Adept,2025-10-18,
MEM-08880,WIZ-12135,GLD-12,apprentice,2024-10-13,2025-10-04
MEM-08881,WIZ-12135,GLD-12,Adept,2025-10-04,
MEM-08882,WIZ-12136,GLD-09,apprentice,2026-05-30,
MEM-08883,WIZ-12137,GLD-05,apprentice,2025-09-10,
MEM-08884,WIZ-12138,GLD-10,apprentice,2025-10-27,
MEM-08885,WIZ-12141,GLD-10,Apprentice,2026-06-26,
MEM-08886,WIZ-12144,GLD-03,archmage,2026-04-02,
MEM-08887,WIZ-12145,GLD-12,ADEPT,2023-08-24,
MEM-08888,WIZ-12146,GLD-03,apprentice,2024-11-14,
MEM-08889,WIZ-12147,GLD-12,adept,2024-09-14,
MEM-08890,WIZ-12148,GLD-08,apprentice,2024-02-03,
MEM-08891,WIZ-12149,GLD-04,adept,2025-09-04,2025-11-21
MEM-08892,WIZ-12149,GLD-04,Archmage,2025-11-21,
MEM-08893,WIZ-12151,GLD-02,adept,2026-05-17,
MEM-08894,WIZ-12152,GLD-12,apprentice,2024-10-08,
MEM-08895,WIZ-12153,GLD-03,APPRENTICE,2026-06-10,
MEM-08896,WIZ-12155,GLD-06,apprentice,2026-03-16,
MEM-08897,WIZ-12156,GLD-08,archmage,2025-04-10,
MEM-08898,WIZ-12158,GLD-06,apprentice,2026-06-07,
MEM-08899,WIZ-12159,GLD-10,adept,2024-10-05,
MEM-08900,WIZ-12160,GLD-04,Adept,2024-10-11,
MEM-08901,WIZ-12161,GLD-05,apprentice,2026-01-20,
MEM-08902,WIZ-12162,GLD-01,apprentice,2025-05-03,
MEM-08903,WIZ-12164,GLD-05,apprentice,2024-08-23,
MEM-08904,WIZ-12166,GLD-09,apprentice,2026-06-06,
MEM-08905,WIZ-12170,GLD-11,adept,2023-08-05,
MEM-08906,WIZ-12172,GLD-08,adept,2025-12-07,
MEM-08907,WIZ-12175,GLD-03,archmage,2024-08-05,
MEM-08908,WIZ-12177,GLD-06,Adept,2023-04-27,2023-07-30
MEM-08909,WIZ-12177,GLD-06,archmage,2023-07-30,
MEM-08910,WIZ-12179,GLD-05,apprentice,2026-05-28,
MEM-08911,WIZ-12186,GLD-02,adept,2025-12-22,2026-02-24
MEM-08912,WIZ-12186,GLD-02,Archmage,2026-02-24,
MEM-08913,WIZ-12187,GLD-03,apprentice,2025-06-09,
MEM-08914,WIZ-12190,GLD-06,apprentice,2024-02-21,
MEM-08915,WIZ-12191,GLD-04,archmage,2026-03-02,
MEM-08916,WIZ-12193,GLD-02,archmage,2025-11-07,
MEM-08917,WIZ-12195,GLD-04,APPRENTICE,2025-10-03,
MEM-08918,WIZ-12196,GLD-05,apprentice,2026-05-12,
MEM-08919,WIZ-12197,GLD-08,Apprentice,2025-06-24,
MEM-08920,WIZ-12198,GLD-01,Apprentice,2026-05-22,
MEM-08921,WIZ-12200,GLD-12,apprentice,2025-10-13,
MEM-08922,WIZ-12201,GLD-09,Apprentice,2024-05-03,
MEM-08923,WIZ-12203,GLD-04,apprentice,2023-08-01,
MEM-08924,WIZ-12205,GLD-03,Apprentice,2026-06-21,
MEM-08925,WIZ-12206,GLD-04,APPRENTICE,2025-03-01,
MEM-08926,WIZ-12209,GLD-02,apprentice,2025-11-08,
MEM-08927,WIZ-12211,GLD-02,apprentice,2023-12-13,
MEM-08928,WIZ-12213,GLD-09,archmage,2025-10-25,
MEM-08929,WIZ-12214,GLD-01,archmage,2025-11-28,
MEM-08930,WIZ-12215,GLD-10,adept,2026-02-02,
MEM-08931,WIZ-12216,GLD-07,apprentice,2024-08-15,
MEM-08932,WIZ-12217,GLD-04,adept,2025-02-19,
MEM-08933,WIZ-12218,GLD-07,apprentice,2024-09-10,
MEM-08934,WIZ-12219,GLD-02,apprentice,2025-10-08,
MEM-08935,WIZ-12220,GLD-05,APPRENTICE,2025-05-10,
MEM-08936,WIZ-12221,GLD-03,apprentice,2026-05-26,
MEM-08937,WIZ-12222,GLD-05,adept,2024-10-31,
MEM-08938,WIZ-12223,GLD-06,apprentice,2025-06-08,2026-04-22
MEM-08939,WIZ-12223,GLD-06,adept,2026-04-22,
MEM-08940,WIZ-12224,GLD-12,apprentice,2026-05-11,
MEM-08941,WIZ-12225,GLD-12,ADEPT,2023-10-29,
MEM-08942,WIZ-12226,GLD-09,apprentice,2025-01-27,
MEM-08943,WIZ-12228,GLD-12,apprentice,2026-05-14,
MEM-08944,WIZ-12230,GLD-05,apprentice,2024-12-01,
MEM-08945,WIZ-12231,GLD-07,ADEPT,2025-06-18,
MEM-08946,WIZ-12232,GLD-03,Apprentice,2024-01-23,
MEM-08947,WIZ-12233,GLD-04,apprentice,2024-04-22,
MEM-08948,WIZ-12234,GLD-12,apprentice,2024-10-11,
MEM-08949,WIZ-12235,GLD-09,ADEPT,2026-05-10,
MEM-08950,WIZ-12236,GLD-12,Apprentice,2026-06-23,
MEM-08951,WIZ-12237,GLD-08,ADEPT,2024-01-19,
MEM-08952,WIZ-12238,GLD-12,Apprentice,2026-06-10,
MEM-08953,WIZ-12239,GLD-05,apprentice,2025-07-30,
MEM-08954,WIZ-12240,GLD-06,adept,2025-11-22,
MEM-08955,WIZ-12241,GLD-07,Adept,2026-05-16,
MEM-08956,WIZ-12242,GLD-03,apprentice,2025-10-14,
MEM-08957,WIZ-12243,GLD-12,Apprentice,2024-04-09,
MEM-08958,WIZ-12244,GLD-12,apprentice,2023-03-01,
MEM-08959,WIZ-12245,GLD-06,apprentice,2024-01-19,
MEM-08960,WIZ-12246,GLD-10,adept,2025-07-27,
MEM-08961,WIZ-12247,GLD-07,adept,2024-08-03,
MEM-08962,WIZ-12248,GLD-08,adept,2025-11-01,2025-12-26
MEM-08963,WIZ-12248,GLD-08,archmage,2025-12-26,
MEM-08964,WIZ-12249,GLD-10,apprentice,2023-06-12,
MEM-08965,WIZ-12251,GLD-04,apprentice,2024-01-24,
MEM-08966,WIZ-12252,GLD-10,apprentice,2025-05-30,2025-10-06
MEM-08967,WIZ-12252,GLD-10,adept,2025-10-06,
MEM-08968,WIZ-12253,GLD-12,Archmage,2026-05-27,
MEM-08969,WIZ-12255,GLD-11,archmage,2025-10-28,
MEM-08970,WIZ-12256,GLD-02,apprentice,2025-05-27,
MEM-08971,WIZ-12257,GLD-06,archmage,2024-10-28,
MEM-08972,WIZ-12258,GLD-12,Apprentice,2026-02-16,2026-03-30
MEM-08973,WIZ-12258,GLD-12,Adept,2026-03-30,
MEM-08974,WIZ-12259,GLD-04,adept,2025-03-25,
MEM-08975,WIZ-12260,GLD-11,apprentice,2023-05-27,
MEM-08976,WIZ-12261,GLD-02,apprentice,2024-06-20,2024-09-18
MEM-08977,WIZ-12261,GLD-02,adept,2024-09-18,
MEM-08978,WIZ-12262,GLD-02,apprentice,2026-02-17,
MEM-08979,WIZ-12265,GLD-07,Adept,2024-05-17,
MEM-08980,WIZ-12266,GLD-12,apprentice,2026-05-31,
MEM-08981,WIZ-12267,GLD-04,apprentice,2026-02-14,
MEM-08982,WIZ-12271,GLD-06,Adept,2024-10-21,
MEM-08983,WIZ-12272,GLD-06,Apprentice,2025-01-02,2025-07-12
MEM-08984,WIZ-12272,GLD-06,adept,2025-07-12,
MEM-08985,WIZ-12274,GLD-03,ARCHMAGE,2024-09-25,
MEM-08986,WIZ-12275,GLD-11,Apprentice,2025-02-24,2025-11-29
MEM-08987,WIZ-12275,GLD-11,adept,2025-11-29,
MEM-08988,WIZ-12276,GLD-11,apprentice,2024-10-06,
MEM-08989,WIZ-12277,GLD-06,ADEPT,2026-05-29,
MEM-08990,WIZ-12278,GLD-11,apprentice,2024-09-10,
MEM-08991,WIZ-12280,GLD-06,apprentice,2026-06-12,
MEM-08992,WIZ-12281,GLD-05,adept,2023-06-23,
MEM-08993,WIZ-12282,GLD-04,Adept,2026-05-30,
MEM-08994,WIZ-12284,GLD-03,archmage,2026-06-24,
MEM-08995,WIZ-12285,GLD-06,apprentice,2024-11-24,
MEM-08996,WIZ-12286,GLD-10,adept,2026-01-05,
MEM-08997,WIZ-12290,GLD-03,adept,2025-07-26,
MEM-08998,WIZ-12292,GLD-12,apprentice,2025-06-30,
MEM-08999,WIZ-12293,GLD-02,apprentice,2026-03-19,
MEM-09000,WIZ-12294,GLD-07,adept,2026-06-05,
MEM-09001,WIZ-12295,GLD-01,Apprentice,2026-05-27,
MEM-09002,WIZ-12298,GLD-01,apprentice,2026-06-02,
MEM-09003,WIZ-12300,GLD-12,ADEPT,2023-05-18,
MEM-09004,WIZ-12301,GLD-05,adept,2024-10-10,
MEM-09005,WIZ-12302,GLD-12,apprentice,2024-05-11,
MEM-09006,WIZ-12303,GLD-02,archmage,2026-06-16,
MEM-09007,WIZ-12306,GLD-03,Adept,2025-08-12,2025-09-17
MEM-09008,WIZ-12306,GLD-03,Archmage,2025-09-17,
MEM-09009,WIZ-12307,GLD-05,apprentice,2025-04-20,
MEM-09010,WIZ-12310,GLD-08,apprentice,2024-05-18,
MEM-09011,WIZ-12311,GLD-07,APPRENTICE,2025-04-11,
MEM-09012,WIZ-12312,GLD-06,apprentice,2026-05-01,
MEM-09013,WIZ-12313,GLD-10,Apprentice,2026-05-11,
MEM-09014,WIZ-12314,GLD-05,apprentice,2023-09-13,2024-08-29
MEM-09015,WIZ-12314,GLD-05,adept,2024-08-29,
MEM-09016,WIZ-12315,GLD-05,adept,2023-04-26,
MEM-09017,WIZ-12316,GLD-10,APPRENTICE,2026-04-22,
MEM-09018,WIZ-12317,GLD-12,archmage,2026-04-29,
MEM-09019,WIZ-12318,GLD-01,Adept,2026-03-22,
MEM-09020,WIZ-12319,GLD-04,apprentice,2026-04-29,
MEM-09021,WIZ-12320,GLD-01,Apprentice,2024-06-27,2025-08-20
MEM-09022,WIZ-12320,GLD-01,adept,2025-08-20,
MEM-09023,WIZ-12321,GLD-05,Apprentice,2025-12-26,
MEM-09024,WIZ-12322,GLD-01,Adept,2026-06-27,
MEM-09025,WIZ-12323,GLD-10,apprentice,2025-09-28,
MEM-09026,WIZ-12325,GLD-03,archmage,2026-06-23,
MEM-09027,WIZ-12326,GLD-09,apprentice,2024-11-17,
MEM-09028,WIZ-12327,GLD-05,apprentice,2024-07-15,
MEM-09029,WIZ-12328,GLD-10,apprentice,2025-04-21,
MEM-09030,WIZ-12330,GLD-11,apprentice,2026-05-07,
MEM-09031,WIZ-12334,GLD-01,apprentice,2024-07-29,
MEM-09032,WIZ-12336,GLD-10,Apprentice,2023-03-25,
MEM-09033,WIZ-12337,GLD-09,apprentice,2026-02-11,
MEM-09034,WIZ-12338,GLD-06,adept,2023-12-04,
MEM-09035,WIZ-12339,GLD-11,Apprentice,2023-05-01,
MEM-09036,WIZ-12340,GLD-08,apprentice,2026-06-01,
MEM-09037,WIZ-12341,GLD-04,APPRENTICE,2025-12-21,2026-02-13
MEM-09038,WIZ-12341,GLD-04,adept,2026-02-13,
MEM-09039,WIZ-12342,GLD-10,apprentice,2023-06-08,
MEM-09040,WIZ-12343,GLD-06,Adept,2025-10-10,2025-12-20
MEM-09041,WIZ-12343,GLD-06,archmage,2025-12-20,
MEM-09042,WIZ-12344,GLD-08,apprentice,2025-01-18,2026-04-10
MEM-09043,WIZ-12344,GLD-08,adept,2026-04-10,
MEM-09044,WIZ-12345,GLD-08,apprentice,2026-01-23,
MEM-09045,WIZ-12349,GLD-12,apprentice,2026-05-01,
MEM-09046,WIZ-12351,GLD-02,apprentice,2024-10-08,
MEM-09047,WIZ-12352,GLD-09,APPRENTICE,2024-08-03,
MEM-09048,WIZ-12354,GLD-10,apprentice,2023-02-10,
MEM-09049,WIZ-12356,GLD-11,apprentice,2026-03-04,
MEM-09050,WIZ-12358,GLD-11,adept,2026-06-07,
MEM-09051,WIZ-12360,GLD-02,apprentice,2025-02-02,
MEM-09052,WIZ-12361,GLD-10,APPRENTICE,2024-11-23,
MEM-09053,WIZ-12362,GLD-07,apprentice,2025-09-01,
MEM-09054,WIZ-12365,GLD-10,adept,2025-09-05,
MEM-09055,WIZ-12366,GLD-01,apprentice,2025-12-15,
MEM-09056,WIZ-12368,GLD-07,apprentice,2025-01-01,
MEM-09057,WIZ-12369,GLD-04,adept,2023-12-31,
MEM-09058,WIZ-12370,GLD-01,archmage,2025-12-18,
MEM-09059,WIZ-12372,GLD-11,apprentice,2025-12-26,
MEM-09060,WIZ-12374,GLD-01,apprentice,2024-11-20,
MEM-09061,WIZ-12375,GLD-01,Adept,2025-06-30,
MEM-09062,WIZ-12376,GLD-12,Apprentice,2025-08-16,
MEM-09063,WIZ-12378,GLD-07,apprentice,2024-03-30,
MEM-09064,WIZ-12380,GLD-11,APPRENTICE,2023-09-26,
MEM-09065,WIZ-12381,GLD-04,adept,2024-02-12,
MEM-09066,WIZ-12382,GLD-09,archmage,2026-03-09,
MEM-09067,WIZ-12383,GLD-04,apprentice,2026-05-13,
MEM-09068,WIZ-12385,GLD-02,apprentice,2025-04-13,
MEM-09069,WIZ-12386,GLD-07,Apprentice,2026-01-29,2026-05-23
MEM-09070,WIZ-12386,GLD-07,adept,2026-05-23,
MEM-09071,WIZ-12387,GLD-07,apprentice,2025-09-25,
MEM-09072,WIZ-12391,GLD-01,apprentice,2024-04-04,
MEM-09073,WIZ-12392,GLD-07,apprentice,2025-08-06,
MEM-09074,WIZ-12393,GLD-04,apprentice,2024-10-24,
MEM-09075,WIZ-12394,GLD-09,APPRENTICE,2024-01-15,
MEM-09076,WIZ-12395,GLD-01,Adept,2024-12-02,
MEM-09077,WIZ-12396,GLD-06,APPRENTICE,2024-09-06,
MEM-09078,WIZ-12397,GLD-05,Apprentice,2024-11-24,
MEM-09079,WIZ-12398,GLD-12,apprentice,2024-02-26,
MEM-09080,WIZ-12399,GLD-04,apprentice,2026-02-26,2026-05-18
MEM-09081,WIZ-12399,GLD-04,adept,2026-05-18,
MEM-09082,WIZ-12401,GLD-04,Adept,2025-06-05,
MEM-09083,WIZ-12402,GLD-08,adept,2024-03-19,
MEM-09084,WIZ-12403,GLD-06,Adept,2026-05-04,
MEM-09085,WIZ-12404,GLD-01,APPRENTICE,2024-04-06,
MEM-09086,WIZ-12406,GLD-05,apprentice,2025-02-02,
MEM-09087,WIZ-12407,GLD-02,adept,2026-05-03,
MEM-09088,WIZ-12410,GLD-09,Apprentice,2026-03-07,2026-06-07
MEM-09089,WIZ-12410,GLD-09,adept,2026-06-07,
MEM-09090,WIZ-12411,GLD-02,Adept,2024-12-01,
MEM-09091,WIZ-12413,GLD-02,Adept,2025-08-26,2026-04-27
MEM-09092,WIZ-12413,GLD-02,archmage,2026-04-27,
MEM-09093,WIZ-12414,GLD-06,apprentice,2025-09-24,
MEM-09094,WIZ-12415,GLD-03,apprentice,2024-10-31,
MEM-09095,WIZ-12416,GLD-10,apprentice,2025-04-25,2026-04-06
MEM-09096,WIZ-12416,GLD-10,Adept,2026-04-06,
MEM-09097,WIZ-12417,GLD-08,adept,2024-12-27,2026-06-29
MEM-09098,WIZ-12417,GLD-08,archmage,2026-06-29,
MEM-09099,WIZ-12421,GLD-04,apprentice,2024-03-20,2024-10-17
MEM-09100,WIZ-12421,GLD-04,adept,2024-10-17,
MEM-09101,WIZ-12422,GLD-12,apprentice,2025-05-12,
MEM-09102,WIZ-12423,GLD-03,apprentice,2024-01-03,
MEM-09103,WIZ-12425,GLD-01,apprentice,2026-06-29,
MEM-09104,WIZ-12429,GLD-11,apprentice,2025-01-23,
MEM-09105,WIZ-12430,GLD-12,adept,2026-06-14,
MEM-09106,WIZ-12431,GLD-01,Apprentice,2025-11-14,
MEM-09107,WIZ-12432,GLD-08,apprentice,2025-09-16,
MEM-09108,WIZ-12433,GLD-02,Apprentice,2026-01-17,2026-03-26
MEM-09109,WIZ-12433,GLD-02,adept,2026-03-26,
MEM-09110,WIZ-12434,GLD-11,Apprentice,2025-02-13,2025-04-22
MEM-09111,WIZ-12434,GLD-11,adept,2025-04-22,
MEM-09112,WIZ-12435,GLD-07,apprentice,2026-01-19,
MEM-09113,WIZ-12436,GLD-06,ADEPT,2025-07-27,
MEM-09114,WIZ-12439,GLD-04,APPRENTICE,2023-11-07,
MEM-09115,WIZ-12440,GLD-04,Apprentice,2025-02-06,
MEM-09116,WIZ-12442,GLD-07,apprentice,2026-06-16,
MEM-09117,WIZ-12443,GLD-04,Adept,2025-01-06,
MEM-09118,WIZ-12444,GLD-05,apprentice,2024-01-18,
MEM-09119,WIZ-12445,GLD-06,apprentice,2026-03-26,
MEM-09120,WIZ-12447,GLD-01,adept,2024-06-15,
MEM-09121,WIZ-12448,GLD-05,archmage,2026-05-05,
MEM-09122,WIZ-12450,GLD-05,adept,2023-12-07,
MEM-09123,WIZ-12451,GLD-08,Apprentice,2025-03-22,
MEM-09124,WIZ-12452,GLD-04,Adept,2025-04-13,2026-04-30
MEM-09125,WIZ-12452,GLD-04,archmage,2026-04-30,
MEM-09126,WIZ-12453,GLD-07,apprentice,2024-12-30,
MEM-09127,WIZ-12454,GLD-10,adept,2024-03-29,
MEM-09128,WIZ-12455,GLD-09,adept,2026-05-09,
MEM-09129,WIZ-12456,GLD-12,archmage,2023-05-26,
MEM-09130,WIZ-12457,GLD-01,apprentice,2023-11-03,
MEM-09131,WIZ-12459,GLD-04,apprentice,2026-05-17,
MEM-09132,WIZ-12460,GLD-12,adept,2026-05-03,
MEM-09133,WIZ-12461,GLD-06,apprentice,2026-06-19,
MEM-09134,WIZ-12462,GLD-10,apprentice,2024-11-10,
MEM-09135,WIZ-12465,GLD-08,archmage,2025-11-22,
MEM-09136,WIZ-12467,GLD-08,archmage,2024-02-06,
MEM-09137,WIZ-12472,GLD-11,adept,2026-06-20,
MEM-09138,WIZ-12473,GLD-02,APPRENTICE,2025-11-27,
MEM-09139,WIZ-12476,GLD-01,Apprentice,2023-11-14,
MEM-09140,WIZ-12479,GLD-12,apprentice,2025-08-31,2026-06-01
MEM-09141,WIZ-12479,GLD-12,adept,2026-06-01,
MEM-09142,WIZ-12482,GLD-06,apprentice,2026-06-04,
MEM-09143,WIZ-12483,GLD-05,apprentice,2026-02-23,
MEM-09144,WIZ-12484,GLD-08,apprentice,2024-01-18,
MEM-09145,WIZ-12486,GLD-12,apprentice,2023-12-13,2025-09-05
MEM-09146,WIZ-12486,GLD-12,adept,2025-09-05,
MEM-09147,WIZ-12487,GLD-12,archmage,2026-04-26,
MEM-09148,WIZ-12488,GLD-11,Apprentice,2026-01-23,
MEM-09149,WIZ-12489,GLD-06,apprentice,2024-12-04,
MEM-09150,WIZ-12490,GLD-12,apprentice,2026-01-29,
MEM-09151,WIZ-12491,GLD-07,Apprentice,2025-04-09,
MEM-09152,WIZ-12492,GLD-01,archmage,2025-02-02,
MEM-09153,WIZ-12493,GLD-05,adept,2026-06-05,
MEM-09154,WIZ-12494,GLD-09,Apprentice,2024-06-26,
MEM-09155,WIZ-12495,GLD-12,adept,2026-05-20,
MEM-09156,WIZ-12496,GLD-08,adept,2024-07-29,
MEM-09157,WIZ-12497,GLD-07,adept,2025-04-11,
MEM-09158,WIZ-12499,GLD-09,apprentice,2026-01-20,
MEM-09159,WIZ-12502,GLD-02,Apprentice,2025-06-26,
MEM-09160,WIZ-12503,GLD-12,Apprentice,2025-11-12,
MEM-09161,WIZ-12504,GLD-01,Apprentice,2024-07-07,2026-01-05
MEM-09162,WIZ-12504,GLD-01,ADEPT,2026-01-05,
MEM-09163,WIZ-12505,GLD-02,apprentice,2025-02-07,
MEM-09164,WIZ-12506,GLD-05,adept,2024-11-26,
MEM-09165,WIZ-12507,GLD-01,adept,2026-06-16,
MEM-09166,WIZ-12508,GLD-12,archmage,2025-04-19,
MEM-09167,WIZ-12510,GLD-11,adept,2026-05-14,
MEM-09168,WIZ-12516,GLD-06,apprentice,2023-08-13,
MEM-09169,WIZ-12517,GLD-07,apprentice,2025-06-03,2026-06-30
MEM-09170,WIZ-12517,GLD-07,adept,2026-06-30,
MEM-09171,WIZ-12518,GLD-03,Apprentice,2025-05-20,
MEM-09172,WIZ-12520,GLD-06,apprentice,2025-07-25,2026-02-27
MEM-09173,WIZ-12520,GLD-06,adept,2026-02-27,
MEM-09174,WIZ-12521,GLD-09,apprentice,2025-12-15,
MEM-09175,WIZ-12522,GLD-07,apprentice,2026-06-18,
MEM-09176,WIZ-12524,GLD-05,apprentice,2025-06-27,
MEM-09177,WIZ-12525,GLD-10,apprentice,2026-06-12,
MEM-09178,WIZ-12527,GLD-04,adept,2026-04-30,
MEM-09179,WIZ-12528,GLD-08,apprentice,2026-06-11,
MEM-09180,WIZ-12529,GLD-08,APPRENTICE,2025-08-25,2025-12-12
MEM-09181,WIZ-12529,GLD-08,adept,2025-12-12,
MEM-09182,WIZ-12530,GLD-05,apprentice,2025-08-21,
MEM-09183,WIZ-12534,GLD-12,apprentice,2024-12-14,
MEM-09184,WIZ-12536,GLD-05,Adept,2026-05-27,
MEM-09185,WIZ-12537,GLD-08,APPRENTICE,2024-10-01,2025-06-18
MEM-09186,WIZ-12537,GLD-08,adept,2025-06-18,
MEM-09187,WIZ-12539,GLD-12,adept,2025-11-02,
MEM-09188,WIZ-12540,GLD-12,Adept,2026-05-06,
MEM-09189,WIZ-12544,GLD-08,apprentice,2023-08-24,
MEM-09190,WIZ-12547,GLD-07,adept,2025-10-11,
MEM-09191,WIZ-12548,GLD-07,apprentice,2026-03-30,2026-06-13
MEM-09192,WIZ-12548,GLD-07,Adept,2026-06-13,
MEM-09193,WIZ-12549,GLD-08,apprentice,2024-01-17,
MEM-09194,WIZ-12553,GLD-04,apprentice,2023-08-10,
MEM-09195,WIZ-12554,GLD-09,apprentice,2025-03-27,
MEM-09196,WIZ-12555,GLD-10,adept,2025-01-31,
MEM-09197,WIZ-12556,GLD-05,ADEPT,2026-04-20,
MEM-09198,WIZ-12557,GLD-02,apprentice,2023-08-16,
MEM-09199,WIZ-12559,GLD-08,apprentice,2024-12-24,
MEM-09200,WIZ-12560,GLD-02,Adept,2024-04-26,
MEM-09201,WIZ-12561,GLD-03,APPRENTICE,2025-03-05,2026-05-05
MEM-09202,WIZ-12561,GLD-03,adept,2026-05-05,
MEM-09203,WIZ-12562,GLD-11,apprentice,2025-07-29,
MEM-09204,WIZ-12563,GLD-03,adept,2026-05-29,
MEM-09205,WIZ-12564,GLD-03,Adept,2025-01-13,2025-09-24
MEM-09206,WIZ-12564,GLD-03,Archmage,2025-09-24,
MEM-09207,WIZ-12566,GLD-06,apprentice,2023-06-26,
MEM-09208,WIZ-12567,GLD-03,Apprentice,2023-10-09,
MEM-09209,WIZ-12569,GLD-09,adept,2023-11-07,
MEM-09210,WIZ-12580,GLD-10,apprentice,2025-03-13,
MEM-09211,WIZ-12582,GLD-11,APPRENTICE,2024-07-08,
MEM-09212,WIZ-12583,GLD-11,archmage,2026-02-25,
MEM-09213,WIZ-12584,GLD-10,apprentice,2025-03-02,
MEM-09214,WIZ-12585,GLD-11,archmage,2024-10-25,
MEM-09215,WIZ-12586,GLD-03,adept,2025-01-10,
MEM-09216,WIZ-12587,GLD-09,ADEPT,2023-10-20,
MEM-09217,WIZ-12588,GLD-12,apprentice,2026-06-20,
MEM-09218,WIZ-12589,GLD-11,apprentice,2024-07-04,
MEM-09219,WIZ-12592,GLD-12,apprentice,2025-10-11,
MEM-09220,WIZ-12593,GLD-11,apprentice,2025-11-17,
MEM-09221,WIZ-12594,GLD-11,apprentice,2023-10-07,
MEM-09222,WIZ-12595,GLD-12,apprentice,2023-10-16,
MEM-09223,WIZ-12600,GLD-11,apprentice,2026-06-02,
MEM-09224,WIZ-12602,GLD-08,adept,2026-03-22,2026-05-23
MEM-09225,WIZ-12602,GLD-08,archmage,2026-05-23,
MEM-09226,WIZ-12604,GLD-03,archmage,2026-06-23,
MEM-09227,WIZ-12606,GLD-11,APPRENTICE,2025-09-22,
MEM-09228,WIZ-12609,GLD-09,APPRENTICE,2025-11-09,
MEM-09229,WIZ-12610,GLD-03,APPRENTICE,2025-03-31,2026-05-14
MEM-09230,WIZ-12610,GLD-03,Adept,2026-05-14,
MEM-09231,WIZ-12611,GLD-05,adept,2025-06-18,
MEM-09232,WIZ-12612,GLD-08,adept,2026-05-24,
MEM-09233,WIZ-12613,GLD-02,apprentice,2024-06-28,
MEM-09234,WIZ-12614,GLD-12,apprentice,2025-01-14,
MEM-09235,WIZ-12616,GLD-12,apprentice,2025-03-30,
MEM-09236,WIZ-12617,GLD-08,adept,2026-06-12,
MEM-09237,WIZ-12620,GLD-09,apprentice,2025-04-02,
MEM-09238,WIZ-12621,GLD-12,apprentice,2024-03-10,
MEM-09239,WIZ-12622,GLD-08,apprentice,2023-08-11,
MEM-09240,WIZ-12624,GLD-12,apprentice,2026-05-07,
MEM-09241,WIZ-12625,GLD-03,Apprentice,2026-05-29,
MEM-09242,WIZ-12626,GLD-09,apprentice,2025-11-10,
MEM-09243,WIZ-12628,GLD-10,adept,2024-10-26,
MEM-09244,WIZ-12629,GLD-08,APPRENTICE,2025-02-15,
MEM-09245,WIZ-12631,GLD-12,adept,2024-06-01,
MEM-09246,WIZ-12634,GLD-05,apprentice,2023-10-01,
MEM-09247,WIZ-12636,GLD-04,apprentice,2025-03-16,
MEM-09248,WIZ-12638,GLD-06,adept,2023-08-25,
MEM-09249,WIZ-12639,GLD-07,apprentice,2024-02-18,
MEM-09250,WIZ-12640,GLD-01,apprentice,2024-08-24,
MEM-09251,WIZ-12641,GLD-12,adept,2025-09-30,
MEM-09252,WIZ-12642,GLD-09,Archmage,2025-07-04,
MEM-09253,WIZ-12643,GLD-04,adept,2024-11-28,
MEM-09254,WIZ-12644,GLD-06,apprentice,2024-11-02,
MEM-09255,WIZ-12646,GLD-09,apprentice,2024-05-29,
MEM-09256,WIZ-12647,GLD-08,apprentice,2026-04-20,2026-06-02
MEM-09257,WIZ-12647,GLD-08,adept,2026-06-02,
MEM-09258,WIZ-12648,GLD-04,apprentice,2025-07-07,
MEM-09259,WIZ-12649,GLD-05,apprentice,2026-02-03,
MEM-09260,WIZ-12651,GLD-05,Apprentice,2025-11-21,
MEM-09261,WIZ-12652,GLD-01,archmage,2024-01-17,
MEM-09262,WIZ-12657,GLD-01,archmage,2026-05-12,
MEM-09263,WIZ-12658,GLD-09,apprentice,2024-07-04,2024-08-29
MEM-09264,WIZ-12658,GLD-09,ADEPT,2024-08-29,
MEM-09265,WIZ-12659,GLD-10,ARCHMAGE,2026-02-20,
MEM-09266,WIZ-12660,GLD-07,apprentice,2023-08-09,
MEM-09267,WIZ-12661,GLD-06,Apprentice,2024-12-22,
MEM-09268,WIZ-12662,GLD-05,adept,2025-08-18,
MEM-09269,WIZ-12664,GLD-01,APPRENTICE,2025-10-24,
MEM-09270,WIZ-12665,GLD-11,archmage,2025-08-19,
MEM-09271,WIZ-12666,GLD-12,Adept,2025-10-20,
MEM-09272,WIZ-12667,GLD-05,apprentice,2025-12-12,2026-01-31
MEM-09273,WIZ-12667,GLD-05,Adept,2026-01-31,
MEM-09274,WIZ-12670,GLD-07,APPRENTICE,2023-07-09,
MEM-09275,WIZ-12671,GLD-10,APPRENTICE,2023-09-28,
MEM-09276,WIZ-12673,GLD-03,APPRENTICE,2026-03-29,2026-05-28
MEM-09277,WIZ-12673,GLD-03,Adept,2026-05-28,
MEM-09278,WIZ-12674,GLD-05,adept,2024-07-17,
MEM-09279,WIZ-12675,GLD-10,adept,2023-03-02,
MEM-09280,WIZ-12677,GLD-10,APPRENTICE,2026-06-22,
MEM-09281,WIZ-12678,GLD-06,archmage,2025-06-24,
MEM-09282,WIZ-12679,GLD-10,apprentice,2025-11-28,
MEM-09283,WIZ-12680,GLD-06,apprentice,2026-02-12,
MEM-09284,WIZ-12681,GLD-03,adept,2026-01-04,
MEM-09285,WIZ-12682,GLD-01,adept,2023-12-21,
MEM-09286,WIZ-12683,GLD-07,apprentice,2024-12-14,
MEM-09287,WIZ-12684,GLD-02,apprentice,2023-11-02,2025-04-04
MEM-09288,WIZ-12684,GLD-02,adept,2025-04-04,
MEM-09289,WIZ-12685,GLD-11,ARCHMAGE,2024-10-09,
MEM-09290,WIZ-12687,GLD-11,Apprentice,2026-01-13,
MEM-09291,WIZ-12688,GLD-05,adept,2024-07-09,
MEM-09292,WIZ-12689,GLD-08,apprentice,2026-06-21,
MEM-09293,WIZ-12690,GLD-01,ARCHMAGE,2026-05-16,
MEM-09294,WIZ-12691,GLD-06,APPRENTICE,2024-03-17,
MEM-09295,WIZ-12693,GLD-01,adept,2026-02-06,
MEM-09296,WIZ-12694,GLD-06,apprentice,2025-07-18,
MEM-09297,WIZ-12696,GLD-07,apprentice,2026-05-18,
MEM-09298,WIZ-12697,GLD-06,apprentice,2024-02-09,
MEM-09299,WIZ-12698,GLD-05,Apprentice,2025-10-08,
MEM-09300,WIZ-12700,GLD-12,Apprentice,2025-06-02,
MEM-09301,WIZ-12701,GLD-01,adept,2025-10-06,
MEM-09302,WIZ-12702,GLD-08,Apprentice,2024-09-23,
MEM-09303,WIZ-12703,GLD-02,adept,2025-04-22,
MEM-09304,WIZ-12704,GLD-11,Adept,2025-12-25,
MEM-09305,WIZ-12705,GLD-05,adept,2026-04-21,
MEM-09306,WIZ-12706,GLD-12,archmage,2023-12-28,
MEM-09307,WIZ-12708,GLD-05,adept,2023-09-01,
MEM-09308,WIZ-12710,GLD-04,Apprentice,2025-06-20,
MEM-09309,WIZ-12711,GLD-01,adept,2026-06-29,
MEM-09310,WIZ-12712,GLD-04,Adept,2023-12-23,
MEM-09311,WIZ-12713,GLD-10,adept,2024-04-05,
MEM-09312,WIZ-12714,GLD-03,apprentice,2026-05-11,
MEM-09313,WIZ-12715,GLD-04,apprentice,2024-10-17,
MEM-09314,WIZ-12716,GLD-06,APPRENTICE,2024-09-07,
MEM-09315,WIZ-12717,GLD-09,Apprentice,2024-11-25,2025-05-17
MEM-09316,WIZ-12717,GLD-09,ADEPT,2025-05-17,
MEM-09317,WIZ-12719,GLD-03,apprentice,2025-04-27,
MEM-09318,WIZ-12720,GLD-03,apprentice,2023-09-09,
MEM-09319,WIZ-12721,GLD-06,Apprentice,2023-08-10,
MEM-09320,WIZ-12722,GLD-08,Apprentice,2023-12-23,
MEM-09321,WIZ-12723,GLD-08,apprentice,2024-11-14,
MEM-09322,WIZ-12724,GLD-12,apprentice,2025-05-10,
MEM-09323,WIZ-12726,GLD-06,adept,2026-05-13,
MEM-09324,WIZ-12727,GLD-09,adept,2025-08-11,
MEM-09325,WIZ-12728,GLD-03,apprentice,2025-09-18,
MEM-09326,WIZ-12729,GLD-09,apprentice,2026-03-18,
MEM-09327,WIZ-12730,GLD-08,apprentice,2023-11-29,
MEM-09328,WIZ-12732,GLD-09,apprentice,2026-04-01,
MEM-09329,WIZ-12733,GLD-01,adept,2024-06-04,
MEM-09330,WIZ-12734,GLD-11,apprentice,2025-08-22,
MEM-09331,WIZ-12735,GLD-04,ADEPT,2026-02-23,
MEM-09332,WIZ-12737,GLD-04,apprentice,2025-01-30,
MEM-09333,WIZ-12740,GLD-12,apprentice,2025-02-13,
MEM-09334,WIZ-12741,GLD-05,archmage,2023-08-25,
MEM-09335,WIZ-12744,GLD-02,Adept,2026-06-23,
MEM-09336,WIZ-12745,GLD-07,Archmage,2024-02-23,
MEM-09337,WIZ-12746,GLD-03,Apprentice,2025-09-16,
MEM-09338,WIZ-12747,GLD-03,Adept,2025-03-19,
MEM-09339,WIZ-12749,GLD-07,Apprentice,2026-06-29,
MEM-09340,WIZ-12750,GLD-05,apprentice,2025-07-18,
MEM-09341,WIZ-12751,GLD-12,Adept,2024-01-09,
MEM-09342,WIZ-12752,GLD-12,apprentice,2026-04-29,
MEM-09343,WIZ-12753,GLD-10,apprentice,2025-10-27,
MEM-09344,WIZ-12754,GLD-09,adept,2023-08-12,
MEM-09345,WIZ-12755,GLD-09,ARCHMAGE,2024-07-09,
MEM-09346,WIZ-12757,GLD-04,Adept,2023-12-13,
MEM-09347,WIZ-12758,GLD-12,apprentice,2026-06-18,
MEM-09348,WIZ-12759,GLD-11,Adept,2026-03-12,
MEM-09349,WIZ-12760,GLD-09,Apprentice,2026-04-01,
MEM-09350,WIZ-12761,GLD-11,APPRENTICE,2025-11-19,
MEM-09351,WIZ-12762,GLD-01,apprentice,2023-03-14,
MEM-09352,WIZ-12763,GLD-08,apprentice,2024-01-17,2024-08-27
MEM-09353,WIZ-12763,GLD-08,adept,2024-08-27,
MEM-09354,WIZ-12764,GLD-03,Apprentice,2026-01-16,
MEM-09355,WIZ-12765,GLD-01,APPRENTICE,2026-01-21,
MEM-09356,WIZ-12767,GLD-11,apprentice,2024-03-17,
MEM-09357,WIZ-12769,GLD-08,apprentice,2025-05-27,2026-03-28
MEM-09358,WIZ-12769,GLD-08,adept,2026-03-28,
MEM-09359,WIZ-12770,GLD-03,apprentice,2023-12-09,2024-12-07
MEM-09360,WIZ-12770,GLD-03,adept,2024-12-07,
MEM-09361,WIZ-12771,GLD-06,Adept,2025-08-17,
MEM-09362,WIZ-12772,GLD-11,apprentice,2024-06-26,
MEM-09363,WIZ-12773,GLD-07,Apprentice,2024-02-27,
MEM-09364,WIZ-12776,GLD-05,adept,2024-07-09,
MEM-09365,WIZ-12777,GLD-04,archmage,2025-12-29,
MEM-09366,WIZ-12778,GLD-12,adept,2024-02-13,
MEM-09367,WIZ-12780,GLD-03,apprentice,2024-08-10,
MEM-09368,WIZ-12781,GLD-05,apprentice,2026-03-06,
MEM-09369,WIZ-12783,GLD-02,apprentice,2025-10-03,
MEM-09370,WIZ-12784,GLD-12,archmage,2025-01-17,
MEM-09371,WIZ-12785,GLD-03,APPRENTICE,2024-07-22,
MEM-09372,WIZ-12786,GLD-06,Archmage,2026-05-24,
MEM-09373,WIZ-12787,GLD-06,archmage,2024-12-20,
MEM-09374,WIZ-12789,GLD-05,adept,2024-04-28,
MEM-09375,WIZ-12791,GLD-03,adept,2024-07-03,
MEM-09376,WIZ-12792,GLD-10,apprentice,2023-06-08,
MEM-09377,WIZ-12794,GLD-07,adept,2024-06-05,
MEM-09378,WIZ-12795,GLD-11,Adept,2025-04-13,
MEM-09379,WIZ-12796,GLD-11,adept,2025-12-08,
MEM-09380,WIZ-12797,GLD-02,Apprentice,2023-08-31,
MEM-09381,WIZ-12798,GLD-09,apprentice,2025-12-18,
MEM-09382,WIZ-12800,GLD-07,Apprentice,2025-09-24,
MEM-09383,WIZ-12802,GLD-03,APPRENTICE,2025-12-03,
MEM-09384,WIZ-12806,GLD-03,adept,2026-01-07,
MEM-09385,WIZ-12807,GLD-05,adept,2026-03-11,2026-05-27
MEM-09386,WIZ-12807,GLD-05,Archmage,2026-05-27,
MEM-09387,WIZ-12811,GLD-01,apprentice,2025-12-05,
MEM-09388,WIZ-12812,GLD-05,apprentice,2024-02-23,
MEM-09389,WIZ-12813,GLD-01,apprentice,2024-05-12,
MEM-09390,WIZ-12814,GLD-08,archmage,2025-04-08,
MEM-09391,WIZ-12815,GLD-03,adept,2025-07-08,
MEM-09392,WIZ-12816,GLD-07,ARCHMAGE,2024-10-19,
MEM-09393,WIZ-12817,GLD-07,apprentice,2025-03-31,
MEM-09394,WIZ-12818,GLD-10,ADEPT,2024-02-20,2025-04-17
MEM-09395,WIZ-12818,GLD-10,Archmage,2025-04-17,
MEM-09396,WIZ-12821,GLD-06,ADEPT,2025-09-20,2025-11-23
MEM-09397,WIZ-12821,GLD-06,archmage,2025-11-23,
MEM-09398,WIZ-12822,GLD-04,apprentice,2024-08-19,
MEM-09399,WIZ-12823,GLD-11,apprentice,2025-12-02,
MEM-09400,WIZ-12825,GLD-09,apprentice,2025-02-15,
MEM-09401,WIZ-12827,GLD-02,APPRENTICE,2024-02-20,
MEM-09402,WIZ-12828,GLD-11,apprentice,2023-09-06,
MEM-09403,WIZ-12829,GLD-01,archmage,2026-05-03,
MEM-09404,WIZ-12830,GLD-04,apprentice,2026-01-26,2026-02-25
MEM-09405,WIZ-12830,GLD-04,adept,2026-02-25,
MEM-09406,WIZ-12833,GLD-02,Adept,2025-11-01,
MEM-09407,WIZ-12834,GLD-03,apprentice,2026-06-03,
MEM-09408,WIZ-12835,GLD-04,apprentice,2024-10-25,
MEM-09409,WIZ-12836,GLD-09,Apprentice,2024-11-19,
MEM-09410,WIZ-12837,GLD-11,apprentice,2025-03-30,
MEM-09411,WIZ-12838,GLD-09,adept,2026-02-06,
MEM-09412,WIZ-12840,GLD-08,apprentice,2024-06-20,
MEM-09413,WIZ-12841,GLD-07,archmage,2025-01-28,
MEM-09414,WIZ-12842,GLD-01,apprentice,2026-06-27,
MEM-09415,WIZ-12843,GLD-09,apprentice,2023-10-02,2024-04-27
MEM-09416,WIZ-12843,GLD-09,ADEPT,2024-04-27,
MEM-09417,WIZ-12844,GLD-10,apprentice,2026-06-18,
MEM-09418,WIZ-12845,GLD-06,APPRENTICE,2026-05-04,
MEM-09419,WIZ-12846,GLD-07,Apprentice,2024-04-01,2025-09-23
MEM-09420,WIZ-12846,GLD-07,adept,2025-09-23,
MEM-09421,WIZ-12847,GLD-08,Archmage,2025-05-15,
MEM-09422,WIZ-12851,GLD-02,adept,2026-04-05,
MEM-09423,WIZ-12852,GLD-09,Adept,2025-01-01,
MEM-09424,WIZ-12853,GLD-12,apprentice,2023-04-21,
MEM-09425,WIZ-12855,GLD-09,apprentice,2026-06-21,
MEM-09426,WIZ-12860,GLD-06,archmage,2026-01-16,
MEM-09427,WIZ-12861,GLD-12,APPRENTICE,2024-09-26,
MEM-09428,WIZ-12862,GLD-01,adept,2025-02-09,
MEM-09429,WIZ-12863,GLD-08,Apprentice,2025-11-02,
MEM-09430,WIZ-12865,GLD-07,adept,2024-11-19,
MEM-09431,WIZ-12866,GLD-10,APPRENTICE,2024-09-11,2024-12-20
MEM-09432,WIZ-12866,GLD-10,adept,2024-12-20,
MEM-09433,WIZ-12867,GLD-09,apprentice,2025-08-09,
MEM-09434,WIZ-12868,GLD-03,Adept,2025-12-29,
MEM-09435,WIZ-12869,GLD-07,adept,2025-09-08,
MEM-09436,WIZ-12871,GLD-08,adept,2026-06-03,
MEM-09437,WIZ-12873,GLD-09,Apprentice,2026-05-01,2026-06-28
MEM-09438,WIZ-12873,GLD-09,adept,2026-06-28,
MEM-09439,WIZ-12875,GLD-10,APPRENTICE,2026-05-22,
MEM-09440,WIZ-12878,GLD-08,apprentice,2024-11-14,
MEM-09441,WIZ-12879,GLD-04,adept,2024-12-15,
MEM-09442,WIZ-12881,GLD-05,adept,2024-08-30,
MEM-09443,WIZ-12882,GLD-08,apprentice,2024-06-21,
MEM-09444,WIZ-12883,GLD-10,apprentice,2025-10-26,
MEM-09445,WIZ-12884,GLD-06,adept,2026-05-05,
MEM-09446,WIZ-12885,GLD-03,archmage,2026-04-22,
MEM-09447,WIZ-12886,GLD-12,APPRENTICE,2024-09-15,
MEM-09448,WIZ-12887,GLD-11,apprentice,2026-06-26,
MEM-09449,WIZ-12888,GLD-11,apprentice,2025-03-26,
MEM-09450,WIZ-12890,GLD-03,adept,2026-05-13,
MEM-09451,WIZ-12891,GLD-06,Apprentice,2026-02-12,
MEM-09452,WIZ-12892,GLD-10,apprentice,2025-01-18,2025-03-19
MEM-09453,WIZ-12892,GLD-10,adept,2025-03-19,
MEM-09454,WIZ-12893,GLD-10,adept,2026-03-15,
MEM-09455,WIZ-12894,GLD-01,Archmage,2026-02-02,
MEM-09456,WIZ-12895,GLD-04,Apprentice,2023-01-28,
MEM-09457,WIZ-12897,GLD-02,ARCHMAGE,2024-08-24,
MEM-09458,WIZ-12898,GLD-02,adept,2025-09-01,
MEM-09459,WIZ-12900,GLD-11,APPRENTICE,2025-09-29,
MEM-09460,WIZ-12901,GLD-02,archmage,2026-05-19,
MEM-09461,WIZ-12902,GLD-02,APPRENTICE,2026-06-03,
MEM-09462,WIZ-12903,GLD-06,apprentice,2024-03-21,
MEM-09463,WIZ-12904,GLD-01,apprentice,2025-04-18,
MEM-09464,WIZ-12906,GLD-10,apprentice,2026-01-31,
MEM-09465,WIZ-12907,GLD-11,Adept,2025-09-10,
MEM-09466,WIZ-12909,GLD-04,apprentice,2024-05-12,
MEM-09467,WIZ-12914,GLD-05,apprentice,2025-06-18,
MEM-09468,WIZ-12915,GLD-03,APPRENTICE,2025-06-07,
MEM-09469,WIZ-12916,GLD-06,adept,2026-06-19,
MEM-09470,WIZ-12917,GLD-05,Apprentice,2025-08-16,
MEM-09471,WIZ-12918,GLD-09,APPRENTICE,2024-09-13,
MEM-09472,WIZ-12919,GLD-01,apprentice,2025-12-08,
MEM-09473,WIZ-12920,GLD-09,apprentice,2025-04-10,
MEM-09474,WIZ-12923,GLD-11,apprentice,2025-05-31,
MEM-09475,WIZ-12924,GLD-05,apprentice,2026-03-21,
MEM-09476,WIZ-12925,GLD-05,ADEPT,2025-06-29,
MEM-09477,WIZ-12926,GLD-06,Adept,2023-07-28,
MEM-09478,WIZ-12929,GLD-03,APPRENTICE,2024-02-20,2025-06-20
MEM-09479,WIZ-12929,GLD-03,adept,2025-06-20,
MEM-09480,WIZ-12932,GLD-11,apprentice,2025-01-06,
MEM-09481,WIZ-12933,GLD-11,apprentice,2026-06-15,
MEM-09482,WIZ-12934,GLD-01,apprentice,2026-03-05,
MEM-09483,WIZ-12935,GLD-05,adept,2025-04-21,
MEM-09484,WIZ-12936,GLD-06,apprentice,2026-03-19,
MEM-09485,WIZ-12937,GLD-11,Adept,2026-06-13,
MEM-09486,WIZ-12939,GLD-02,archmage,2024-05-28,
MEM-09487,WIZ-12941,GLD-06,Apprentice,2025-03-31,
MEM-09488,WIZ-12943,GLD-07,apprentice,2024-03-20,
MEM-09489,WIZ-12944,GLD-11,ADEPT,2025-06-15,
MEM-09490,WIZ-12945,GLD-11,adept,2026-04-29,
MEM-09491,WIZ-12946,GLD-05,archmage,2024-12-24,
MEM-09492,WIZ-12947,GLD-06,Adept,2026-04-13,
MEM-09493,WIZ-12948,GLD-01,apprentice,2024-11-24,
MEM-09494,WIZ-12950,GLD-06,adept,2026-06-28,
MEM-09495,WIZ-12951,GLD-10,Adept,2026-05-06,
MEM-09496,WIZ-12952,GLD-08,apprentice,2023-07-23,
MEM-09497,WIZ-12954,GLD-03,apprentice,2024-02-07,
MEM-09498,WIZ-12955,GLD-05,Apprentice,2023-12-28,
MEM-09499,WIZ-12957,GLD-02,Adept,2024-08-03,
MEM-09500,WIZ-12959,GLD-04,apprentice,2023-04-22,
MEM-09501,WIZ-12960,GLD-08,adept,2024-11-27,
MEM-09502,WIZ-12962,GLD-12,apprentice,2024-03-17,
MEM-09503,WIZ-12964,GLD-05,ADEPT,2026-04-01,
MEM-09504,WIZ-12969,GLD-11,Apprentice,2025-08-05,
MEM-09505,WIZ-12970,GLD-11,adept,2026-01-16,
MEM-09506,WIZ-12971,GLD-06,apprentice,2026-04-18,
MEM-09507,WIZ-12973,GLD-06,adept,2025-09-25,
MEM-09508,WIZ-12974,GLD-10,adept,2026-04-03,2026-06-08
MEM-09509,WIZ-12974,GLD-10,archmage,2026-06-08,
MEM-09510,WIZ-12976,GLD-05,apprentice,2025-05-31,
MEM-09511,WIZ-12978,GLD-06,apprentice,2025-12-18,
MEM-09512,WIZ-12980,GLD-04,apprentice,2026-01-24,2026-03-13
MEM-09513,WIZ-12980,GLD-04,adept,2026-03-13,
MEM-09514,WIZ-12984,GLD-08,Apprentice,2023-08-28,
MEM-09515,WIZ-12986,GLD-09,adept,2026-02-16,
MEM-09516,WIZ-12988,GLD-11,adept,2025-02-15,2025-09-16
MEM-09517,WIZ-12988,GLD-11,archmage,2025-09-16,
MEM-09518,WIZ-12989,GLD-04,apprentice,2023-10-16,
MEM-09519,WIZ-12990,GLD-12,apprentice,2026-02-18,
MEM-09520,WIZ-12992,GLD-01,apprentice,2026-04-04,
MEM-09521,WIZ-12993,GLD-10,ADEPT,2023-07-22,
MEM-09522,WIZ-12994,GLD-10,Apprentice,2024-11-16,
MEM-09523,WIZ-12997,GLD-04,apprentice,2024-07-19,
MEM-09524,WIZ-12998,GLD-04,apprentice,2025-01-06,
MEM-09525,WIZ-13000,GLD-09,apprentice,2025-04-23,
MEM-09526,WIZ-13001,GLD-07,Adept,2024-05-25,2025-06-21
MEM-09527,WIZ-13001,GLD-07,archmage,2025-06-21,
MEM-09528,WIZ-13003,GLD-10,adept,2025-01-26,
MEM-09529,WIZ-13004,GLD-04,archmage,2023-06-28,
MEM-09530,WIZ-13005,GLD-04,APPRENTICE,2026-04-02,
MEM-09531,WIZ-13006,GLD-12,apprentice,2023-12-21,
MEM-09532,WIZ-13007,GLD-04,apprentice,2026-01-06,
MEM-09533,WIZ-13010,GLD-10,apprentice,2025-08-20,2025-10-10
MEM-09534,WIZ-13010,GLD-10,adept,2025-10-10,
MEM-09535,WIZ-13012,GLD-02,Apprentice,2025-07-11,
MEM-09536,WIZ-13015,GLD-03,adept,2025-10-18,
MEM-09537,WIZ-13017,GLD-01,ADEPT,2026-05-15,
MEM-09538,WIZ-13019,GLD-03,adept,2024-09-12,2025-11-11
MEM-09539,WIZ-13019,GLD-03,archmage,2025-11-11,
MEM-09540,WIZ-13020,GLD-11,apprentice,2025-04-06,
MEM-09541,WIZ-13021,GLD-03,apprentice,2025-09-22,
MEM-09542,WIZ-13022,GLD-10,apprentice,2026-06-23,
MEM-09543,WIZ-13023,GLD-10,apprentice,2026-03-07,
MEM-09544,WIZ-13024,GLD-03,adept,2023-11-20,2025-08-07
MEM-09545,WIZ-13024,GLD-03,ARCHMAGE,2025-08-07,
MEM-09546,WIZ-13026,GLD-05,apprentice,2024-09-28,
MEM-09547,WIZ-13027,GLD-06,APPRENTICE,2026-06-02,
MEM-09548,WIZ-13029,GLD-09,archmage,2025-07-04,
MEM-09549,WIZ-13031,GLD-08,apprentice,2025-09-29,
MEM-09550,WIZ-13033,GLD-11,adept,2025-03-09,2026-04-02
MEM-09551,WIZ-13033,GLD-11,archmage,2026-04-02,
MEM-09552,WIZ-13034,GLD-08,APPRENTICE,2026-03-04,
MEM-09553,WIZ-13035,GLD-09,apprentice,2024-04-16,
MEM-09554,WIZ-13036,GLD-11,adept,2026-06-13,
MEM-09555,WIZ-13039,GLD-08,apprentice,2026-06-04,
MEM-09556,WIZ-13041,GLD-09,apprentice,2026-06-16,
MEM-09557,WIZ-13042,GLD-10,adept,2023-08-14,
MEM-09558,WIZ-13043,GLD-02,apprentice,2024-06-29,2025-06-01
MEM-09559,WIZ-13043,GLD-02,Adept,2025-06-01,
MEM-09560,WIZ-13044,GLD-10,Adept,2024-02-28,
MEM-09561,WIZ-13045,GLD-03,Apprentice,2025-12-29,
MEM-09562,WIZ-13046,GLD-02,adept,2024-06-14,
MEM-09563,WIZ-13047,GLD-01,Apprentice,2024-01-30,
MEM-09564,WIZ-13048,GLD-01,adept,2026-03-19,
MEM-09565,WIZ-13050,GLD-04,Apprentice,2026-02-13,
MEM-09566,WIZ-13051,GLD-04,Archmage,2024-12-22,
MEM-09567,WIZ-13052,GLD-06,Archmage,2026-05-27,
MEM-09568,WIZ-13053,GLD-03,apprentice,2025-01-16,
MEM-09569,WIZ-13054,GLD-09,apprentice,2025-04-22,
MEM-09570,WIZ-13055,GLD-06,apprentice,2025-11-18,
MEM-09571,WIZ-13057,GLD-03,adept,2025-12-21,
MEM-09572,WIZ-13061,GLD-04,Apprentice,2026-04-25,
MEM-09573,WIZ-13062,GLD-02,adept,2025-06-13,
MEM-09574,WIZ-13063,GLD-02,adept,2023-06-13,
MEM-09575,WIZ-13064,GLD-01,adept,2026-06-22,
MEM-09576,WIZ-13065,GLD-07,apprentice,2025-03-07,
MEM-09577,WIZ-13067,GLD-11,apprentice,2025-04-15,
MEM-09578,WIZ-13068,GLD-05,Adept,2025-04-04,2026-03-28
MEM-09579,WIZ-13068,GLD-05,archmage,2026-03-28,
MEM-09580,WIZ-13069,GLD-04,apprentice,2024-12-27,
MEM-09581,WIZ-13071,GLD-02,apprentice,2023-07-12,
MEM-09582,WIZ-13072,GLD-08,ADEPT,2023-06-27,
MEM-09583,WIZ-13074,GLD-02,adept,2025-02-21,2026-02-04
MEM-09584,WIZ-13074,GLD-02,archmage,2026-02-04,
MEM-09585,WIZ-13075,GLD-04,archmage,2023-06-06,
MEM-09586,WIZ-13077,GLD-04,apprentice,2026-02-24,
MEM-09587,WIZ-13079,GLD-02,apprentice,2026-06-16,
MEM-09588,WIZ-13080,GLD-09,apprentice,2024-12-19,
MEM-09589,WIZ-13082,GLD-03,Apprentice,2025-11-13,
MEM-09590,WIZ-13083,GLD-07,adept,2024-10-18,
MEM-09591,WIZ-13084,GLD-01,APPRENTICE,2023-04-19,2023-11-06
MEM-09592,WIZ-13084,GLD-01,Adept,2023-11-06,
MEM-09593,WIZ-13087,GLD-07,apprentice,2024-08-14,
MEM-09594,WIZ-13091,GLD-02,adept,2023-08-26,
MEM-09595,WIZ-13092,GLD-06,Apprentice,2025-02-06,
MEM-09596,WIZ-13093,GLD-08,archmage,2026-02-22,
MEM-09597,WIZ-13094,GLD-05,apprentice,2026-03-24,
MEM-09598,WIZ-13095,GLD-02,apprentice,2026-04-27,
MEM-09599,WIZ-13096,GLD-05,adept,2024-06-24,
MEM-09600,WIZ-13099,GLD-01,APPRENTICE,2026-01-02,
MEM-09601,WIZ-13101,GLD-01,Adept,2026-05-12,
MEM-09602,WIZ-13102,GLD-12,apprentice,2026-01-11,2026-05-04
MEM-09603,WIZ-13102,GLD-12,Adept,2026-05-04,
MEM-09604,WIZ-13103,GLD-06,ARCHMAGE,2023-11-03,
MEM-09605,WIZ-13105,GLD-03,apprentice,2023-10-14,
MEM-09606,WIZ-13106,GLD-05,APPRENTICE,2024-04-01,
MEM-09607,WIZ-13107,GLD-08,adept,2025-08-29,
MEM-09608,WIZ-13109,GLD-10,adept,2026-06-29,
MEM-09609,WIZ-13110,GLD-01,apprentice,2026-03-30,
MEM-09610,WIZ-13111,GLD-02,apprentice,2026-02-26,
MEM-09611,WIZ-13112,GLD-06,apprentice,2023-03-12,
MEM-09612,WIZ-13115,GLD-11,apprentice,2026-06-16,
MEM-09613,WIZ-13116,GLD-06,apprentice,2025-11-06,
MEM-09614,WIZ-13117,GLD-02,apprentice,2025-08-09,
MEM-09615,WIZ-13119,GLD-06,Apprentice,2024-03-23,
MEM-09616,WIZ-13120,GLD-04,adept,2026-02-03,
MEM-09617,WIZ-13121,GLD-09,apprentice,2026-05-25,
MEM-09618,WIZ-13122,GLD-08,apprentice,2024-06-19,
MEM-09619,WIZ-13123,GLD-11,apprentice,2025-04-12,
MEM-09620,WIZ-13124,GLD-10,adept,2026-06-30,
MEM-09621,WIZ-13125,GLD-02,apprentice,2023-06-14,
MEM-09622,WIZ-13126,GLD-03,Apprentice,2026-02-24,
MEM-09623,WIZ-13128,GLD-07,adept,2024-12-12,
MEM-09624,WIZ-13129,GLD-12,apprentice,2023-07-13,2024-09-17
MEM-09625,WIZ-13129,GLD-12,adept,2024-09-17,
MEM-09626,WIZ-13130,GLD-04,apprentice,2026-02-13,
MEM-09627,WIZ-13133,GLD-10,Apprentice,2026-01-08,
MEM-09628,WIZ-13134,GLD-02,archmage,2024-03-22,
MEM-09629,WIZ-13135,GLD-02,Apprentice,2024-10-11,
MEM-09630,WIZ-13136,GLD-02,apprentice,2023-10-25,
MEM-09631,WIZ-13138,GLD-03,apprentice,2024-12-21,
MEM-09632,WIZ-13139,GLD-09,apprentice,2026-03-21,
MEM-09633,WIZ-13140,GLD-10,apprentice,2025-10-28,
MEM-09634,WIZ-13144,GLD-08,apprentice,2024-08-23,
MEM-09635,WIZ-13145,GLD-12,adept,2024-02-24,
MEM-09636,WIZ-13148,GLD-04,apprentice,2025-09-28,
MEM-09637,WIZ-13151,GLD-09,apprentice,2024-09-10,2025-11-30
MEM-09638,WIZ-13151,GLD-09,adept,2025-11-30,
MEM-09639,WIZ-13152,GLD-05,Adept,2026-06-20,
MEM-09640,WIZ-13153,GLD-07,apprentice,2025-05-13,
MEM-09641,WIZ-13154,GLD-07,archmage,2026-05-21,
MEM-09642,WIZ-13156,GLD-12,apprentice,2024-07-29,2025-07-04
MEM-09643,WIZ-13156,GLD-12,adept,2025-07-04,
MEM-09644,WIZ-13157,GLD-12,apprentice,2025-03-02,2026-01-27
MEM-09645,WIZ-13157,GLD-12,adept,2026-01-27,
MEM-09646,WIZ-13158,GLD-02,apprentice,2024-02-14,
MEM-09647,WIZ-13159,GLD-10,apprentice,2026-04-02,
MEM-09648,WIZ-13160,GLD-12,Apprentice,2024-09-06,
MEM-09649,WIZ-13161,GLD-07,Apprentice,2024-03-16,2026-01-09
MEM-09650,WIZ-13161,GLD-07,adept,2026-01-09,
MEM-09651,WIZ-13162,GLD-10,adept,2025-09-08,
MEM-09652,WIZ-13163,GLD-12,apprentice,2025-12-25,
MEM-09653,WIZ-13164,GLD-10,Adept,2026-04-13,
MEM-09654,WIZ-13166,GLD-02,apprentice,2024-01-04,
MEM-09655,WIZ-13168,GLD-09,apprentice,2023-12-09,
MEM-09656,WIZ-13169,GLD-03,apprentice,2024-09-09,
MEM-09657,WIZ-13171,GLD-09,Archmage,2025-08-01,
MEM-09658,WIZ-13172,GLD-05,apprentice,2023-09-19,
MEM-09659,WIZ-13173,GLD-07,adept,2025-08-25,
MEM-09660,WIZ-13174,GLD-01,apprentice,2026-02-18,
MEM-09661,WIZ-13175,GLD-06,apprentice,2025-10-31,
MEM-09662,WIZ-13176,GLD-04,Apprentice,2025-03-14,
MEM-09663,WIZ-13177,GLD-03,apprentice,2026-02-02,
MEM-09664,WIZ-13179,GLD-11,adept,2024-08-29,
MEM-09665,WIZ-13180,GLD-01,adept,2026-06-04,
MEM-09666,WIZ-13182,GLD-07,Apprentice,2025-03-06,
MEM-09667,WIZ-13183,GLD-08,adept,2024-07-29,
MEM-09668,WIZ-13186,GLD-02,Apprentice,2024-05-11,
MEM-09669,WIZ-13187,GLD-03,Adept,2025-05-30,
MEM-09670,WIZ-13188,GLD-03,Apprentice,2026-05-04,
MEM-09671,WIZ-13189,GLD-07,Apprentice,2024-09-09,
MEM-09672,WIZ-13192,GLD-06,apprentice,2023-07-20,
MEM-09673,WIZ-13194,GLD-04,adept,2025-12-05,2026-04-19
MEM-09674,WIZ-13194,GLD-04,Archmage,2026-04-19,
MEM-09675,WIZ-13195,GLD-06,apprentice,2025-09-02,2026-02-22
MEM-09676,WIZ-13195,GLD-06,adept,2026-02-22,
MEM-09677,WIZ-13196,GLD-12,archmage,2026-06-25,
MEM-09678,WIZ-13199,GLD-07,apprentice,2026-05-26,
MEM-09679,WIZ-13200,GLD-08,APPRENTICE,2024-07-20,
MEM-09680,WIZ-13204,GLD-09,apprentice,2025-04-11,
MEM-09681,WIZ-13205,GLD-12,apprentice,2024-12-24,
MEM-09682,WIZ-13207,GLD-05,apprentice,2025-09-02,2025-10-23
MEM-09683,WIZ-13207,GLD-05,adept,2025-10-23,
MEM-09684,WIZ-13208,GLD-04,adept,2025-10-15,
MEM-09685,WIZ-13211,GLD-09,apprentice,2024-03-20,
MEM-09686,WIZ-13212,GLD-04,apprentice,2024-02-18,2024-03-30
MEM-09687,WIZ-13212,GLD-04,Adept,2024-03-30,
MEM-09688,WIZ-13213,GLD-06,Adept,2024-11-08,
MEM-09689,WIZ-13214,GLD-03,archmage,2026-01-29,
MEM-09690,WIZ-13218,GLD-01,Apprentice,2024-12-19,
MEM-09691,WIZ-13219,GLD-08,Apprentice,2025-08-12,
MEM-09692,WIZ-13221,GLD-06,APPRENTICE,2023-07-05,
MEM-09693,WIZ-13222,GLD-01,Adept,2025-12-11,
MEM-09694,WIZ-13223,GLD-04,Archmage,2023-10-16,
MEM-09695,WIZ-13224,GLD-01,apprentice,2024-07-17,
MEM-09696,WIZ-13225,GLD-02,Adept,2025-11-17,2026-02-02
MEM-09697,WIZ-13225,GLD-02,Archmage,2026-02-02,
MEM-09698,WIZ-13226,GLD-08,Apprentice,2025-11-08,2026-05-17
MEM-09699,WIZ-13226,GLD-08,adept,2026-05-17,
MEM-09700,WIZ-13227,GLD-01,adept,2026-01-09,
MEM-09701,WIZ-13230,GLD-04,Apprentice,2024-09-19,
MEM-09702,WIZ-13231,GLD-08,Adept,2026-02-02,
MEM-09703,WIZ-13232,GLD-10,Apprentice,2024-01-27,
MEM-09704,WIZ-13233,GLD-12,apprentice,2024-03-09,
MEM-09705,WIZ-13235,GLD-07,adept,2025-09-24,
MEM-09706,WIZ-13236,GLD-09,adept,2025-08-25,
MEM-09707,WIZ-13237,GLD-04,apprentice,2024-05-12,2025-06-15
MEM-09708,WIZ-13237,GLD-04,Adept,2025-06-15,
MEM-09709,WIZ-13238,GLD-05,apprentice,2025-04-03,
MEM-09710,WIZ-13239,GLD-11,apprentice,2025-03-25,
MEM-09711,WIZ-13241,GLD-12,apprentice,2024-12-09,
MEM-09712,WIZ-13242,GLD-08,adept,2025-05-30,
MEM-09713,WIZ-13243,GLD-12,apprentice,2026-01-06,
MEM-09714,WIZ-13244,GLD-02,apprentice,2024-09-09,2025-08-03
MEM-09715,WIZ-13244,GLD-02,adept,2025-08-03,
MEM-09716,WIZ-13246,GLD-11,apprentice,2026-04-20,
MEM-09717,WIZ-13247,GLD-07,archmage,2024-01-05,
MEM-09718,WIZ-13249,GLD-05,adept,2025-07-01,
MEM-09719,WIZ-13250,GLD-01,apprentice,2025-11-17,
MEM-09720,WIZ-13253,GLD-02,APPRENTICE,2024-09-04,
MEM-09721,WIZ-13254,GLD-03,archmage,2024-03-03,
MEM-09722,WIZ-13255,GLD-01,apprentice,2024-09-15,
MEM-09723,WIZ-13259,GLD-06,apprentice,2024-11-27,
MEM-09724,WIZ-13260,GLD-12,Apprentice,2024-02-27,
MEM-09725,WIZ-13261,GLD-07,adept,2026-05-07,
MEM-09726,WIZ-13262,GLD-01,Apprentice,2026-06-26,
MEM-09727,WIZ-13265,GLD-11,Archmage,2025-12-06,
MEM-09728,WIZ-13269,GLD-06,Apprentice,2024-06-07,
MEM-09729,WIZ-13271,GLD-08,Apprentice,2025-03-21,
MEM-09730,WIZ-13272,GLD-01,Apprentice,2024-11-13,
MEM-09731,WIZ-13273,GLD-09,adept,2024-02-10,
MEM-09732,WIZ-13274,GLD-08,Apprentice,2023-12-16,
MEM-09733,WIZ-13275,GLD-12,Apprentice,2025-11-19,
MEM-09734,WIZ-13277,GLD-12,adept,2024-02-02,2024-08-25
MEM-09735,WIZ-13277,GLD-12,archmage,2024-08-25,
MEM-09736,WIZ-13279,GLD-05,apprentice,2026-04-23,
MEM-09737,WIZ-13280,GLD-04,apprentice,2024-11-06,
MEM-09738,WIZ-13282,GLD-03,apprentice,2024-08-28,
MEM-09739,WIZ-13284,GLD-05,apprentice,2023-03-26,
MEM-09740,WIZ-13286,GLD-03,apprentice,2024-03-18,
MEM-09741,WIZ-13289,GLD-03,apprentice,2026-06-28,
MEM-09742,WIZ-13290,GLD-07,APPRENTICE,2025-02-12,
MEM-09743,WIZ-13291,GLD-02,ADEPT,2023-05-05,2023-10-18
MEM-09744,WIZ-13291,GLD-02,archmage,2023-10-18,
MEM-09745,WIZ-13292,GLD-12,Adept,2023-11-29,
MEM-09746,WIZ-13295,GLD-06,adept,2026-04-15,
MEM-09747,WIZ-13298,GLD-01,Apprentice,2025-12-14,
MEM-09748,WIZ-13299,GLD-10,adept,2026-03-16,
MEM-09749,WIZ-13302,GLD-09,APPRENTICE,2025-08-07,
MEM-09750,WIZ-13303,GLD-03,apprentice,2025-06-03,
MEM-09751,WIZ-13305,GLD-01,Adept,2023-07-02,
MEM-09752,WIZ-13307,GLD-04,apprentice,2024-10-01,
MEM-09753,WIZ-13308,GLD-11,Adept,2026-04-30,
MEM-09754,WIZ-13309,GLD-05,apprentice,2025-10-10,2025-12-26
MEM-09755,WIZ-13309,GLD-05,adept,2025-12-26,
MEM-09756,WIZ-13310,GLD-08,Apprentice,2023-12-09,
MEM-09757,WIZ-13311,GLD-08,archmage,2025-03-06,
MEM-09758,WIZ-13313,GLD-02,apprentice,2023-07-14,2024-02-02
MEM-09759,WIZ-13313,GLD-02,Adept,2024-02-02,
MEM-09760,WIZ-13316,GLD-12,adept,2026-03-02,
MEM-09761,WIZ-13317,GLD-12,apprentice,2024-11-28,
MEM-09762,WIZ-13318,GLD-11,adept,2026-06-26,
MEM-09763,WIZ-13320,GLD-01,apprentice,2025-10-24,
MEM-09764,WIZ-13322,GLD-10,APPRENTICE,2024-04-13,
MEM-09765,WIZ-13323,GLD-04,APPRENTICE,2026-02-20,
MEM-09766,WIZ-13324,GLD-07,ADEPT,2023-11-30,
MEM-09767,WIZ-13325,GLD-07,Apprentice,2024-12-30,
MEM-09768,WIZ-13329,GLD-09,apprentice,2026-06-10,
MEM-09769,WIZ-13330,GLD-05,archmage,2026-03-14,
MEM-09770,WIZ-13331,GLD-04,archmage,2025-12-20,
MEM-09771,WIZ-13332,GLD-10,apprentice,2024-09-09,
MEM-09772,WIZ-13334,GLD-01,Apprentice,2024-05-13,2024-12-28
MEM-09773,WIZ-13334,GLD-01,adept,2024-12-28,
MEM-09774,WIZ-13335,GLD-06,APPRENTICE,2024-04-06,
MEM-09775,WIZ-13336,GLD-10,archmage,2026-06-10,
MEM-09776,WIZ-13337,GLD-07,apprentice,2026-05-05,
MEM-09777,WIZ-13338,GLD-03,Apprentice,2024-06-07,
MEM-09778,WIZ-13340,GLD-06,ADEPT,2026-05-18,
MEM-09779,WIZ-13342,GLD-01,adept,2024-11-17,2026-04-04
MEM-09780,WIZ-13342,GLD-01,archmage,2026-04-04,
MEM-09781,WIZ-13343,GLD-03,archmage,2024-12-30,
MEM-09782,WIZ-13344,GLD-07,Apprentice,2026-04-24,
MEM-09783,WIZ-13345,GLD-04,apprentice,2025-10-23,
MEM-09784,WIZ-13346,GLD-07,apprentice,2025-09-06,
MEM-09785,WIZ-13347,GLD-10,apprentice,2024-10-03,
MEM-09786,WIZ-13348,GLD-07,Archmage,2026-05-29,
MEM-09787,WIZ-13350,GLD-02,apprentice,2024-07-19,
MEM-09788,WIZ-13352,GLD-08,apprentice,2023-11-10,
MEM-09789,WIZ-13353,GLD-03,Apprentice,2026-04-01,
MEM-09790,WIZ-13355,GLD-05,APPRENTICE,2025-08-25,
MEM-09791,WIZ-13356,GLD-02,Apprentice,2023-08-24,
MEM-09792,WIZ-13361,GLD-01,adept,2026-02-19,
MEM-09793,WIZ-13364,GLD-09,adept,2026-05-27,
MEM-09794,WIZ-13366,GLD-02,Archmage,2023-09-01,
MEM-09795,WIZ-13367,GLD-06,apprentice,2025-01-18,
MEM-09796,WIZ-13368,GLD-05,Apprentice,2026-01-19,
MEM-09797,WIZ-13369,GLD-05,Apprentice,2026-01-21,2026-03-20
MEM-09798,WIZ-13369,GLD-05,Adept,2026-03-20,
MEM-09799,WIZ-13371,GLD-03,apprentice,2023-03-18,
MEM-09800,WIZ-13374,GLD-04,adept,2025-08-27,2026-02-14
MEM-09801,WIZ-13374,GLD-04,Archmage,2026-02-14,
MEM-09802,WIZ-13375,GLD-03,apprentice,2025-02-14,
MEM-09803,WIZ-13376,GLD-06,adept,2024-10-19,
MEM-09804,WIZ-13377,GLD-12,Apprentice,2025-01-03,
MEM-09805,WIZ-13380,GLD-02,apprentice,2025-11-20,
MEM-09806,WIZ-13382,GLD-02,adept,2025-05-14,
MEM-09807,WIZ-13383,GLD-03,apprentice,2024-10-14,
MEM-09808,WIZ-13384,GLD-03,adept,2025-02-06,
MEM-09809,WIZ-13385,GLD-02,Apprentice,2025-03-01,
MEM-09810,WIZ-13386,GLD-05,adept,2025-07-11,
MEM-09811,WIZ-13388,GLD-12,adept,2025-11-08,
MEM-09812,WIZ-13389,GLD-10,APPRENTICE,2025-01-30,2025-03-09
MEM-09813,WIZ-13389,GLD-10,adept,2025-03-09,
MEM-09814,WIZ-13390,GLD-01,adept,2026-05-14,
MEM-09815,WIZ-13391,GLD-03,apprentice,2026-04-15,
MEM-09816,WIZ-13393,GLD-10,apprentice,2026-06-15,
MEM-09817,WIZ-13394,GLD-11,apprentice,2026-05-18,
MEM-09818,WIZ-13395,GLD-05,Apprentice,2025-09-05,
MEM-09819,WIZ-13396,GLD-09,archmage,2024-05-20,
MEM-09820,WIZ-13397,GLD-11,apprentice,2023-12-08,
MEM-09821,WIZ-13398,GLD-08,apprentice,2025-05-24,
MEM-09822,WIZ-13399,GLD-06,adept,2026-01-28,
MEM-09823,WIZ-13403,GLD-11,archmage,2023-08-17,
MEM-09824,WIZ-13405,GLD-01,apprentice,2024-08-11,
MEM-09825,WIZ-13406,GLD-08,apprentice,2026-06-28,
MEM-09826,WIZ-13407,GLD-09,Apprentice,2025-11-10,
MEM-09827,WIZ-13408,GLD-07,apprentice,2026-04-30,
MEM-09828,WIZ-13410,GLD-05,adept,2025-03-29,2025-05-19
MEM-09829,WIZ-13410,GLD-05,archmage,2025-05-19,
MEM-09830,WIZ-13411,GLD-12,Apprentice,2025-04-07,
MEM-09831,WIZ-13412,GLD-03,Apprentice,2026-03-20,
MEM-09832,WIZ-13413,GLD-07,apprentice,2025-10-01,
MEM-09833,WIZ-13415,GLD-04,adept,2026-02-08,2026-03-24
MEM-09834,WIZ-13415,GLD-04,archmage,2026-03-24,
MEM-09835,WIZ-13416,GLD-10,apprentice,2024-05-31,2024-12-31
MEM-09836,WIZ-13416,GLD-10,adept,2024-12-31,
MEM-09837,WIZ-13419,GLD-05,adept,2025-11-18,
MEM-09838,WIZ-13423,GLD-10,Adept,2026-06-06,
MEM-09839,WIZ-13426,GLD-01,adept,2026-05-20,
MEM-09840,WIZ-13427,GLD-02,apprentice,2024-05-13,
MEM-09841,WIZ-13429,GLD-03,Adept,2026-01-19,
MEM-09842,WIZ-13430,GLD-11,apprentice,2026-04-04,
MEM-09843,WIZ-13431,GLD-08,apprentice,2026-06-04,
MEM-09844,WIZ-13432,GLD-02,apprentice,2024-01-25,
MEM-09845,WIZ-13433,GLD-01,APPRENTICE,2026-03-10,
MEM-09846,WIZ-13435,GLD-12,Apprentice,2025-09-29,
MEM-09847,WIZ-13436,GLD-11,apprentice,2026-05-07,
MEM-09848,WIZ-13440,GLD-06,adept,2024-09-21,
MEM-09849,WIZ-13442,GLD-07,adept,2024-12-21,
MEM-09850,WIZ-13443,GLD-11,apprentice,2023-11-18,
MEM-09851,WIZ-13445,GLD-09,apprentice,2025-06-05,
MEM-09852,WIZ-13446,GLD-01,apprentice,2026-02-21,2026-05-04
MEM-09853,WIZ-13446,GLD-01,ADEPT,2026-05-04,
MEM-09854,WIZ-13447,GLD-10,apprentice,2026-06-12,
MEM-09855,WIZ-13448,GLD-04,apprentice,2025-12-07,
MEM-09856,WIZ-13449,GLD-11,archmage,2023-12-05,
MEM-09857,WIZ-13450,GLD-02,adept,2024-07-29,
MEM-09858,WIZ-13451,GLD-07,ARCHMAGE,2025-10-17,
MEM-09859,WIZ-13452,GLD-04,apprentice,2023-04-23,
MEM-09860,WIZ-13454,GLD-10,adept,2026-05-02,
MEM-09861,WIZ-13455,GLD-02,apprentice,2023-02-15,
MEM-09862,WIZ-13456,GLD-10,APPRENTICE,2023-11-12,
MEM-09863,WIZ-13458,GLD-10,Apprentice,2026-01-31,
MEM-09864,WIZ-13460,GLD-01,apprentice,2024-07-07,2024-08-26
MEM-09865,WIZ-13460,GLD-01,ADEPT,2024-08-26,
MEM-09866,WIZ-13463,GLD-10,apprentice,2025-12-20,
MEM-09867,WIZ-13464,GLD-11,Apprentice,2025-06-24,
MEM-09868,WIZ-13465,GLD-08,apprentice,2025-05-11,
MEM-09869,WIZ-13468,GLD-09,apprentice,2026-04-06,
MEM-09870,WIZ-13469,GLD-11,apprentice,2026-03-23,
MEM-09871,WIZ-13470,GLD-01,apprentice,2024-04-05,
MEM-09872,WIZ-13474,GLD-03,adept,2023-07-21,
MEM-09873,WIZ-13477,GLD-05,apprentice,2024-02-16,
MEM-09874,WIZ-13478,GLD-02,adept,2026-05-14,
MEM-09875,WIZ-13480,GLD-11,apprentice,2025-12-10,
MEM-09876,WIZ-13483,GLD-02,apprentice,2026-01-30,
MEM-09877,WIZ-13485,GLD-10,apprentice,2023-07-26,
MEM-09878,WIZ-13486,GLD-01,Apprentice,2025-03-25,
MEM-09879,WIZ-13488,GLD-06,apprentice,2026-01-30,
MEM-09880,WIZ-13490,GLD-08,adept,2025-04-01,2025-08-18
MEM-09881,WIZ-13490,GLD-08,ARCHMAGE,2025-08-18,
MEM-09882,WIZ-13491,GLD-08,archmage,2025-10-04,
MEM-09883,WIZ-13492,GLD-09,adept,2024-04-21,
MEM-09884,WIZ-13493,GLD-08,adept,2024-07-23,2025-10-21
MEM-09885,WIZ-13493,GLD-08,Archmage,2025-10-21,
MEM-09886,WIZ-13494,GLD-09,adept,2025-03-30,
MEM-09887,WIZ-13495,GLD-04,apprentice,2026-02-05,2026-06-24
MEM-09888,WIZ-13495,GLD-04,adept,2026-06-24,
MEM-09889,WIZ-13496,GLD-08,Archmage,2023-12-16,
MEM-09890,WIZ-13498,GLD-02,adept,2023-10-11,
MEM-09891,WIZ-13500,GLD-05,adept,2026-06-26,
MEM-09892,WIZ-13505,GLD-07,apprentice,2026-04-06,
MEM-09893,WIZ-13506,GLD-07,apprentice,2025-10-20,
MEM-09894,WIZ-13508,GLD-09,adept,2023-07-20,
MEM-09895,WIZ-13510,GLD-04,adept,2023-09-14,2025-07-09
MEM-09896,WIZ-13510,GLD-04,archmage,2025-07-09,
MEM-09897,WIZ-13511,GLD-05,ARCHMAGE,2026-04-02,
MEM-09898,WIZ-13513,GLD-01,adept,2024-02-28,
MEM-09899,WIZ-13514,GLD-10,Archmage,2026-04-07,
MEM-09900,WIZ-13515,GLD-01,adept,2024-03-09,
MEM-09901,WIZ-13516,GLD-06,Adept,2026-02-02,
MEM-09902,WIZ-13517,GLD-10,adept,2023-09-08,2025-02-05
MEM-09903,WIZ-13517,GLD-10,archmage,2025-02-05,
MEM-09904,WIZ-13518,GLD-04,apprentice,2025-06-11,
MEM-09905,WIZ-13521,GLD-03,Apprentice,2026-06-25,
MEM-09906,WIZ-13522,GLD-08,APPRENTICE,2024-12-07,
MEM-09907,WIZ-13524,GLD-05,adept,2026-01-18,2026-04-24
MEM-09908,WIZ-13524,GLD-05,archmage,2026-04-24,
MEM-09909,WIZ-13526,GLD-02,apprentice,2025-10-23,
MEM-09910,WIZ-13527,GLD-04,adept,2025-04-17,2026-01-14
MEM-09911,WIZ-13527,GLD-04,archmage,2026-01-14,
MEM-09912,WIZ-13531,GLD-07,apprentice,2026-03-14,
MEM-09913,WIZ-13533,GLD-03,apprentice,2025-09-05,
MEM-09914,WIZ-13534,GLD-04,Apprentice,2023-06-28,
MEM-09915,WIZ-13535,GLD-01,apprentice,2025-02-03,
MEM-09916,WIZ-13536,GLD-01,apprentice,2026-04-07,
MEM-09917,WIZ-13537,GLD-11,apprentice,2023-11-10,
MEM-09918,WIZ-13538,GLD-10,adept,2025-08-14,
MEM-09919,WIZ-13539,GLD-12,apprentice,2026-05-12,
MEM-09920,WIZ-13540,GLD-08,adept,2026-06-14,
MEM-09921,WIZ-13541,GLD-07,archmage,2024-09-11,
MEM-09922,WIZ-13542,GLD-05,apprentice,2026-03-25,
MEM-09923,WIZ-13543,GLD-11,APPRENTICE,2024-09-12,2026-05-30
MEM-09924,WIZ-13543,GLD-11,Adept,2026-05-30,
MEM-09925,WIZ-13546,GLD-10,Apprentice,2026-06-07,
MEM-09926,WIZ-13548,GLD-04,apprentice,2026-05-27,
MEM-09927,WIZ-13549,GLD-10,Apprentice,2023-09-22,
MEM-09928,WIZ-13550,GLD-05,APPRENTICE,2024-07-26,
MEM-09929,WIZ-13552,GLD-07,apprentice,2024-09-13,
MEM-09930,WIZ-13554,GLD-01,archmage,2025-01-30,
MEM-09931,WIZ-13555,GLD-12,Adept,2026-01-17,2026-04-11
MEM-09932,WIZ-13555,GLD-12,archmage,2026-04-11,
MEM-09933,WIZ-13556,GLD-05,apprentice,2024-12-13,
MEM-09934,WIZ-13557,GLD-09,apprentice,2026-06-27,
MEM-09935,WIZ-13558,GLD-09,apprentice,2023-12-29,
MEM-09936,WIZ-13559,GLD-11,apprentice,2024-04-14,
MEM-09937,WIZ-13560,GLD-01,archmage,2025-03-12,
MEM-09938,WIZ-13562,GLD-10,apprentice,2025-05-28,
MEM-09939,WIZ-13565,GLD-12,Adept,2026-05-03,
MEM-09940,WIZ-13567,GLD-03,apprentice,2025-10-31,2026-04-09
MEM-09941,WIZ-13567,GLD-03,adept,2026-04-09,
MEM-09942,WIZ-13568,GLD-10,apprentice,2023-10-19,
MEM-09943,WIZ-13571,GLD-09,apprentice,2024-02-09,
MEM-09944,WIZ-13573,GLD-05,apprentice,2024-02-15,
MEM-09945,WIZ-13574,GLD-10,APPRENTICE,2025-07-26,
MEM-09946,WIZ-13575,GLD-01,apprentice,2026-06-03,
MEM-09947,WIZ-13577,GLD-07,adept,2023-12-21,
MEM-09948,WIZ-13578,GLD-11,Apprentice,2026-01-01,
MEM-09949,WIZ-13579,GLD-04,archmage,2023-11-05,
MEM-09950,WIZ-13580,GLD-06,adept,2026-01-24,
MEM-09951,WIZ-13582,GLD-09,apprentice,2026-06-17,
MEM-09952,WIZ-13583,GLD-11,apprentice,2025-04-26,
MEM-09953,WIZ-13584,GLD-05,adept,2025-06-12,
MEM-09954,WIZ-13585,GLD-10,apprentice,2026-06-24,
MEM-09955,WIZ-13586,GLD-11,apprentice,2026-03-05,2026-05-18
MEM-09956,WIZ-13586,GLD-11,Adept,2026-05-18,
MEM-09957,WIZ-13587,GLD-08,adept,2025-03-22,
MEM-09958,WIZ-13588,GLD-10,apprentice,2023-01-27,
MEM-09959,WIZ-13589,GLD-12,adept,2025-10-28,
MEM-09960,WIZ-13590,GLD-10,APPRENTICE,2025-01-22,
MEM-09961,WIZ-13592,GLD-05,adept,2026-03-12,
MEM-09962,WIZ-13593,GLD-07,Apprentice,2025-07-26,
MEM-09963,WIZ-13594,GLD-06,apprentice,2023-12-10,
MEM-09964,WIZ-13595,GLD-06,apprentice,2025-10-20,
MEM-09965,WIZ-13596,GLD-11,adept,2024-06-13,
MEM-09966,WIZ-13598,GLD-11,apprentice,2025-10-16,
MEM-09967,WIZ-13599,GLD-10,apprentice,2025-02-04,
MEM-09968,WIZ-13601,GLD-08,apprentice,2025-05-09,
MEM-09969,WIZ-13603,GLD-10,apprentice,2025-10-15,
MEM-09970,WIZ-13607,GLD-06,Apprentice,2024-01-27,2025-12-12
MEM-09971,WIZ-13607,GLD-06,adept,2025-12-12,
MEM-09972,WIZ-13608,GLD-02,apprentice,2025-01-03,
MEM-09973,WIZ-13609,GLD-07,apprentice,2024-10-17,
MEM-09974,WIZ-13611,GLD-10,Adept,2025-08-18,
MEM-09975,WIZ-13612,GLD-04,adept,2024-12-11,
MEM-09976,WIZ-13613,GLD-10,Adept,2024-02-28,
MEM-09977,WIZ-13615,GLD-08,adept,2026-05-13,
MEM-09978,WIZ-13617,GLD-02,Apprentice,2025-02-21,
MEM-09979,WIZ-13618,GLD-03,apprentice,2026-01-04,
MEM-09980,WIZ-13619,GLD-02,ADEPT,2024-10-15,
MEM-09981,WIZ-13620,GLD-12,apprentice,2024-12-28,
MEM-09982,WIZ-13621,GLD-02,apprentice,2026-06-01,
MEM-09983,WIZ-13622,GLD-02,apprentice,2025-08-21,2026-05-18
MEM-09984,WIZ-13622,GLD-02,adept,2026-05-18,
MEM-09985,WIZ-13623,GLD-04,apprentice,2023-11-11,
MEM-09986,WIZ-13624,GLD-03,Adept,2025-08-25,
MEM-09987,WIZ-13626,GLD-04,adept,2024-03-27,
MEM-09988,WIZ-13627,GLD-12,apprentice,2026-05-31,
MEM-09989,WIZ-13628,GLD-10,adept,2026-05-25,
MEM-09990,WIZ-13629,GLD-12,archmage,2024-07-26,
MEM-09991,WIZ-13630,GLD-04,Apprentice,2026-06-16,
MEM-09992,WIZ-13632,GLD-12,ADEPT,2024-09-18,
MEM-09993,WIZ-13633,GLD-05,apprentice,2024-02-10,
MEM-09994,WIZ-13634,GLD-05,APPRENTICE,2024-04-19,
MEM-09995,WIZ-13636,GLD-12,adept,2024-11-23,2025-12-23
MEM-09996,WIZ-13636,GLD-12,archmage,2025-12-23,
MEM-09997,WIZ-13637,GLD-05,apprentice,2024-08-29,
MEM-09998,WIZ-13639,GLD-03,APPRENTICE,2025-08-17,
MEM-09999,WIZ-13640,GLD-12,Archmage,2024-11-04,
MEM-10000,WIZ-13641,GLD-01,apprentice,2024-11-16,2025-01-23
MEM-10001,WIZ-13641,GLD-01,adept,2025-01-23,
MEM-10002,WIZ-13643,GLD-03,Apprentice,2026-06-11,
MEM-10003,WIZ-13644,GLD-05,apprentice,2024-05-04,
MEM-10004,WIZ-13646,GLD-10,ADEPT,2024-12-06,
MEM-10005,WIZ-13647,GLD-10,ARCHMAGE,2025-05-07,
MEM-10006,WIZ-13648,GLD-09,apprentice,2023-06-27,
MEM-10007,WIZ-13649,GLD-06,archmage,2026-06-11,
MEM-10008,WIZ-13650,GLD-06,APPRENTICE,2026-03-28,
MEM-10009,WIZ-13651,GLD-02,apprentice,2026-05-28,
MEM-10010,WIZ-13653,GLD-02,adept,2026-03-04,
MEM-10011,WIZ-13654,GLD-06,apprentice,2025-09-06,
MEM-10012,WIZ-13655,GLD-05,Adept,2024-02-28,
MEM-10013,WIZ-13656,GLD-12,apprentice,2023-11-23,
MEM-10014,WIZ-13658,GLD-06,adept,2024-03-04,
MEM-10015,WIZ-13659,GLD-02,APPRENTICE,2026-05-18,
MEM-10016,WIZ-13660,GLD-06,Adept,2024-04-23,
MEM-10017,WIZ-13661,GLD-02,Adept,2026-01-18,
MEM-10018,WIZ-13662,GLD-09,apprentice,2024-04-04,
MEM-10019,WIZ-13663,GLD-02,apprentice,2026-05-05,
MEM-10020,WIZ-13664,GLD-11,Apprentice,2024-12-17,
MEM-10021,WIZ-13665,GLD-03,adept,2024-06-10,
MEM-10022,WIZ-13666,GLD-11,apprentice,2025-12-04,
MEM-10023,WIZ-13669,GLD-03,adept,2024-11-17,
MEM-10024,WIZ-13670,GLD-09,apprentice,2024-03-25,2025-04-15
MEM-10025,WIZ-13670,GLD-09,adept,2025-04-15,
MEM-10026,WIZ-13671,GLD-10,apprentice,2025-01-26,
MEM-10027,WIZ-13672,GLD-10,adept,2025-12-03,
MEM-10028,WIZ-13675,GLD-10,adept,2026-05-29,
MEM-10029,WIZ-13676,GLD-03,apprentice,2025-07-23,
MEM-10030,WIZ-13677,GLD-04,Apprentice,2024-10-06,
MEM-10031,WIZ-13678,GLD-01,adept,2023-08-13,
MEM-10032,WIZ-13679,GLD-04,APPRENTICE,2023-10-30,
MEM-10033,WIZ-13682,GLD-10,Adept,2024-11-09,
MEM-10034,WIZ-13685,GLD-08,ADEPT,2023-08-21,
MEM-10035,WIZ-13686,GLD-02,adept,2026-02-15,2026-05-03
MEM-10036,WIZ-13686,GLD-02,archmage,2026-05-03,
MEM-10037,WIZ-13687,GLD-03,apprentice,2024-04-27,
MEM-10038,WIZ-13688,GLD-12,apprentice,2025-08-02,
MEM-10039,WIZ-13689,GLD-06,apprentice,2024-09-06,
MEM-10040,WIZ-13691,GLD-02,apprentice,2024-06-27,
MEM-10041,WIZ-13693,GLD-03,apprentice,2025-08-19,
MEM-10042,WIZ-13694,GLD-09,adept,2026-05-10,
MEM-10043,WIZ-13695,GLD-01,apprentice,2026-02-01,
MEM-10044,WIZ-13696,GLD-01,APPRENTICE,2026-06-20,
MEM-10045,WIZ-13697,GLD-04,Adept,2024-05-21,
MEM-10046,WIZ-13698,GLD-07,apprentice,2025-05-30,
MEM-10047,WIZ-13699,GLD-05,ARCHMAGE,2026-06-27,
MEM-10048,WIZ-13701,GLD-05,apprentice,2025-11-11,
MEM-10049,WIZ-13703,GLD-09,apprentice,2025-03-05,
MEM-10050,WIZ-13706,GLD-05,apprentice,2025-07-19,
MEM-10051,WIZ-13708,GLD-07,apprentice,2025-11-08,2026-03-15
MEM-10052,WIZ-13708,GLD-07,adept,2026-03-15,
MEM-10053,WIZ-13709,GLD-10,archmage,2026-03-12,
MEM-10054,WIZ-13710,GLD-12,apprentice,2023-11-17,
MEM-10055,WIZ-13711,GLD-10,ADEPT,2026-06-12,
MEM-10056,WIZ-13712,GLD-05,adept,2024-07-09,
MEM-10057,WIZ-13714,GLD-01,APPRENTICE,2025-02-10,2025-03-14
MEM-10058,WIZ-13714,GLD-01,adept,2025-03-14,
MEM-10059,WIZ-13718,GLD-09,apprentice,2024-05-31,2024-08-23
MEM-10060,WIZ-13718,GLD-09,adept,2024-08-23,
MEM-10061,WIZ-13719,GLD-11,adept,2025-02-28,
MEM-10062,WIZ-13721,GLD-09,Apprentice,2026-06-07,
MEM-10063,WIZ-13722,GLD-03,apprentice,2026-02-27,
MEM-10064,WIZ-13724,GLD-08,apprentice,2024-09-25,
MEM-10065,WIZ-13726,GLD-12,apprentice,2023-11-05,
MEM-10066,WIZ-13727,GLD-05,apprentice,2024-02-08,
MEM-10067,WIZ-13728,GLD-10,apprentice,2026-06-18,
MEM-10068,WIZ-13729,GLD-02,apprentice,2026-04-21,
MEM-10069,WIZ-13730,GLD-04,Apprentice,2025-12-28,2026-02-10
MEM-10070,WIZ-13730,GLD-04,Adept,2026-02-10,
MEM-10071,WIZ-13731,GLD-09,adept,2026-05-18,
MEM-10072,WIZ-13732,GLD-10,ADEPT,2024-11-22,
MEM-10073,WIZ-13735,GLD-09,apprentice,2025-10-18,
MEM-10074,WIZ-13736,GLD-05,apprentice,2025-02-09,
MEM-10075,WIZ-13738,GLD-12,apprentice,2025-04-10,2025-12-30
MEM-10076,WIZ-13738,GLD-12,adept,2025-12-30,
MEM-10077,WIZ-13743,GLD-07,archmage,2025-06-05,
MEM-10078,WIZ-13747,GLD-05,apprentice,2025-10-26,
MEM-10079,WIZ-13748,GLD-04,Adept,2024-05-08,
MEM-10080,WIZ-13750,GLD-02,apprentice,2026-05-29,
MEM-10081,WIZ-13751,GLD-07,apprentice,2026-03-28,
MEM-10082,WIZ-13752,GLD-05,Apprentice,2024-05-15,
MEM-10083,WIZ-13753,GLD-08,adept,2026-05-12,
MEM-10084,WIZ-13754,GLD-07,apprentice,2025-10-29,
MEM-10085,WIZ-13755,GLD-01,APPRENTICE,2024-08-26,
MEM-10086,WIZ-13757,GLD-02,apprentice,2023-09-30,
MEM-10087,WIZ-13759,GLD-06,apprentice,2025-05-25,2026-06-28
MEM-10088,WIZ-13759,GLD-06,adept,2026-06-28,
MEM-10089,WIZ-13760,GLD-12,APPRENTICE,2025-09-12,
MEM-10090,WIZ-13762,GLD-11,apprentice,2024-06-21,
MEM-10091,WIZ-13763,GLD-10,apprentice,2025-09-14,
MEM-10092,WIZ-13764,GLD-12,apprentice,2025-12-31,
MEM-10093,WIZ-13766,GLD-04,APPRENTICE,2025-07-18,
MEM-10094,WIZ-13767,GLD-11,apprentice,2026-02-11,
MEM-10095,WIZ-13768,GLD-02,apprentice,2024-01-02,
MEM-10096,WIZ-13769,GLD-12,Apprentice,2026-06-07,
MEM-10097,WIZ-13770,GLD-05,adept,2024-10-31,2025-03-08
MEM-10098,WIZ-13770,GLD-05,Archmage,2025-03-08,
MEM-10099,WIZ-13772,GLD-03,Adept,2026-04-16,
MEM-10100,WIZ-13774,GLD-01,apprentice,2024-03-14,
MEM-10101,WIZ-13780,GLD-10,adept,2023-10-07,
MEM-10102,WIZ-13781,GLD-04,apprentice,2024-05-06,
MEM-10103,WIZ-13782,GLD-07,apprentice,2024-07-03,
MEM-10104,WIZ-13785,GLD-08,Archmage,2026-06-30,
MEM-10105,WIZ-13787,GLD-01,Adept,2025-01-18,
MEM-10106,WIZ-13788,GLD-11,Apprentice,2024-07-07,
MEM-10107,WIZ-13789,GLD-02,apprentice,2026-03-05,
MEM-10108,WIZ-13790,GLD-11,adept,2023-10-22,
MEM-10109,WIZ-13792,GLD-09,Apprentice,2025-08-07,
MEM-10110,WIZ-13793,GLD-11,apprentice,2023-09-01,2024-02-07
MEM-10111,WIZ-13793,GLD-11,adept,2024-02-07,
MEM-10112,WIZ-13794,GLD-11,APPRENTICE,2023-06-27,
MEM-10113,WIZ-13795,GLD-10,apprentice,2024-10-06,
MEM-10114,WIZ-13796,GLD-05,apprentice,2024-03-01,
MEM-10115,WIZ-13797,GLD-04,adept,2024-12-22,
MEM-10116,WIZ-13798,GLD-10,apprentice,2024-03-30,
MEM-10117,WIZ-13800,GLD-07,archmage,2024-02-18,
MEM-10118,WIZ-13801,GLD-10,archmage,2025-08-15,
MEM-10119,WIZ-13802,GLD-11,apprentice,2025-10-31,
MEM-10120,WIZ-13804,GLD-01,Apprentice,2024-07-07,
MEM-10121,WIZ-13805,GLD-06,archmage,2024-10-04,
MEM-10122,WIZ-13806,GLD-01,apprentice,2024-01-03,
MEM-10123,WIZ-13808,GLD-12,adept,2025-10-18,2025-12-12
MEM-10124,WIZ-13808,GLD-12,archmage,2025-12-12,
MEM-10125,WIZ-13810,GLD-03,archmage,2026-01-11,
MEM-10126,WIZ-13811,GLD-03,adept,2023-11-29,
MEM-10127,WIZ-13814,GLD-10,APPRENTICE,2024-11-05,2026-05-03
MEM-10128,WIZ-13814,GLD-10,adept,2026-05-03,
MEM-10129,WIZ-13816,GLD-05,archmage,2026-05-21,
MEM-10130,WIZ-13819,GLD-01,apprentice,2025-09-30,2026-05-24
MEM-10131,WIZ-13819,GLD-01,adept,2026-05-24,
MEM-10132,WIZ-13820,GLD-06,apprentice,2025-11-29,
MEM-10133,WIZ-13821,GLD-06,apprentice,2024-08-23,
MEM-10134,WIZ-13822,GLD-04,archmage,2024-10-19,
MEM-10135,WIZ-13823,GLD-09,apprentice,2024-03-16,
MEM-10136,WIZ-13824,GLD-02,Apprentice,2026-06-21,
MEM-10137,WIZ-13826,GLD-09,Apprentice,2024-04-28,
MEM-10138,WIZ-13827,GLD-11,APPRENTICE,2025-05-26,2026-06-26
MEM-10139,WIZ-13827,GLD-11,adept,2026-06-26,
MEM-10140,WIZ-13829,GLD-12,apprentice,2024-03-01,
MEM-10141,WIZ-13832,GLD-11,adept,2025-03-13,
MEM-10142,WIZ-13833,GLD-12,apprentice,2024-05-26,
MEM-10143,WIZ-13840,GLD-09,Apprentice,2024-02-11,
MEM-10144,WIZ-13842,GLD-05,archmage,2026-06-02,
MEM-10145,WIZ-13843,GLD-02,ADEPT,2024-06-20,
MEM-10146,WIZ-13844,GLD-02,apprentice,2025-06-25,
MEM-10147,WIZ-13847,GLD-04,apprentice,2026-01-14,
MEM-10148,WIZ-13848,GLD-01,archmage,2026-02-27,
MEM-10149,WIZ-13849,GLD-03,apprentice,2025-10-23,
MEM-10150,WIZ-13850,GLD-10,APPRENTICE,2025-07-29,
MEM-10151,WIZ-13851,GLD-12,apprentice,2026-05-05,
MEM-10152,WIZ-13852,GLD-05,apprentice,2024-12-09,
MEM-10153,WIZ-13854,GLD-06,Apprentice,2025-02-18,
MEM-10154,WIZ-13857,GLD-04,adept,2026-03-01,
MEM-10155,WIZ-13860,GLD-01,adept,2024-11-05,
MEM-10156,WIZ-13863,GLD-04,archmage,2025-04-13,
MEM-10157,WIZ-13865,GLD-07,apprentice,2025-04-18,
MEM-10158,WIZ-13866,GLD-01,adept,2024-12-08,
MEM-10159,WIZ-13867,GLD-07,archmage,2026-05-02,
MEM-10160,WIZ-13869,GLD-07,apprentice,2026-06-19,
MEM-10161,WIZ-13870,GLD-02,apprentice,2026-03-13,
MEM-10162,WIZ-13871,GLD-03,Apprentice,2025-12-27,
MEM-10163,WIZ-13872,GLD-06,adept,2024-02-15,
MEM-10164,WIZ-13873,GLD-02,adept,2024-05-29,
MEM-10165,WIZ-13874,GLD-01,apprentice,2026-02-17,2026-04-16
MEM-10166,WIZ-13874,GLD-01,adept,2026-04-16,
MEM-10167,WIZ-13875,GLD-06,adept,2024-07-09,
MEM-10168,WIZ-13876,GLD-01,adept,2026-05-10,
MEM-10169,WIZ-13877,GLD-09,Apprentice,2025-05-14,
MEM-10170,WIZ-13878,GLD-09,adept,2024-10-31,
MEM-10171,WIZ-13879,GLD-12,adept,2024-09-18,
MEM-10172,WIZ-13880,GLD-03,adept,2026-06-04,
MEM-10173,WIZ-13881,GLD-05,APPRENTICE,2026-06-03,
MEM-10174,WIZ-13883,GLD-10,apprentice,2024-05-13,
MEM-10175,WIZ-13885,GLD-08,apprentice,2023-05-21,
MEM-10176,WIZ-13888,GLD-04,archmage,2024-03-22,
MEM-10177,WIZ-13889,GLD-07,Adept,2026-01-15,
MEM-10178,WIZ-13890,GLD-05,apprentice,2023-11-12,
MEM-10179,WIZ-13892,GLD-05,apprentice,2026-01-13,
MEM-10180,WIZ-13893,GLD-05,apprentice,2025-07-17,
MEM-10181,WIZ-13896,GLD-11,apprentice,2025-03-12,
MEM-10182,WIZ-13897,GLD-07,adept,2024-01-08,
MEM-10183,WIZ-13899,GLD-11,Apprentice,2025-07-13,
MEM-10184,WIZ-13900,GLD-03,apprentice,2024-07-30,
MEM-10185,WIZ-13902,GLD-12,archmage,2023-07-06,
MEM-10186,WIZ-13903,GLD-10,apprentice,2025-09-04,2026-02-24
MEM-10187,WIZ-13903,GLD-10,adept,2026-02-24,
MEM-10188,WIZ-13905,GLD-08,Apprentice,2024-06-04,2025-12-30
MEM-10189,WIZ-13905,GLD-08,adept,2025-12-30,
MEM-10190,WIZ-13906,GLD-09,adept,2025-03-10,
MEM-10191,WIZ-13909,GLD-06,apprentice,2024-02-16,2024-04-10
MEM-10192,WIZ-13909,GLD-06,Adept,2024-04-10,
MEM-10193,WIZ-13911,GLD-01,apprentice,2026-04-20,2026-06-01
MEM-10194,WIZ-13911,GLD-01,adept,2026-06-01,
MEM-10195,WIZ-13912,GLD-05,apprentice,2026-01-23,
MEM-10196,WIZ-13913,GLD-09,Adept,2024-10-19,2026-01-19
MEM-10197,WIZ-13913,GLD-09,archmage,2026-01-19,
MEM-10198,WIZ-13915,GLD-10,apprentice,2025-05-27,
MEM-10199,WIZ-13920,GLD-03,adept,2025-09-27,
MEM-10200,WIZ-13921,GLD-05,apprentice,2025-01-07,
MEM-10201,WIZ-13922,GLD-09,apprentice,2025-08-27,
MEM-10202,WIZ-13924,GLD-07,apprentice,2026-05-04,
MEM-10203,WIZ-13926,GLD-02,APPRENTICE,2025-06-21,
MEM-10204,WIZ-13927,GLD-02,apprentice,2025-07-10,
MEM-10205,WIZ-13928,GLD-08,archmage,2026-06-07,
MEM-10206,WIZ-13929,GLD-12,apprentice,2023-09-18,
MEM-10207,WIZ-13930,GLD-05,Apprentice,2026-04-16,2026-06-30
MEM-10208,WIZ-13930,GLD-05,adept,2026-06-30,
MEM-10209,WIZ-13931,GLD-10,ARCHMAGE,2024-09-15,
MEM-10210,WIZ-13932,GLD-12,adept,2025-07-25,
MEM-10211,WIZ-13933,GLD-09,apprentice,2025-09-10,
MEM-10212,WIZ-13934,GLD-11,apprentice,2023-10-02,
MEM-10213,WIZ-13940,GLD-06,APPRENTICE,2024-12-23,
MEM-10214,WIZ-13941,GLD-03,apprentice,2025-05-05,
MEM-10215,WIZ-13942,GLD-08,Apprentice,2023-04-18,
MEM-10216,WIZ-13944,GLD-11,archmage,2025-07-21,
MEM-10217,WIZ-13947,GLD-02,APPRENTICE,2026-06-09,
MEM-10218,WIZ-13949,GLD-08,apprentice,2024-10-27,
MEM-10219,WIZ-13952,GLD-07,apprentice,2026-05-21,
MEM-10220,WIZ-13953,GLD-09,Apprentice,2025-10-18,
MEM-10221,WIZ-13955,GLD-07,Apprentice,2025-07-12,
MEM-10222,WIZ-13956,GLD-03,apprentice,2025-03-06,
MEM-10223,WIZ-13957,GLD-02,adept,2026-03-06,2026-06-07
MEM-10224,WIZ-13957,GLD-02,Archmage,2026-06-07,
MEM-10225,WIZ-13961,GLD-11,APPRENTICE,2024-08-29,
MEM-10226,WIZ-13964,GLD-12,Adept,2024-05-13,
MEM-10227,WIZ-13965,GLD-04,apprentice,2026-02-04,
MEM-10228,WIZ-13967,GLD-07,apprentice,2025-02-17,
MEM-10229,WIZ-13968,GLD-10,apprentice,2024-09-08,
MEM-10230,WIZ-13970,GLD-10,archmage,2025-10-02,
MEM-10231,WIZ-13971,GLD-08,Archmage,2026-06-25,
MEM-10232,WIZ-13972,GLD-07,adept,2024-04-20,
MEM-10233,WIZ-13974,GLD-04,adept,2023-07-12,
MEM-10234,WIZ-13975,GLD-01,apprentice,2025-07-09,2026-05-29
MEM-10235,WIZ-13975,GLD-01,adept,2026-05-29,
MEM-10236,WIZ-13976,GLD-07,apprentice,2023-12-11,
MEM-10237,WIZ-13977,GLD-03,apprentice,2025-06-28,
MEM-10238,WIZ-13978,GLD-02,Adept,2023-11-03,
MEM-10239,WIZ-13980,GLD-01,apprentice,2024-05-15,
MEM-10240,WIZ-13983,GLD-09,adept,2023-12-08,
MEM-10241,WIZ-13984,GLD-09,archmage,2025-05-23,
MEM-10242,WIZ-13985,GLD-01,apprentice,2025-10-08,
MEM-10243,WIZ-13986,GLD-11,APPRENTICE,2024-07-19,
MEM-10244,WIZ-13987,GLD-01,Apprentice,2026-04-21,
MEM-10245,WIZ-13988,GLD-11,adept,2026-03-05,
MEM-10246,WIZ-13989,GLD-05,apprentice,2025-04-25,
MEM-10247,WIZ-13990,GLD-01,Apprentice,2024-08-26,
MEM-10248,WIZ-13991,GLD-01,apprentice,2025-02-02,
MEM-10249,WIZ-13992,GLD-09,apprentice,2025-11-04,
MEM-10250,WIZ-13995,GLD-01,Apprentice,2026-05-01,
MEM-10251,WIZ-13997,GLD-01,Apprentice,2024-11-11,
MEM-10252,WIZ-13999,GLD-01,Apprentice,2025-05-04,
MEM-10253,WIZ-14001,GLD-04,apprentice,2024-06-14,2025-10-07
MEM-10254,WIZ-14001,GLD-04,adept,2025-10-07,
MEM-10255,WIZ-14002,GLD-03,adept,2023-06-03,
MEM-10256,WIZ-14006,GLD-10,adept,2026-05-25,
MEM-10257,WIZ-14007,GLD-04,apprentice,2024-09-21,
MEM-10258,WIZ-14008,GLD-02,apprentice,2024-06-06,2025-10-17
MEM-10259,WIZ-14008,GLD-02,adept,2025-10-17,
MEM-10260,WIZ-14009,GLD-08,apprentice,2026-02-06,
MEM-10261,WIZ-14014,GLD-04,apprentice,2025-09-15,2026-02-28
MEM-10262,WIZ-14014,GLD-04,adept,2026-02-28,
MEM-10263,WIZ-14015,GLD-11,apprentice,2025-01-07,
MEM-10264,WIZ-14017,GLD-11,apprentice,2026-04-20,
MEM-10265,WIZ-14018,GLD-08,apprentice,2026-06-10,
MEM-10266,WIZ-14019,GLD-07,Apprentice,2026-05-09,
MEM-10267,WIZ-14020,GLD-11,archmage,2024-10-16,
MEM-10268,WIZ-14021,GLD-03,adept,2025-06-02,
MEM-10269,WIZ-14022,GLD-12,apprentice,2025-03-16,
MEM-10270,WIZ-14023,GLD-04,Apprentice,2026-02-16,2026-04-09
MEM-10271,WIZ-14023,GLD-04,Adept,2026-04-09,
MEM-10272,WIZ-14024,GLD-07,APPRENTICE,2026-06-21,
MEM-10273,WIZ-14026,GLD-12,Adept,2025-11-05,
MEM-10274,WIZ-14028,GLD-10,apprentice,2026-05-26,
MEM-10275,WIZ-14029,GLD-08,Apprentice,2025-11-28,
MEM-10276,WIZ-14031,GLD-08,adept,2025-03-10,
MEM-10277,WIZ-14032,GLD-09,apprentice,2025-10-18,
MEM-10278,WIZ-14033,GLD-08,apprentice,2025-07-26,
MEM-10279,WIZ-14034,GLD-11,ADEPT,2026-01-22,
MEM-10280,WIZ-14035,GLD-10,archmage,2024-12-30,
MEM-10281,WIZ-14036,GLD-06,apprentice,2024-11-17,
MEM-10282,WIZ-14037,GLD-02,APPRENTICE,2026-05-22,
MEM-10283,WIZ-14038,GLD-06,apprentice,2025-08-12,
MEM-10284,WIZ-14039,GLD-06,adept,2025-05-22,
MEM-10285,WIZ-14040,GLD-08,ADEPT,2026-01-31,
MEM-10286,WIZ-14041,GLD-09,apprentice,2026-06-18,
MEM-10287,WIZ-14042,GLD-01,apprentice,2025-09-05,2026-02-15
MEM-10288,WIZ-14042,GLD-01,adept,2026-02-15,
MEM-10289,WIZ-14043,GLD-02,apprentice,2026-06-27,
MEM-10290,WIZ-14047,GLD-01,apprentice,2023-08-10,
MEM-10291,WIZ-14048,GLD-06,apprentice,2024-12-05,
MEM-10292,WIZ-14049,GLD-02,adept,2025-03-28,
MEM-10293,WIZ-14050,GLD-03,Apprentice,2025-12-04,
MEM-10294,WIZ-14052,GLD-06,apprentice,2023-02-21,
MEM-10295,WIZ-14056,GLD-05,adept,2026-06-13,
MEM-10296,WIZ-14058,GLD-07,adept,2024-02-27,
MEM-10297,WIZ-14060,GLD-12,apprentice,2025-01-25,
MEM-10298,WIZ-14061,GLD-10,ARCHMAGE,2025-10-05,
MEM-10299,WIZ-14062,GLD-06,apprentice,2023-07-12,
MEM-10300,WIZ-14063,GLD-12,archmage,2024-09-30,
MEM-10301,WIZ-14064,GLD-06,adept,2024-03-12,
MEM-10302,WIZ-14066,GLD-10,Apprentice,2026-03-28,
MEM-10303,WIZ-14068,GLD-11,adept,2026-03-25,
MEM-10304,WIZ-14069,GLD-07,Apprentice,2023-08-06,
MEM-10305,WIZ-14071,GLD-09,adept,2024-10-23,
MEM-10306,WIZ-14072,GLD-02,apprentice,2025-12-06,
MEM-10307,WIZ-14073,GLD-11,adept,2024-01-24,
MEM-10308,WIZ-14075,GLD-04,apprentice,2024-03-12,
MEM-10309,WIZ-14076,GLD-01,apprentice,2024-05-15,
MEM-10310,WIZ-14077,GLD-09,apprentice,2023-09-04,
MEM-10311,WIZ-14078,GLD-06,apprentice,2023-09-07,
MEM-10312,WIZ-14079,GLD-07,apprentice,2026-01-19,
MEM-10313,WIZ-14080,GLD-05,archmage,2024-06-09,
MEM-10314,WIZ-14081,GLD-10,ARCHMAGE,2024-05-15,
MEM-10315,WIZ-14082,GLD-04,adept,2026-06-30,
MEM-10316,WIZ-14083,GLD-02,apprentice,2026-03-25,
MEM-10317,WIZ-14084,GLD-09,apprentice,2025-01-10,
MEM-10318,WIZ-14085,GLD-08,apprentice,2026-06-06,
MEM-10319,WIZ-14087,GLD-01,apprentice,2025-01-06,
MEM-10320,WIZ-14088,GLD-12,apprentice,2024-07-22,2025-06-19
MEM-10321,WIZ-14088,GLD-12,adept,2025-06-19,
MEM-10322,WIZ-14090,GLD-02,adept,2024-03-26,
MEM-10323,WIZ-14091,GLD-12,Adept,2026-06-17,
MEM-10324,WIZ-14094,GLD-08,adept,2024-11-11,
MEM-10325,WIZ-14095,GLD-12,adept,2025-02-24,
MEM-10326,WIZ-14096,GLD-10,archmage,2025-08-04,
MEM-10327,WIZ-14098,GLD-11,apprentice,2025-03-14,
MEM-10328,WIZ-14101,GLD-03,apprentice,2026-01-10,
MEM-10329,WIZ-14102,GLD-01,Apprentice,2023-08-09,
MEM-10330,WIZ-14103,GLD-04,archmage,2025-11-13,
MEM-10331,WIZ-14104,GLD-08,Apprentice,2026-05-13,
MEM-10332,WIZ-14105,GLD-02,apprentice,2024-02-12,
MEM-10333,WIZ-14106,GLD-08,adept,2025-11-27,
MEM-10334,WIZ-14107,GLD-06,Apprentice,2025-01-03,
MEM-10335,WIZ-14109,GLD-07,Apprentice,2025-08-08,
MEM-10336,WIZ-14110,GLD-07,Adept,2026-03-01,
MEM-10337,WIZ-14111,GLD-05,adept,2025-09-01,
MEM-10338,WIZ-14116,GLD-08,apprentice,2025-09-11,
MEM-10339,WIZ-14117,GLD-11,ADEPT,2025-07-08,
MEM-10340,WIZ-14119,GLD-10,ADEPT,2026-06-25,
MEM-10341,WIZ-14120,GLD-09,apprentice,2024-04-26,
MEM-10342,WIZ-14121,GLD-09,apprentice,2024-05-11,
MEM-10343,WIZ-14124,GLD-08,apprentice,2024-07-01,
MEM-10344,WIZ-14129,GLD-08,Archmage,2025-06-24,
MEM-10345,WIZ-14130,GLD-04,Apprentice,2024-10-08,
MEM-10346,WIZ-14131,GLD-03,APPRENTICE,2025-10-08,
MEM-10347,WIZ-14133,GLD-04,apprentice,2026-04-09,
MEM-10348,WIZ-14136,GLD-07,apprentice,2024-10-13,2024-12-07
MEM-10349,WIZ-14136,GLD-07,Adept,2024-12-07,
MEM-10350,WIZ-14137,GLD-07,apprentice,2025-03-08,2025-08-02
MEM-10351,WIZ-14137,GLD-07,adept,2025-08-02,
MEM-10352,WIZ-14138,GLD-10,adept,2026-06-02,
MEM-10353,WIZ-14139,GLD-08,adept,2024-08-01,
MEM-10354,WIZ-14140,GLD-07,Apprentice,2025-01-19,2026-03-25
MEM-10355,WIZ-14140,GLD-07,adept,2026-03-25,
MEM-10356,WIZ-14142,GLD-10,apprentice,2026-04-08,2026-05-23
MEM-10357,WIZ-14142,GLD-10,adept,2026-05-23,
MEM-10358,WIZ-14143,GLD-01,ADEPT,2023-06-22,
MEM-10359,WIZ-14146,GLD-10,apprentice,2024-07-24,
MEM-10360,WIZ-14148,GLD-10,ADEPT,2024-07-04,
MEM-10361,WIZ-14153,GLD-09,apprentice,2026-04-22,
MEM-10362,WIZ-14154,GLD-03,apprentice,2025-11-22,
MEM-10363,WIZ-14155,GLD-06,APPRENTICE,2023-08-16,2023-11-11
MEM-10364,WIZ-14155,GLD-06,adept,2023-11-11,
MEM-10365,WIZ-14156,GLD-10,apprentice,2025-07-09,
MEM-10366,WIZ-14157,GLD-09,apprentice,2024-01-13,
MEM-10367,WIZ-14159,GLD-05,APPRENTICE,2024-12-19,
MEM-10368,WIZ-14160,GLD-04,apprentice,2024-07-23,
MEM-10369,WIZ-14161,GLD-02,apprentice,2025-11-25,
MEM-10370,WIZ-14162,GLD-06,apprentice,2025-11-04,
MEM-10371,WIZ-14164,GLD-10,adept,2026-05-14,
MEM-10372,WIZ-14165,GLD-04,apprentice,2025-09-21,
MEM-10373,WIZ-14166,GLD-11,apprentice,2025-12-16,
MEM-10374,WIZ-14168,GLD-07,apprentice,2026-06-20,
MEM-10375,WIZ-14170,GLD-02,archmage,2024-08-15,
MEM-10376,WIZ-14171,GLD-08,adept,2026-06-29,
MEM-10377,WIZ-14173,GLD-11,Apprentice,2025-11-05,
MEM-10378,WIZ-14174,GLD-07,Apprentice,2024-06-03,
MEM-10379,WIZ-14175,GLD-03,apprentice,2026-06-28,
MEM-10380,WIZ-14176,GLD-12,adept,2026-01-31,
MEM-10381,WIZ-14177,GLD-12,adept,2025-04-19,2025-10-01
MEM-10382,WIZ-14177,GLD-12,Archmage,2025-10-01,
MEM-10383,WIZ-14178,GLD-09,apprentice,2024-10-02,
MEM-10384,WIZ-14179,GLD-07,archmage,2024-11-13,
MEM-10385,WIZ-14181,GLD-03,archmage,2026-02-05,
MEM-10386,WIZ-14183,GLD-04,APPRENTICE,2025-10-16,
MEM-10387,WIZ-14185,GLD-07,archmage,2025-12-17,
MEM-10388,WIZ-14186,GLD-11,archmage,2024-07-28,
MEM-10389,WIZ-14188,GLD-06,APPRENTICE,2024-04-08,
MEM-10390,WIZ-14192,GLD-03,adept,2024-09-10,2025-11-13
MEM-10391,WIZ-14192,GLD-03,archmage,2025-11-13,
MEM-10392,WIZ-14193,GLD-10,apprentice,2023-09-01,
MEM-10393,WIZ-14195,GLD-09,apprentice,2023-01-19,
MEM-10394,WIZ-14196,GLD-12,Apprentice,2024-11-02,
MEM-10395,WIZ-14197,GLD-08,adept,2023-11-22,
MEM-10396,WIZ-14201,GLD-05,apprentice,2025-07-20,
MEM-10397,WIZ-14202,GLD-06,archmage,2026-06-19,
MEM-10398,WIZ-14206,GLD-03,apprentice,2026-06-27,
MEM-10399,WIZ-14207,GLD-07,archmage,2025-12-12,
MEM-10400,WIZ-14208,GLD-05,apprentice,2023-12-26,2025-01-18
MEM-10401,WIZ-14208,GLD-05,Adept,2025-01-18,
MEM-10402,WIZ-14209,GLD-04,apprentice,2026-04-21,
MEM-10403,WIZ-14212,GLD-01,apprentice,2025-09-19,
MEM-10404,WIZ-14213,GLD-03,Apprentice,2026-03-05,
MEM-10405,WIZ-14214,GLD-12,apprentice,2025-07-02,
MEM-10406,WIZ-14215,GLD-10,apprentice,2024-07-10,
MEM-10407,WIZ-14217,GLD-04,apprentice,2025-03-17,
MEM-10408,WIZ-14218,GLD-02,apprentice,2024-05-13,
MEM-10409,WIZ-14223,GLD-08,Apprentice,2025-08-04,2026-05-18
MEM-10410,WIZ-14223,GLD-08,adept,2026-05-18,
MEM-10411,WIZ-14224,GLD-05,adept,2026-05-12,
MEM-10412,WIZ-14225,GLD-11,adept,2024-08-10,2026-01-25
MEM-10413,WIZ-14225,GLD-11,Archmage,2026-01-25,
MEM-10414,WIZ-14226,GLD-05,apprentice,2024-11-21,
MEM-10415,WIZ-14227,GLD-01,apprentice,2024-08-04,
MEM-10416,WIZ-14229,GLD-08,apprentice,2026-01-28,
MEM-10417,WIZ-14232,GLD-07,adept,2024-11-30,
MEM-10418,WIZ-14233,GLD-05,Apprentice,2025-05-31,
MEM-10419,WIZ-14237,GLD-02,adept,2024-07-20,
MEM-10420,WIZ-14238,GLD-09,apprentice,2025-08-05,
MEM-10421,WIZ-14241,GLD-11,archmage,2025-11-18,
MEM-10422,WIZ-14242,GLD-03,Apprentice,2026-02-27,
MEM-10423,WIZ-14243,GLD-07,adept,2026-01-14,
MEM-10424,WIZ-14245,GLD-09,apprentice,2025-01-28,
MEM-10425,WIZ-14246,GLD-04,adept,2026-06-21,
MEM-10426,WIZ-14249,GLD-07,apprentice,2025-02-05,
MEM-10427,WIZ-14250,GLD-02,adept,2026-04-21,
MEM-10428,WIZ-14251,GLD-05,adept,2026-03-06,
MEM-10429,WIZ-14252,GLD-02,Apprentice,2026-01-23,
MEM-10430,WIZ-14253,GLD-07,apprentice,2024-09-12,
MEM-10431,WIZ-14254,GLD-12,Apprentice,2026-03-30,
MEM-10432,WIZ-14258,GLD-07,adept,2025-12-13,
MEM-10433,WIZ-14259,GLD-08,archmage,2025-12-27,
MEM-10434,WIZ-14260,GLD-06,adept,2026-06-21,
MEM-10435,WIZ-14261,GLD-06,adept,2023-07-23,
MEM-10436,WIZ-14262,GLD-03,archmage,2026-06-21,
MEM-10437,WIZ-14263,GLD-09,apprentice,2023-12-02,
MEM-10438,WIZ-14264,GLD-12,Adept,2023-05-04,
MEM-10439,WIZ-14267,GLD-08,apprentice,2023-03-13,
MEM-10440,WIZ-14268,GLD-04,apprentice,2025-11-02,
MEM-10441,WIZ-14269,GLD-05,Apprentice,2025-12-25,
MEM-10442,WIZ-14270,GLD-10,ARCHMAGE,2026-06-02,
MEM-10443,WIZ-14272,GLD-03,APPRENTICE,2025-04-19,
MEM-10444,WIZ-14273,GLD-02,adept,2023-10-16,
MEM-10445,WIZ-14274,GLD-04,ARCHMAGE,2025-12-22,
MEM-10446,WIZ-14275,GLD-10,apprentice,2024-09-17,
MEM-10447,WIZ-14276,GLD-02,Apprentice,2023-12-24,
MEM-10448,WIZ-14278,GLD-05,apprentice,2025-09-25,
MEM-10449,WIZ-14279,GLD-08,apprentice,2025-05-13,
MEM-10450,WIZ-14280,GLD-03,archmage,2023-04-17,
MEM-10451,WIZ-14281,GLD-09,adept,2025-05-29,
MEM-10452,WIZ-14282,GLD-07,ADEPT,2024-09-22,2026-01-17
MEM-10453,WIZ-14282,GLD-07,archmage,2026-01-17,
MEM-10454,WIZ-14284,GLD-09,ADEPT,2023-07-28,
MEM-10455,WIZ-14285,GLD-10,apprentice,2026-03-18,
MEM-10456,WIZ-14286,GLD-06,apprentice,2025-08-27,
MEM-10457,WIZ-14287,GLD-06,adept,2026-03-07,
MEM-10458,WIZ-14288,GLD-08,adept,2024-09-29,
MEM-10459,WIZ-14289,GLD-11,APPRENTICE,2026-03-30,
MEM-10460,WIZ-14290,GLD-04,archmage,2024-06-11,
MEM-10461,WIZ-14291,GLD-05,adept,2025-08-29,
MEM-10462,WIZ-14292,GLD-06,apprentice,2026-06-10,
MEM-10463,WIZ-14293,GLD-04,adept,2023-08-25,
MEM-10464,WIZ-14295,GLD-10,archmage,2024-11-10,
MEM-10465,WIZ-14298,GLD-03,apprentice,2026-04-01,
MEM-10466,WIZ-14300,GLD-02,apprentice,2024-05-24,
MEM-10467,WIZ-14302,GLD-12,ADEPT,2025-06-24,
MEM-10468,WIZ-14303,GLD-07,apprentice,2026-04-02,
MEM-10469,WIZ-14304,GLD-11,adept,2026-05-01,
MEM-10470,WIZ-14307,GLD-07,ARCHMAGE,2026-04-06,
MEM-10471,WIZ-14308,GLD-06,APPRENTICE,2026-06-21,
MEM-10472,WIZ-14309,GLD-02,adept,2026-06-13,
MEM-10473,WIZ-14310,GLD-04,archmage,2024-06-22,
MEM-10474,WIZ-14311,GLD-02,adept,2024-04-21,
MEM-10475,WIZ-14312,GLD-05,adept,2025-07-30,
MEM-10476,WIZ-14313,GLD-09,apprentice,2024-11-17,
MEM-10477,WIZ-14314,GLD-02,apprentice,2023-07-12,
MEM-10478,WIZ-14316,GLD-08,archmage,2023-05-24,
MEM-10479,WIZ-14319,GLD-07,apprentice,2024-05-10,
MEM-10480,WIZ-14320,GLD-07,adept,2026-03-16,
MEM-10481,WIZ-14321,GLD-02,APPRENTICE,2025-06-15,2025-10-30
MEM-10482,WIZ-14321,GLD-02,adept,2025-10-30,
MEM-10483,WIZ-14322,GLD-11,apprentice,2026-03-04,
MEM-10484,WIZ-14323,GLD-01,Apprentice,2026-05-16,
MEM-10485,WIZ-14324,GLD-02,Adept,2023-10-11,2025-08-02
MEM-10486,WIZ-14324,GLD-02,archmage,2025-08-02,
MEM-10487,WIZ-14325,GLD-06,adept,2024-08-23,
MEM-10488,WIZ-14326,GLD-09,apprentice,2026-06-02,
MEM-10489,WIZ-14327,GLD-11,apprentice,2025-07-30,
MEM-10490,WIZ-14329,GLD-09,ADEPT,2024-02-22,
MEM-10491,WIZ-14330,GLD-08,Apprentice,2024-10-06,
MEM-10492,WIZ-14331,GLD-10,Apprentice,2026-05-05,
MEM-10493,WIZ-14333,GLD-11,adept,2025-05-01,
MEM-10494,WIZ-14335,GLD-03,archmage,2025-06-29,
MEM-10495,WIZ-14336,GLD-11,apprentice,2023-05-23,
MEM-10496,WIZ-14338,GLD-04,Apprentice,2023-10-16,
MEM-10497,WIZ-14340,GLD-05,Adept,2025-10-09,
MEM-10498,WIZ-14341,GLD-12,apprentice,2024-10-06,
MEM-10499,WIZ-14342,GLD-03,adept,2024-05-01,
MEM-10500,WIZ-14343,GLD-01,adept,2024-01-25,
MEM-10501,WIZ-14344,GLD-08,Apprentice,2025-06-29,
MEM-10502,WIZ-14345,GLD-09,Apprentice,2025-03-23,
MEM-10503,WIZ-14346,GLD-08,Apprentice,2026-04-20,
MEM-10504,WIZ-14350,GLD-02,adept,2024-05-10,
MEM-10505,WIZ-14351,GLD-05,apprentice,2025-05-03,
MEM-10506,WIZ-14356,GLD-12,APPRENTICE,2025-02-06,
MEM-10507,WIZ-14360,GLD-03,APPRENTICE,2024-01-06,
MEM-10508,WIZ-14361,GLD-07,apprentice,2024-06-25,2026-03-10
MEM-10509,WIZ-14361,GLD-07,adept,2026-03-10,
MEM-10510,WIZ-14362,GLD-05,Adept,2024-09-25,
MEM-10511,WIZ-14363,GLD-04,adept,2024-01-01,
MEM-10512,WIZ-14365,GLD-10,apprentice,2025-12-30,
MEM-10513,WIZ-14369,GLD-10,adept,2024-11-04,
MEM-10514,WIZ-14370,GLD-12,adept,2026-02-07,
MEM-10515,WIZ-14371,GLD-07,ADEPT,2025-10-08,
MEM-10516,WIZ-14372,GLD-10,apprentice,2024-03-24,
MEM-10517,WIZ-14373,GLD-12,Apprentice,2026-03-11,
MEM-10518,WIZ-14375,GLD-01,archmage,2024-09-09,
MEM-10519,WIZ-14376,GLD-03,Apprentice,2026-05-16,
MEM-10520,WIZ-14377,GLD-07,apprentice,2023-08-21,2023-09-23
MEM-10521,WIZ-14377,GLD-07,adept,2023-09-23,
MEM-10522,WIZ-14378,GLD-07,apprentice,2024-04-18,
MEM-10523,WIZ-14379,GLD-08,adept,2026-05-31,
MEM-10524,WIZ-14380,GLD-08,ARCHMAGE,2026-06-26,
MEM-10525,WIZ-14381,GLD-04,Adept,2026-04-20,
MEM-10526,WIZ-14382,GLD-01,apprentice,2026-01-01,2026-06-27
MEM-10527,WIZ-14382,GLD-01,adept,2026-06-27,
MEM-10528,WIZ-14384,GLD-12,APPRENTICE,2025-12-23,
MEM-10529,WIZ-14385,GLD-05,apprentice,2024-04-07,
MEM-10530,WIZ-14387,GLD-02,archmage,2026-06-12,
MEM-10531,WIZ-14389,GLD-08,Apprentice,2026-06-22,
MEM-10532,WIZ-14391,GLD-04,apprentice,2025-08-05,
MEM-10533,WIZ-14393,GLD-05,apprentice,2024-11-22,2024-12-25
MEM-10534,WIZ-14393,GLD-05,adept,2024-12-25,
MEM-10535,WIZ-14394,GLD-06,apprentice,2025-05-27,
MEM-10536,WIZ-14396,GLD-02,adept,2025-02-16,
MEM-10537,WIZ-14398,GLD-09,apprentice,2026-06-19,
MEM-10538,WIZ-14399,GLD-08,Apprentice,2025-05-09,
MEM-10539,WIZ-14400,GLD-04,adept,2024-10-15,
MEM-10540,WIZ-14401,GLD-10,adept,2024-12-30,
MEM-10541,WIZ-14402,GLD-01,apprentice,2025-07-08,
MEM-10542,WIZ-14403,GLD-11,apprentice,2026-04-24,2026-06-01
MEM-10543,WIZ-14403,GLD-11,Adept,2026-06-01,
MEM-10544,WIZ-14405,GLD-06,adept,2026-06-09,
MEM-10545,WIZ-14408,GLD-09,apprentice,2026-02-19,
MEM-10546,WIZ-14409,GLD-05,Apprentice,2024-06-04,
MEM-10547,WIZ-14410,GLD-09,apprentice,2025-06-16,2025-08-19
MEM-10548,WIZ-14410,GLD-09,adept,2025-08-19,
MEM-10549,WIZ-14412,GLD-08,adept,2025-11-03,
MEM-10550,WIZ-14413,GLD-03,archmage,2025-03-30,
MEM-10551,WIZ-14415,GLD-11,apprentice,2025-06-02,
MEM-10552,WIZ-14416,GLD-03,apprentice,2026-03-13,
MEM-10553,WIZ-14417,GLD-05,apprentice,2024-04-17,2026-02-24
MEM-10554,WIZ-14417,GLD-05,adept,2026-02-24,
MEM-10555,WIZ-14418,GLD-06,Apprentice,2024-07-19,
MEM-10556,WIZ-14419,GLD-06,archmage,2026-06-28,
MEM-10557,WIZ-14421,GLD-08,Apprentice,2023-11-23,
MEM-10558,WIZ-14424,GLD-06,apprentice,2024-12-26,
MEM-10559,WIZ-14425,GLD-02,apprentice,2024-09-14,
MEM-10560,WIZ-14427,GLD-06,apprentice,2026-02-24,2026-05-29
MEM-10561,WIZ-14427,GLD-06,adept,2026-05-29,
MEM-10562,WIZ-14432,GLD-05,apprentice,2025-11-16,
MEM-10563,WIZ-14433,GLD-01,apprentice,2023-12-25,
MEM-10564,WIZ-14434,GLD-05,adept,2025-09-11,
MEM-10565,WIZ-14435,GLD-03,archmage,2026-06-01,
MEM-10566,WIZ-14438,GLD-11,apprentice,2026-06-29,
MEM-10567,WIZ-14440,GLD-08,apprentice,2023-08-06,
MEM-10568,WIZ-14442,GLD-06,apprentice,2025-12-09,
MEM-10569,WIZ-14443,GLD-10,Apprentice,2025-03-06,
MEM-10570,WIZ-14444,GLD-01,apprentice,2024-07-14,
MEM-10571,WIZ-14446,GLD-09,archmage,2023-10-31,
MEM-10572,WIZ-14448,GLD-09,adept,2024-12-05,
MEM-10573,WIZ-14450,GLD-04,apprentice,2025-02-12,
MEM-10574,WIZ-14451,GLD-04,apprentice,2024-11-08,
MEM-10575,WIZ-14452,GLD-04,adept,2025-07-05,
MEM-10576,WIZ-14453,GLD-04,Adept,2025-01-03,
MEM-10577,WIZ-14454,GLD-04,apprentice,2024-11-08,
MEM-10578,WIZ-14455,GLD-07,apprentice,2026-06-12,
MEM-10579,WIZ-14459,GLD-07,archmage,2025-10-19,
MEM-10580,WIZ-14460,GLD-06,Adept,2026-01-23,
MEM-10581,WIZ-14461,GLD-09,apprentice,2024-08-05,
MEM-10582,WIZ-14464,GLD-02,adept,2024-07-08,
MEM-10583,WIZ-14465,GLD-03,APPRENTICE,2024-09-25,
MEM-10584,WIZ-14467,GLD-09,Adept,2023-04-10,
MEM-10585,WIZ-14469,GLD-06,adept,2023-05-18,
MEM-10586,WIZ-14471,GLD-01,apprentice,2026-02-06,
MEM-10587,WIZ-14474,GLD-04,adept,2024-02-07,
MEM-10588,WIZ-14475,GLD-06,Apprentice,2024-08-03,2024-12-04
MEM-10589,WIZ-14475,GLD-06,adept,2024-12-04,
MEM-10590,WIZ-14476,GLD-11,adept,2025-03-18,
MEM-10591,WIZ-14477,GLD-06,apprentice,2023-10-18,
MEM-10592,WIZ-14478,GLD-10,apprentice,2023-11-12,
MEM-10593,WIZ-14479,GLD-08,apprentice,2024-09-28,
MEM-10594,WIZ-14481,GLD-07,apprentice,2023-08-08,
MEM-10595,WIZ-14482,GLD-11,apprentice,2023-05-22,
MEM-10596,WIZ-14484,GLD-06,APPRENTICE,2024-11-14,
MEM-10597,WIZ-14485,GLD-08,apprentice,2024-03-26,
MEM-10598,WIZ-14486,GLD-10,Apprentice,2024-03-04,
MEM-10599,WIZ-14487,GLD-06,apprentice,2026-01-22,
MEM-10600,WIZ-14489,GLD-08,apprentice,2024-05-20,
MEM-10601,WIZ-14490,GLD-02,APPRENTICE,2025-02-06,2025-04-18
MEM-10602,WIZ-14490,GLD-02,adept,2025-04-18,
MEM-10603,WIZ-14492,GLD-08,apprentice,2025-10-20,
MEM-10604,WIZ-14494,GLD-12,apprentice,2025-10-10,
MEM-10605,WIZ-14495,GLD-11,apprentice,2026-02-28,
MEM-10606,WIZ-14497,GLD-01,apprentice,2023-12-16,2025-05-02
MEM-10607,WIZ-14497,GLD-01,Adept,2025-05-02,
MEM-10608,WIZ-14499,GLD-06,adept,2024-11-20,
MEM-10609,WIZ-14500,GLD-03,Apprentice,2025-11-24,
MEM-10610,WIZ-14501,GLD-06,apprentice,2023-10-26,
MEM-10611,WIZ-14502,GLD-11,apprentice,2023-09-20,
MEM-10612,WIZ-14503,GLD-07,apprentice,2026-05-15,
MEM-10613,WIZ-14504,GLD-06,archmage,2025-12-18,
MEM-10614,WIZ-14506,GLD-03,adept,2025-08-11,
MEM-10615,WIZ-14507,GLD-11,adept,2025-01-09,
MEM-10616,WIZ-14508,GLD-08,apprentice,2026-04-20,
MEM-10617,WIZ-14510,GLD-11,apprentice,2025-04-07,2026-04-17
MEM-10618,WIZ-14510,GLD-11,adept,2026-04-17,
MEM-10619,WIZ-14511,GLD-02,apprentice,2023-04-18,
MEM-10620,WIZ-14512,GLD-06,apprentice,2024-06-28,
MEM-10621,WIZ-14514,GLD-02,apprentice,2023-07-18,
MEM-10622,WIZ-14517,GLD-07,Apprentice,2023-01-16,2024-08-07
MEM-10623,WIZ-14517,GLD-07,adept,2024-08-07,
MEM-10624,WIZ-14518,GLD-10,apprentice,2023-12-23,
MEM-10625,WIZ-14519,GLD-08,apprentice,2026-05-11,
MEM-10626,WIZ-14521,GLD-10,apprentice,2026-05-28,
MEM-10627,WIZ-14523,GLD-09,apprentice,2023-09-30,
MEM-10628,WIZ-14525,GLD-07,ARCHMAGE,2023-05-02,
MEM-10629,WIZ-14527,GLD-02,Apprentice,2024-10-11,
MEM-10630,WIZ-14529,GLD-01,apprentice,2025-04-25,
MEM-10631,WIZ-14530,GLD-08,APPRENTICE,2025-10-10,
MEM-10632,WIZ-14531,GLD-10,Apprentice,2026-02-10,
MEM-10633,WIZ-14532,GLD-11,apprentice,2026-01-26,
MEM-10634,WIZ-14533,GLD-09,apprentice,2026-03-09,
MEM-10635,WIZ-14534,GLD-10,Apprentice,2024-03-13,2026-02-07
MEM-10636,WIZ-14534,GLD-10,adept,2026-02-07,
MEM-10637,WIZ-14537,GLD-12,ADEPT,2026-03-08,2026-05-20
MEM-10638,WIZ-14537,GLD-12,ARCHMAGE,2026-05-20,
MEM-10639,WIZ-14538,GLD-02,adept,2025-06-27,
MEM-10640,WIZ-14539,GLD-07,adept,2025-10-01,
MEM-10641,WIZ-14540,GLD-05,apprentice,2025-11-23,
MEM-10642,WIZ-14541,GLD-06,apprentice,2023-05-16,
MEM-10643,WIZ-14544,GLD-06,apprentice,2025-10-25,
MEM-10644,WIZ-14545,GLD-06,APPRENTICE,2025-03-21,
MEM-10645,WIZ-14546,GLD-03,Apprentice,2023-10-22,
MEM-10646,WIZ-14548,GLD-05,adept,2026-06-20,
MEM-10647,WIZ-14549,GLD-11,Apprentice,2026-02-18,
MEM-10648,WIZ-14550,GLD-12,Apprentice,2023-08-03,
MEM-10649,WIZ-14551,GLD-11,adept,2025-12-28,2026-03-21
MEM-10650,WIZ-14551,GLD-11,Archmage,2026-03-21,
MEM-10651,WIZ-14553,GLD-04,apprentice,2024-11-01,
MEM-10652,WIZ-14556,GLD-09,apprentice,2025-08-12,
MEM-10653,WIZ-14557,GLD-02,apprentice,2023-07-15,
MEM-10654,WIZ-14559,GLD-01,apprentice,2026-02-11,2026-05-27
MEM-10655,WIZ-14559,GLD-01,adept,2026-05-27,
MEM-10656,WIZ-14560,GLD-11,apprentice,2026-04-28,
MEM-10657,WIZ-14561,GLD-09,Adept,2025-12-24,2026-04-25
MEM-10658,WIZ-14561,GLD-09,archmage,2026-04-25,
MEM-10659,WIZ-14562,GLD-11,apprentice,2024-10-28,
MEM-10660,WIZ-14563,GLD-07,Apprentice,2025-03-27,
MEM-10661,WIZ-14564,GLD-05,archmage,2026-06-02,
MEM-10662,WIZ-14565,GLD-08,adept,2026-04-25,
MEM-10663,WIZ-14566,GLD-07,archmage,2024-09-14,
MEM-10664,WIZ-14567,GLD-03,APPRENTICE,2024-09-10,
MEM-10665,WIZ-14568,GLD-08,apprentice,2025-08-15,2025-09-17
MEM-10666,WIZ-14568,GLD-08,adept,2025-09-17,
MEM-10667,WIZ-14569,GLD-03,apprentice,2024-05-31,
MEM-10668,WIZ-14570,GLD-02,apprentice,2025-06-24,
MEM-10669,WIZ-14571,GLD-09,apprentice,2024-12-19,
MEM-10670,WIZ-14574,GLD-07,Adept,2024-01-03,
MEM-10671,WIZ-14579,GLD-01,Apprentice,2025-12-11,
MEM-10672,WIZ-14580,GLD-03,apprentice,2025-07-18,
MEM-10673,WIZ-14582,GLD-04,Apprentice,2026-01-11,
MEM-10674,WIZ-14583,GLD-04,Apprentice,2025-09-30,2026-02-25
MEM-10675,WIZ-14583,GLD-04,adept,2026-02-25,
MEM-10676,WIZ-14585,GLD-05,apprentice,2025-12-31,
MEM-10677,WIZ-14586,GLD-10,adept,2025-02-15,
MEM-10678,WIZ-14588,GLD-12,adept,2024-08-16,
MEM-10679,WIZ-14589,GLD-03,Apprentice,2024-12-10,2025-08-12
MEM-10680,WIZ-14589,GLD-03,adept,2025-08-12,
MEM-10681,WIZ-14590,GLD-01,apprentice,2025-09-13,
MEM-10682,WIZ-14591,GLD-11,Apprentice,2024-10-11,
MEM-10683,WIZ-14592,GLD-07,apprentice,2026-03-19,
MEM-10684,WIZ-14594,GLD-06,apprentice,2024-06-09,
MEM-10685,WIZ-14595,GLD-01,adept,2024-01-12,
MEM-10686,WIZ-14597,GLD-05,adept,2026-06-29,
MEM-10687,WIZ-14598,GLD-02,apprentice,2024-04-10,
MEM-10688,WIZ-14604,GLD-02,apprentice,2026-03-16,
MEM-10689,WIZ-14605,GLD-12,apprentice,2025-02-24,
MEM-10690,WIZ-14606,GLD-12,Adept,2025-11-25,
MEM-10691,WIZ-14607,GLD-02,APPRENTICE,2025-12-07,2026-06-15
MEM-10692,WIZ-14607,GLD-02,adept,2026-06-15,
MEM-10693,WIZ-14609,GLD-04,ADEPT,2026-06-04,
MEM-10694,WIZ-14610,GLD-01,adept,2024-08-27,
MEM-10695,WIZ-14614,GLD-02,APPRENTICE,2025-01-15,
MEM-10696,WIZ-14616,GLD-12,archmage,2024-05-22,
MEM-10697,WIZ-14617,GLD-02,adept,2024-03-25,2024-09-01
MEM-10698,WIZ-14617,GLD-02,ARCHMAGE,2024-09-01,
MEM-10699,WIZ-14618,GLD-10,apprentice,2026-01-20,
MEM-10700,WIZ-14620,GLD-12,adept,2023-05-08,
MEM-10701,WIZ-14622,GLD-10,APPRENTICE,2023-08-31,
MEM-10702,WIZ-14624,GLD-08,apprentice,2025-08-12,
MEM-10703,WIZ-14625,GLD-02,APPRENTICE,2026-05-07,
MEM-10704,WIZ-14627,GLD-07,apprentice,2025-03-28,
MEM-10705,WIZ-14628,GLD-04,apprentice,2024-04-12,
MEM-10706,WIZ-14629,GLD-10,Apprentice,2023-12-14,
MEM-10707,WIZ-14630,GLD-11,apprentice,2024-11-12,
MEM-10708,WIZ-14631,GLD-10,Apprentice,2024-09-05,
MEM-10709,WIZ-14632,GLD-07,apprentice,2024-08-17,
MEM-10710,WIZ-14634,GLD-10,apprentice,2026-06-14,
MEM-10711,WIZ-14637,GLD-01,apprentice,2023-03-31,
MEM-10712,WIZ-14638,GLD-01,Apprentice,2026-06-21,
MEM-10713,WIZ-14639,GLD-05,Adept,2025-05-25,
MEM-10714,WIZ-14640,GLD-12,adept,2026-05-31,
MEM-10715,WIZ-14641,GLD-12,apprentice,2024-04-05,
MEM-10716,WIZ-14643,GLD-08,apprentice,2025-09-24,
MEM-10717,WIZ-14644,GLD-07,apprentice,2024-11-03,
MEM-10718,WIZ-14646,GLD-04,Apprentice,2024-03-05,
MEM-10719,WIZ-14648,GLD-10,apprentice,2025-09-02,
MEM-10720,WIZ-14649,GLD-06,apprentice,2023-11-20,2024-05-31
MEM-10721,WIZ-14649,GLD-06,adept,2024-05-31,
MEM-10722,WIZ-14650,GLD-01,apprentice,2026-03-31,
MEM-10723,WIZ-14651,GLD-12,apprentice,2026-06-24,
MEM-10724,WIZ-14652,GLD-12,apprentice,2025-12-05,
MEM-10725,WIZ-14654,GLD-09,Adept,2025-12-21,2026-04-25
MEM-10726,WIZ-14654,GLD-09,archmage,2026-04-25,
MEM-10727,WIZ-14655,GLD-07,APPRENTICE,2024-12-16,
MEM-10728,WIZ-14657,GLD-05,apprentice,2026-05-23,
MEM-10729,WIZ-14658,GLD-11,APPRENTICE,2023-09-24,
MEM-10730,WIZ-14661,GLD-04,apprentice,2026-06-05,
MEM-10731,WIZ-14662,GLD-03,apprentice,2025-07-28,
MEM-10732,WIZ-14663,GLD-02,apprentice,2025-04-22,
MEM-10733,WIZ-14664,GLD-03,apprentice,2024-08-23,
MEM-10734,WIZ-14666,GLD-01,apprentice,2024-05-04,
MEM-10735,WIZ-14667,GLD-09,Archmage,2023-11-21,
MEM-10736,WIZ-14668,GLD-10,APPRENTICE,2024-12-03,
MEM-10737,WIZ-14669,GLD-07,apprentice,2026-06-11,
MEM-10738,WIZ-14671,GLD-06,apprentice,2026-02-06,
MEM-10739,WIZ-14672,GLD-05,Apprentice,2024-05-12,
MEM-10740,WIZ-14673,GLD-11,apprentice,2025-07-28,2025-11-09
MEM-10741,WIZ-14673,GLD-11,adept,2025-11-09,
MEM-10742,WIZ-14674,GLD-11,adept,2026-05-04,
MEM-10743,WIZ-14675,GLD-11,apprentice,2024-10-23,
MEM-10744,WIZ-14676,GLD-01,Apprentice,2025-04-07,
MEM-10745,WIZ-14678,GLD-06,ADEPT,2026-06-14,
MEM-10746,WIZ-14680,GLD-10,apprentice,2026-06-13,
MEM-10747,WIZ-14681,GLD-05,apprentice,2026-02-02,
MEM-10748,WIZ-14682,GLD-03,ADEPT,2024-06-01,
MEM-10749,WIZ-14685,GLD-01,apprentice,2026-02-21,2026-04-27
MEM-10750,WIZ-14685,GLD-01,ADEPT,2026-04-27,
MEM-10751,WIZ-14686,GLD-08,apprentice,2024-08-04,
MEM-10752,WIZ-14687,GLD-04,adept,2024-10-09,
MEM-10753,WIZ-14688,GLD-06,archmage,2023-09-16,
MEM-10754,WIZ-14690,GLD-06,apprentice,2023-06-01,2025-01-21
MEM-10755,WIZ-14690,GLD-06,adept,2025-01-21,
MEM-10756,WIZ-14691,GLD-02,adept,2023-10-19,2024-01-23
MEM-10757,WIZ-14691,GLD-02,archmage,2024-01-23,
MEM-10758,WIZ-14693,GLD-10,apprentice,2025-08-10,2026-05-29
MEM-10759,WIZ-14693,GLD-10,ADEPT,2026-05-29,
MEM-10760,WIZ-14696,GLD-03,archmage,2025-12-03,
MEM-10761,WIZ-14697,GLD-06,apprentice,2024-01-03,2024-05-23
MEM-10762,WIZ-14697,GLD-06,adept,2024-05-23,
MEM-10763,WIZ-14698,GLD-09,adept,2026-05-30,
MEM-10764,WIZ-14699,GLD-03,Adept,2026-03-30,
MEM-10765,WIZ-14700,GLD-02,apprentice,2024-06-05,
MEM-10766,WIZ-14701,GLD-08,adept,2025-02-26,
MEM-10767,WIZ-14707,GLD-10,adept,2026-05-24,
MEM-10768,WIZ-14708,GLD-06,apprentice,2026-06-24,
MEM-10769,WIZ-14709,GLD-02,adept,2024-06-17,2026-04-06
MEM-10770,WIZ-14709,GLD-02,ARCHMAGE,2026-04-06,
MEM-10771,WIZ-14710,GLD-04,archmage,2026-04-12,
MEM-10772,WIZ-14712,GLD-03,ADEPT,2026-05-11,
MEM-10773,WIZ-14715,GLD-05,apprentice,2026-03-31,
MEM-10774,WIZ-14716,GLD-07,apprentice,2026-03-27,2026-05-10
MEM-10775,WIZ-14716,GLD-07,adept,2026-05-10,
MEM-10776,WIZ-14718,GLD-02,Adept,2024-05-10,
MEM-10777,WIZ-14724,GLD-05,apprentice,2026-03-13,
MEM-10778,WIZ-14726,GLD-12,apprentice,2024-01-28,
MEM-10779,WIZ-14728,GLD-04,apprentice,2025-09-04,
MEM-10780,WIZ-14729,GLD-08,apprentice,2026-04-21,
MEM-10781,WIZ-14730,GLD-09,adept,2025-03-05,
MEM-10782,WIZ-14732,GLD-05,apprentice,2026-03-09,
MEM-10783,WIZ-14733,GLD-10,apprentice,2024-12-19,
MEM-10784,WIZ-14735,GLD-03,apprentice,2025-01-18,
MEM-10785,WIZ-14736,GLD-05,archmage,2026-05-26,
MEM-10786,WIZ-14737,GLD-10,apprentice,2024-01-04,
MEM-10787,WIZ-14738,GLD-11,apprentice,2025-11-04,
MEM-10788,WIZ-14739,GLD-12,apprentice,2025-05-31,
MEM-10789,WIZ-14740,GLD-04,Apprentice,2024-10-18,
MEM-10790,WIZ-14741,GLD-12,apprentice,2023-07-26,
MEM-10791,WIZ-14744,GLD-08,apprentice,2024-11-25,
MEM-10792,WIZ-14745,GLD-01,adept,2024-11-14,
MEM-10793,WIZ-14747,GLD-10,Apprentice,2025-12-30,
MEM-10794,WIZ-14748,GLD-05,Apprentice,2025-08-14,
MEM-10795,WIZ-14749,GLD-08,apprentice,2024-10-22,
MEM-10796,WIZ-14750,GLD-07,adept,2026-05-08,
MEM-10797,WIZ-14751,GLD-06,apprentice,2026-02-09,
MEM-10798,WIZ-14755,GLD-11,Adept,2023-09-05,
MEM-10799,WIZ-14756,GLD-11,Adept,2026-03-24,
MEM-10800,WIZ-14760,GLD-04,Archmage,2025-09-07,
MEM-10801,WIZ-14761,GLD-09,apprentice,2024-04-01,
MEM-10802,WIZ-14763,GLD-06,apprentice,2026-04-28,
MEM-10803,WIZ-14764,GLD-12,adept,2025-05-08,2025-07-03
MEM-10804,WIZ-14764,GLD-12,Archmage,2025-07-03,
MEM-10805,WIZ-14765,GLD-06,APPRENTICE,2024-08-19,
MEM-10806,WIZ-14766,GLD-11,adept,2025-10-16,
MEM-10807,WIZ-14767,GLD-01,adept,2025-12-09,
MEM-10808,WIZ-14768,GLD-08,apprentice,2026-01-29,
MEM-10809,WIZ-14769,GLD-08,apprentice,2026-04-10,
MEM-10810,WIZ-14771,GLD-10,apprentice,2026-05-09,
MEM-10811,WIZ-14772,GLD-09,apprentice,2023-11-23,
MEM-10812,WIZ-14773,GLD-11,APPRENTICE,2024-12-05,2026-02-17
MEM-10813,WIZ-14773,GLD-11,Adept,2026-02-17,
MEM-10814,WIZ-14775,GLD-07,apprentice,2025-06-25,
MEM-10815,WIZ-14776,GLD-11,apprentice,2024-01-15,
MEM-10816,WIZ-14777,GLD-10,apprentice,2025-05-06,
MEM-10817,WIZ-14778,GLD-05,adept,2025-03-30,
MEM-10818,WIZ-14779,GLD-06,apprentice,2023-07-01,
MEM-10819,WIZ-14780,GLD-07,apprentice,2024-08-28,
MEM-10820,WIZ-14781,GLD-11,Apprentice,2025-12-13,2026-04-10
MEM-10821,WIZ-14781,GLD-11,adept,2026-04-10,
MEM-10822,WIZ-14783,GLD-02,apprentice,2026-01-17,
MEM-10823,WIZ-14785,GLD-05,adept,2024-02-26,
MEM-10824,WIZ-14786,GLD-12,adept,2026-05-31,
MEM-10825,WIZ-14787,GLD-01,adept,2026-03-16,
MEM-10826,WIZ-14788,GLD-07,adept,2023-10-31,
MEM-10827,WIZ-14789,GLD-05,adept,2024-02-25,
MEM-10828,WIZ-14792,GLD-09,Apprentice,2026-04-30,
MEM-10829,WIZ-14794,GLD-02,apprentice,2026-05-03,
MEM-10830,WIZ-14795,GLD-10,Adept,2026-06-04,
MEM-10831,WIZ-14796,GLD-08,apprentice,2023-06-08,
MEM-10832,WIZ-14797,GLD-06,apprentice,2026-01-11,
MEM-10833,WIZ-14800,GLD-01,apprentice,2024-11-25,
MEM-10834,WIZ-14802,GLD-05,APPRENTICE,2024-01-10,
MEM-10835,WIZ-14803,GLD-07,adept,2024-06-19,
MEM-10836,WIZ-14804,GLD-08,apprentice,2026-04-07,
MEM-10837,WIZ-14805,GLD-09,apprentice,2025-08-21,
MEM-10838,WIZ-14806,GLD-01,apprentice,2023-03-14,2024-10-07
MEM-10839,WIZ-14806,GLD-01,adept,2024-10-07,
MEM-10840,WIZ-14807,GLD-03,Adept,2026-02-28,
MEM-10841,WIZ-14808,GLD-03,apprentice,2026-05-12,
MEM-10842,WIZ-14809,GLD-04,archmage,2025-12-20,
MEM-10843,WIZ-14810,GLD-08,Adept,2024-01-05,
MEM-10844,WIZ-14811,GLD-11,adept,2026-06-04,
MEM-10845,WIZ-14814,GLD-01,adept,2026-01-26,
MEM-10846,WIZ-14816,GLD-06,apprentice,2024-05-05,
MEM-10847,WIZ-14818,GLD-09,apprentice,2023-07-09,
MEM-10848,WIZ-14820,GLD-08,Apprentice,2026-03-12,2026-04-11
MEM-10849,WIZ-14820,GLD-08,adept,2026-04-11,
MEM-10850,WIZ-14821,GLD-12,APPRENTICE,2026-05-30,
MEM-10851,WIZ-14822,GLD-02,APPRENTICE,2023-12-24,
MEM-10852,WIZ-14823,GLD-08,apprentice,2026-03-08,
MEM-10853,WIZ-14824,GLD-08,adept,2025-06-21,
MEM-10854,WIZ-14827,GLD-11,apprentice,2026-04-19,2026-06-07
MEM-10855,WIZ-14827,GLD-11,Adept,2026-06-07,
MEM-10856,WIZ-14829,GLD-09,adept,2024-10-01,
MEM-10857,WIZ-14830,GLD-09,apprentice,2025-03-17,
MEM-10858,WIZ-14833,GLD-12,ADEPT,2026-04-06,
MEM-10859,WIZ-14835,GLD-11,adept,2026-06-19,
MEM-10860,WIZ-14837,GLD-05,ADEPT,2026-06-01,
MEM-10861,WIZ-14838,GLD-10,apprentice,2026-01-09,
MEM-10862,WIZ-14840,GLD-03,apprentice,2025-01-02,
MEM-10863,WIZ-14841,GLD-09,apprentice,2026-02-14,2026-06-25
MEM-10864,WIZ-14841,GLD-09,Adept,2026-06-25,
MEM-10865,WIZ-14842,GLD-07,apprentice,2024-09-27,
MEM-10866,WIZ-14843,GLD-01,apprentice,2024-09-27,
MEM-10867,WIZ-14844,GLD-03,apprentice,2025-03-21,
MEM-10868,WIZ-14846,GLD-11,Adept,2024-07-20,
MEM-10869,WIZ-14847,GLD-01,Apprentice,2024-11-15,
MEM-10870,WIZ-14848,GLD-04,Apprentice,2026-06-09,
MEM-10871,WIZ-14849,GLD-06,Adept,2024-03-16,
MEM-10872,WIZ-14852,GLD-08,apprentice,2026-05-30,
MEM-10873,WIZ-14855,GLD-12,Adept,2026-03-10,2026-05-27
MEM-10874,WIZ-14855,GLD-12,archmage,2026-05-27,
MEM-10875,WIZ-14856,GLD-01,apprentice,2026-05-02,
MEM-10876,WIZ-14857,GLD-08,apprentice,2023-07-23,2024-04-14
MEM-10877,WIZ-14857,GLD-08,adept,2024-04-14,
MEM-10878,WIZ-14858,GLD-10,apprentice,2024-12-11,
MEM-10879,WIZ-14859,GLD-10,apprentice,2024-07-27,2025-04-06
MEM-10880,WIZ-14859,GLD-10,adept,2025-04-06,
MEM-10881,WIZ-14863,GLD-02,apprentice,2026-03-01,
MEM-10882,WIZ-14866,GLD-09,apprentice,2025-02-11,2025-10-18
MEM-10883,WIZ-14866,GLD-09,adept,2025-10-18,
MEM-10884,WIZ-14867,GLD-09,adept,2024-08-08,
MEM-10885,WIZ-14868,GLD-06,apprentice,2025-07-02,
MEM-10886,WIZ-14869,GLD-03,apprentice,2023-12-25,
MEM-10887,WIZ-14870,GLD-08,adept,2025-06-30,
MEM-10888,WIZ-14871,GLD-02,apprentice,2023-11-04,
MEM-10889,WIZ-14872,GLD-02,apprentice,2024-07-02,
MEM-10890,WIZ-14873,GLD-07,apprentice,2024-06-11,
MEM-10891,WIZ-14874,GLD-03,apprentice,2023-03-06,
MEM-10892,WIZ-14875,GLD-01,Apprentice,2026-04-05,2026-05-16
MEM-10893,WIZ-14875,GLD-01,adept,2026-05-16,
MEM-10894,WIZ-14876,GLD-12,Archmage,2024-01-29,
MEM-10895,WIZ-14877,GLD-10,Apprentice,2023-09-29,
MEM-10896,WIZ-14878,GLD-10,apprentice,2023-11-15,
MEM-10897,WIZ-14880,GLD-12,apprentice,2024-06-17,
MEM-10898,WIZ-14882,GLD-02,adept,2024-12-15,
MEM-10899,WIZ-14883,GLD-03,adept,2026-06-13,
MEM-10900,WIZ-14884,GLD-03,archmage,2026-04-04,
MEM-10901,WIZ-14887,GLD-12,ADEPT,2024-10-02,
MEM-10902,WIZ-14888,GLD-09,apprentice,2023-03-17,
MEM-10903,WIZ-14889,GLD-03,adept,2026-06-10,
MEM-10904,WIZ-14890,GLD-12,apprentice,2026-04-02,
MEM-10905,WIZ-14892,GLD-08,adept,2024-06-27,
MEM-10906,WIZ-14893,GLD-12,apprentice,2025-07-01,
MEM-10907,WIZ-14896,GLD-10,apprentice,2025-12-27,
MEM-10908,WIZ-14897,GLD-08,Adept,2023-07-16,
MEM-10909,WIZ-14898,GLD-10,apprentice,2025-09-09,
MEM-10910,WIZ-14900,GLD-05,apprentice,2025-08-21,
MEM-10911,WIZ-14902,GLD-10,adept,2024-10-14,
MEM-10912,WIZ-14903,GLD-04,apprentice,2024-10-30,2025-05-18
MEM-10913,WIZ-14903,GLD-04,adept,2025-05-18,
MEM-10914,WIZ-14905,GLD-03,adept,2023-11-30,
MEM-10915,WIZ-14906,GLD-04,Apprentice,2024-07-14,2024-09-18
MEM-10916,WIZ-14906,GLD-04,adept,2024-09-18,
MEM-10917,WIZ-14907,GLD-12,apprentice,2023-08-31,
MEM-10918,WIZ-14909,GLD-03,apprentice,2026-06-23,
MEM-10919,WIZ-14911,GLD-07,apprentice,2023-10-12,
MEM-10920,WIZ-14912,GLD-04,archmage,2026-06-18,
MEM-10921,WIZ-14913,GLD-03,apprentice,2024-01-08,
MEM-10922,WIZ-14915,GLD-04,Adept,2024-07-06,
MEM-10923,WIZ-14916,GLD-06,Adept,2026-06-17,
MEM-10924,WIZ-14917,GLD-03,apprentice,2025-09-20,
MEM-10925,WIZ-14918,GLD-12,apprentice,2025-09-24,
MEM-10926,WIZ-14919,GLD-07,apprentice,2026-06-19,
MEM-10927,WIZ-14921,GLD-06,apprentice,2026-03-17,
MEM-10928,WIZ-14922,GLD-02,apprentice,2023-12-27,
MEM-10929,WIZ-14923,GLD-03,apprentice,2024-05-20,
MEM-10930,WIZ-14924,GLD-11,APPRENTICE,2024-11-14,
MEM-10931,WIZ-14925,GLD-06,apprentice,2023-10-19,
MEM-10932,WIZ-14928,GLD-05,Adept,2025-06-15,
MEM-10933,WIZ-14929,GLD-10,APPRENTICE,2024-04-30,
MEM-10934,WIZ-14930,GLD-07,apprentice,2026-04-14,
MEM-10935,WIZ-14931,GLD-07,Adept,2024-04-04,
MEM-10936,WIZ-14934,GLD-09,archmage,2024-12-08,
MEM-10937,WIZ-14936,GLD-04,apprentice,2026-05-20,
MEM-10938,WIZ-14941,GLD-04,apprentice,2025-01-27,
MEM-10939,WIZ-14942,GLD-10,apprentice,2024-02-18,
MEM-10940,WIZ-14943,GLD-12,ARCHMAGE,2025-12-09,
MEM-10941,WIZ-14945,GLD-07,archmage,2025-06-30,
MEM-10942,WIZ-14946,GLD-04,adept,2023-06-29,2024-05-27
MEM-10943,WIZ-14946,GLD-04,archmage,2024-05-27,
MEM-10944,WIZ-14948,GLD-07,apprentice,2026-06-09,
MEM-10945,WIZ-14949,GLD-09,apprentice,2025-09-19,
MEM-10946,WIZ-14950,GLD-01,apprentice,2026-02-06,
MEM-10947,WIZ-14952,GLD-11,archmage,2025-09-08,
MEM-10948,WIZ-14953,GLD-04,apprentice,2024-07-25,2025-10-16
MEM-10949,WIZ-14953,GLD-04,adept,2025-10-16,
MEM-10950,WIZ-14954,GLD-03,archmage,2024-03-14,
MEM-10951,WIZ-14956,GLD-11,apprentice,2025-06-25,
MEM-10952,WIZ-14957,GLD-05,apprentice,2026-06-12,
MEM-10953,WIZ-14958,GLD-06,Adept,2025-10-29,
MEM-10954,WIZ-14959,GLD-03,apprentice,2023-12-22,
MEM-10955,WIZ-14961,GLD-04,apprentice,2025-06-04,
MEM-10956,WIZ-14962,GLD-03,apprentice,2025-01-05,
MEM-10957,WIZ-14963,GLD-06,adept,2025-12-23,
MEM-10958,WIZ-14964,GLD-10,apprentice,2025-08-19,
MEM-10959,WIZ-14965,GLD-12,apprentice,2023-07-06,2024-03-31
MEM-10960,WIZ-14965,GLD-12,adept,2024-03-31,
MEM-10961,WIZ-14968,GLD-10,Adept,2024-10-18,
MEM-10962,WIZ-14969,GLD-05,Apprentice,2024-03-26,2025-11-16
MEM-10963,WIZ-14969,GLD-05,adept,2025-11-16,
MEM-10964,WIZ-14974,GLD-01,adept,2024-10-22,
MEM-10965,WIZ-14975,GLD-07,Archmage,2025-08-09,
MEM-10966,WIZ-14976,GLD-07,apprentice,2026-06-06,
MEM-10967,WIZ-14977,GLD-07,archmage,2026-02-18,
MEM-10968,WIZ-14979,GLD-11,adept,2026-05-08,
MEM-10969,WIZ-14983,GLD-10,apprentice,2024-06-06,
MEM-10970,WIZ-14985,GLD-09,archmage,2023-11-01,
MEM-10971,WIZ-14986,GLD-10,apprentice,2023-05-15,2025-04-01
MEM-10972,WIZ-14986,GLD-10,adept,2025-04-01,
MEM-10973,WIZ-14987,GLD-04,apprentice,2024-06-19,
MEM-10974,WIZ-14988,GLD-01,Apprentice,2026-03-30,
MEM-10975,WIZ-14990,GLD-01,adept,2026-06-22,
MEM-10976,WIZ-14992,GLD-01,Archmage,2026-06-15,
MEM-10977,WIZ-14993,GLD-08,apprentice,2026-01-29,
MEM-10978,WIZ-14998,GLD-03,apprentice,2026-05-20,
MEM-10979,WIZ-15000,GLD-08,apprentice,2026-03-28,
MEM-10980,WIZ-15001,GLD-12,Adept,2026-03-05,
MEM-10981,WIZ-15002,GLD-02,APPRENTICE,2024-07-30,2024-10-26
MEM-10982,WIZ-15002,GLD-02,Adept,2024-10-26,
MEM-10983,WIZ-15004,GLD-02,adept,2024-01-09,
MEM-10984,WIZ-15005,GLD-09,adept,2025-02-28,
MEM-10985,WIZ-15007,GLD-05,apprentice,2026-05-29,
MEM-10986,WIZ-15008,GLD-07,apprentice,2024-09-27,
MEM-10987,WIZ-15009,GLD-06,ADEPT,2026-06-13,
MEM-10988,WIZ-15010,GLD-01,Apprentice,2025-03-20,2025-09-05
MEM-10989,WIZ-15010,GLD-01,Adept,2025-09-05,
MEM-10990,WIZ-15012,GLD-08,archmage,2023-07-24,
MEM-10991,WIZ-15013,GLD-05,apprentice,2025-12-10,
MEM-10992,WIZ-15014,GLD-08,Apprentice,2026-06-01,
MEM-10993,WIZ-15015,GLD-12,apprentice,2025-02-26,
MEM-10994,WIZ-15016,GLD-01,apprentice,2026-05-10,
MEM-10995,WIZ-15017,GLD-08,apprentice,2025-02-17,
MEM-10996,WIZ-15019,GLD-05,adept,2025-10-08,
MEM-10997,WIZ-15021,GLD-01,ADEPT,2026-03-23,
MEM-10998,WIZ-15022,GLD-03,apprentice,2026-06-23,
MEM-10999,WIZ-15023,GLD-11,apprentice,2025-05-28,
MEM-11000,WIZ-15024,GLD-03,Apprentice,2025-08-07,
MEM-11001,WIZ-15026,GLD-12,apprentice,2026-04-27,
MEM-11002,WIZ-15027,GLD-10,apprentice,2025-04-25,
MEM-11003,WIZ-15028,GLD-12,apprentice,2025-09-07,
MEM-11004,WIZ-15031,GLD-07,apprentice,2023-11-27,
MEM-11005,WIZ-15032,GLD-05,apprentice,2024-10-29,
MEM-11006,WIZ-15034,GLD-09,apprentice,2025-12-20,
MEM-11007,WIZ-15035,GLD-02,apprentice,2025-05-26,2025-11-22
MEM-11008,WIZ-15035,GLD-02,adept,2025-11-22,
MEM-11009,WIZ-15036,GLD-12,apprentice,2025-02-02,
MEM-11010,WIZ-15038,GLD-11,apprentice,2023-11-10,
MEM-11011,WIZ-15039,GLD-11,apprentice,2024-10-04,2025-03-13
MEM-11012,WIZ-15039,GLD-11,adept,2025-03-13,
MEM-11013,WIZ-15040,GLD-11,apprentice,2026-05-13,
MEM-11014,WIZ-15042,GLD-01,apprentice,2024-08-20,2026-03-31
MEM-11015,WIZ-15042,GLD-01,adept,2026-03-31,
MEM-11016,WIZ-15043,GLD-06,apprentice,2025-03-26,
MEM-11017,WIZ-15047,GLD-08,adept,2024-12-22,
MEM-11018,WIZ-15048,GLD-12,ARCHMAGE,2023-10-02,
MEM-11019,WIZ-15049,GLD-11,apprentice,2025-03-21,
MEM-11020,WIZ-15050,GLD-11,adept,2024-03-30,
MEM-11021,WIZ-15051,GLD-12,adept,2024-04-29,
MEM-11022,WIZ-15053,GLD-12,adept,2026-06-22,
MEM-11023,WIZ-15055,GLD-06,apprentice,2024-04-07,2026-01-06
MEM-11024,WIZ-15055,GLD-06,adept,2026-01-06,
MEM-11025,WIZ-15056,GLD-07,apprentice,2026-05-28,
MEM-11026,WIZ-15057,GLD-01,archmage,2025-11-12,
MEM-11027,WIZ-15058,GLD-11,apprentice,2024-11-01,
MEM-11028,WIZ-15059,GLD-02,adept,2025-08-01,
MEM-11029,WIZ-15060,GLD-01,apprentice,2026-06-05,
MEM-11030,WIZ-15063,GLD-08,archmage,2026-05-14,
MEM-11031,WIZ-15066,GLD-02,apprentice,2026-05-19,
MEM-11032,WIZ-15067,GLD-09,adept,2026-03-07,
MEM-11033,WIZ-15068,GLD-03,apprentice,2026-05-17,
MEM-11034,WIZ-15069,GLD-02,apprentice,2026-01-27,
MEM-11035,WIZ-15070,GLD-07,adept,2024-01-20,
MEM-11036,WIZ-15071,GLD-05,apprentice,2023-05-15,
MEM-11037,WIZ-15072,GLD-02,apprentice,2023-12-19,
MEM-11038,WIZ-15077,GLD-03,apprentice,2024-02-12,
MEM-11039,WIZ-15078,GLD-03,apprentice,2026-01-20,
MEM-11040,WIZ-15079,GLD-01,ADEPT,2025-06-13,
MEM-11041,WIZ-15081,GLD-02,Adept,2023-06-03,
MEM-11042,WIZ-15083,GLD-01,apprentice,2026-02-06,
MEM-11043,WIZ-15088,GLD-01,adept,2026-05-28,
MEM-11044,WIZ-15090,GLD-06,Apprentice,2025-06-13,
MEM-11045,WIZ-15091,GLD-05,apprentice,2026-06-21,
MEM-11046,WIZ-15092,GLD-05,apprentice,2024-08-02,
MEM-11047,WIZ-15093,GLD-03,Apprentice,2024-01-10,
MEM-11048,WIZ-15095,GLD-05,apprentice,2023-08-18,2025-06-17
MEM-11049,WIZ-15095,GLD-05,adept,2025-06-17,
MEM-11050,WIZ-15098,GLD-10,apprentice,2024-01-11,
MEM-11051,WIZ-15099,GLD-02,apprentice,2023-05-09,
MEM-11052,WIZ-15100,GLD-11,apprentice,2026-04-16,
MEM-11053,WIZ-15101,GLD-11,Apprentice,2026-02-15,
MEM-11054,WIZ-15103,GLD-04,adept,2024-02-14,
MEM-11055,WIZ-15104,GLD-04,apprentice,2025-01-12,
MEM-11056,WIZ-15105,GLD-04,Archmage,2025-03-26,
MEM-11057,WIZ-15106,GLD-01,apprentice,2023-08-12,2025-06-28
MEM-11058,WIZ-15106,GLD-01,adept,2025-06-28,
MEM-11059,WIZ-15108,GLD-11,apprentice,2025-09-05,2025-12-24
MEM-11060,WIZ-15108,GLD-11,ADEPT,2025-12-24,
MEM-11061,WIZ-15110,GLD-08,Archmage,2025-01-09,
MEM-11062,WIZ-15113,GLD-10,apprentice,2024-11-25,
MEM-11063,WIZ-15114,GLD-11,apprentice,2026-04-07,
MEM-11064,WIZ-15115,GLD-06,apprentice,2025-04-07,
MEM-11065,WIZ-15116,GLD-01,Adept,2024-04-23,
MEM-11066,WIZ-15118,GLD-06,adept,2025-02-09,2025-12-20
MEM-11067,WIZ-15118,GLD-06,archmage,2025-12-20,
MEM-11068,WIZ-15119,GLD-05,apprentice,2024-11-29,
MEM-11069,WIZ-15120,GLD-05,apprentice,2025-09-13,
MEM-11070,WIZ-15121,GLD-08,Apprentice,2024-01-03,
MEM-11071,WIZ-15122,GLD-03,apprentice,2026-03-26,
MEM-11072,WIZ-15123,GLD-03,Apprentice,2023-10-25,
MEM-11073,WIZ-15124,GLD-04,APPRENTICE,2025-03-31,2025-11-23
MEM-11074,WIZ-15124,GLD-04,Adept,2025-11-23,
MEM-11075,WIZ-15125,GLD-10,apprentice,2026-02-10,
MEM-11076,WIZ-15127,GLD-08,apprentice,2024-02-11,
MEM-11077,WIZ-15128,GLD-07,apprentice,2024-11-23,2025-03-09
MEM-11078,WIZ-15128,GLD-07,adept,2025-03-09,
MEM-11079,WIZ-15131,GLD-04,APPRENTICE,2024-05-23,
MEM-11080,WIZ-15133,GLD-03,adept,2024-09-12,
MEM-11081,WIZ-15134,GLD-09,adept,2024-10-04,
MEM-11082,WIZ-15136,GLD-04,adept,2025-11-04,
MEM-11083,WIZ-15137,GLD-12,Apprentice,2025-10-25,
MEM-11084,WIZ-15138,GLD-04,Adept,2023-11-08,
MEM-11085,WIZ-15139,GLD-12,apprentice,2025-11-14,
MEM-11086,WIZ-15141,GLD-12,apprentice,2025-09-11,
MEM-11087,WIZ-15143,GLD-01,adept,2026-06-21,
MEM-11088,WIZ-15144,GLD-05,apprentice,2026-04-17,
MEM-11089,WIZ-15145,GLD-07,apprentice,2023-06-23,2023-10-11
MEM-11090,WIZ-15145,GLD-07,adept,2023-10-11,
MEM-11091,WIZ-15146,GLD-07,Apprentice,2025-09-20,
MEM-11092,WIZ-15148,GLD-07,apprentice,2025-06-20,
MEM-11093,WIZ-15149,GLD-03,apprentice,2024-09-27,2026-03-26
MEM-11094,WIZ-15149,GLD-03,adept,2026-03-26,
MEM-11095,WIZ-15150,GLD-10,apprentice,2026-06-27,
MEM-11096,WIZ-15151,GLD-02,adept,2024-09-19,
MEM-11097,WIZ-15153,GLD-03,apprentice,2025-08-12,
MEM-11098,WIZ-15155,GLD-08,adept,2026-06-28,
MEM-11099,WIZ-15156,GLD-04,apprentice,2024-04-18,
MEM-11100,WIZ-15158,GLD-05,apprentice,2026-02-03,2026-05-28
MEM-11101,WIZ-15158,GLD-05,adept,2026-05-28,
MEM-11102,WIZ-15160,GLD-12,apprentice,2025-10-08,2026-03-21
MEM-11103,WIZ-15160,GLD-12,Adept,2026-03-21,
MEM-11104,WIZ-15162,GLD-12,Adept,2024-05-14,
MEM-11105,WIZ-15165,GLD-03,Apprentice,2026-05-16,
MEM-11106,WIZ-15166,GLD-08,apprentice,2024-08-21,
MEM-11107,WIZ-15169,GLD-06,apprentice,2023-09-08,
MEM-11108,WIZ-15171,GLD-05,apprentice,2024-07-26,
MEM-11109,WIZ-15173,GLD-02,Apprentice,2023-12-18,
MEM-11110,WIZ-15175,GLD-11,apprentice,2025-11-11,
MEM-11111,WIZ-15176,GLD-12,apprentice,2024-01-08,
MEM-11112,WIZ-15177,GLD-07,adept,2025-03-25,
MEM-11113,WIZ-15178,GLD-03,Apprentice,2026-05-09,
MEM-11114,WIZ-15180,GLD-08,archmage,2025-12-19,
MEM-11115,WIZ-15184,GLD-05,apprentice,2023-06-07,2024-06-19
MEM-11116,WIZ-15184,GLD-05,Adept,2024-06-19,
MEM-11117,WIZ-15185,GLD-07,apprentice,2026-04-23,2026-05-26
MEM-11118,WIZ-15185,GLD-07,Adept,2026-05-26,
MEM-11119,WIZ-15186,GLD-10,Adept,2026-04-11,
MEM-11120,WIZ-15189,GLD-11,adept,2025-08-19,
MEM-11121,WIZ-15191,GLD-01,apprentice,2024-09-17,
MEM-11122,WIZ-15192,GLD-03,apprentice,2026-03-15,2026-06-29
MEM-11123,WIZ-15192,GLD-03,adept,2026-06-29,
MEM-11124,WIZ-15193,GLD-07,apprentice,2024-05-30,
MEM-11125,WIZ-15195,GLD-07,Archmage,2026-06-04,
MEM-11126,WIZ-15196,GLD-12,Archmage,2023-09-22,
MEM-11127,WIZ-15198,GLD-02,apprentice,2024-03-17,
MEM-11128,WIZ-15199,GLD-03,archmage,2026-03-22,
MEM-11129,WIZ-15202,GLD-06,adept,2026-02-01,
MEM-11130,WIZ-15203,GLD-01,apprentice,2023-06-30,
MEM-11131,WIZ-15205,GLD-06,apprentice,2025-10-01,2026-02-19
MEM-11132,WIZ-15205,GLD-06,adept,2026-02-19,
MEM-11133,WIZ-15206,GLD-09,Adept,2025-08-27,
MEM-11134,WIZ-15207,GLD-10,apprentice,2024-06-04,
MEM-11135,WIZ-15208,GLD-07,adept,2025-03-26,
MEM-11136,WIZ-15209,GLD-11,adept,2024-06-13,
MEM-11137,WIZ-15210,GLD-11,apprentice,2024-05-02,
MEM-11138,WIZ-15211,GLD-11,apprentice,2026-01-31,
MEM-11139,WIZ-15214,GLD-08,adept,2025-01-07,
MEM-11140,WIZ-15218,GLD-12,Apprentice,2023-08-17,
MEM-11141,WIZ-15219,GLD-04,archmage,2025-04-11,
MEM-11142,WIZ-15220,GLD-10,apprentice,2025-06-07,
MEM-11143,WIZ-15221,GLD-09,apprentice,2025-07-31,
MEM-11144,WIZ-15223,GLD-02,apprentice,2023-06-07,2023-08-03
MEM-11145,WIZ-15223,GLD-02,adept,2023-08-03,
MEM-11146,WIZ-15224,GLD-11,apprentice,2025-01-12,2026-06-13
MEM-11147,WIZ-15224,GLD-11,adept,2026-06-13,
MEM-11148,WIZ-15225,GLD-02,ARCHMAGE,2025-12-25,
MEM-11149,WIZ-15226,GLD-04,apprentice,2023-08-07,
MEM-11150,WIZ-15227,GLD-12,adept,2024-09-02,2026-01-04
MEM-11151,WIZ-15227,GLD-12,archmage,2026-01-04,
MEM-11152,WIZ-15229,GLD-06,Adept,2025-02-20,
MEM-11153,WIZ-15230,GLD-10,Apprentice,2026-02-02,2026-04-20
MEM-11154,WIZ-15230,GLD-10,adept,2026-04-20,
MEM-11155,WIZ-15232,GLD-12,Apprentice,2023-10-02,
MEM-11156,WIZ-15233,GLD-05,Apprentice,2025-11-05,
MEM-11157,WIZ-15236,GLD-01,apprentice,2025-01-11,
MEM-11158,WIZ-15237,GLD-04,Apprentice,2024-08-23,
MEM-11159,WIZ-15238,GLD-12,adept,2026-02-21,
MEM-11160,WIZ-15240,GLD-11,Adept,2024-08-11,
MEM-11161,WIZ-15241,GLD-04,apprentice,2025-01-24,
MEM-11162,WIZ-15243,GLD-07,adept,2025-11-22,
MEM-11163,WIZ-15244,GLD-11,adept,2023-04-22,
MEM-11164,WIZ-15245,GLD-06,Apprentice,2026-06-03,
MEM-11165,WIZ-15246,GLD-01,Adept,2026-05-29,
MEM-11166,WIZ-15247,GLD-10,apprentice,2025-07-08,
MEM-11167,WIZ-15248,GLD-12,apprentice,2025-12-05,
MEM-11168,WIZ-15250,GLD-07,ARCHMAGE,2024-04-01,
MEM-11169,WIZ-15251,GLD-08,archmage,2025-09-25,
MEM-11170,WIZ-15254,GLD-06,apprentice,2023-12-26,
MEM-11171,WIZ-15256,GLD-01,adept,2026-04-29,
MEM-11172,WIZ-15257,GLD-06,Apprentice,2024-05-22,
MEM-11173,WIZ-15258,GLD-04,Adept,2025-09-24,
MEM-11174,WIZ-15259,GLD-12,apprentice,2023-08-05,
MEM-11175,WIZ-15261,GLD-08,apprentice,2023-05-20,
MEM-11176,WIZ-15262,GLD-04,adept,2025-05-26,
MEM-11177,WIZ-15263,GLD-11,apprentice,2024-12-24,
MEM-11178,WIZ-15265,GLD-04,apprentice,2023-11-28,
MEM-11179,WIZ-15266,GLD-12,Apprentice,2024-03-13,2025-04-28
MEM-11180,WIZ-15266,GLD-12,adept,2025-04-28,
MEM-11181,WIZ-15267,GLD-09,Apprentice,2025-12-20,
MEM-11182,WIZ-15268,GLD-05,apprentice,2026-04-11,
MEM-11183,WIZ-15270,GLD-03,apprentice,2024-04-14,
MEM-11184,WIZ-15272,GLD-11,Apprentice,2024-08-12,
MEM-11185,WIZ-15273,GLD-12,Apprentice,2025-08-19,
MEM-11186,WIZ-15280,GLD-09,adept,2025-03-26,2026-04-20
MEM-11187,WIZ-15280,GLD-09,ARCHMAGE,2026-04-20,
MEM-11188,WIZ-15281,GLD-10,adept,2023-03-11,
MEM-11189,WIZ-15283,GLD-09,apprentice,2023-08-31,
MEM-11190,WIZ-15285,GLD-01,adept,2025-11-17,
MEM-11191,WIZ-15293,GLD-09,archmage,2024-09-26,
MEM-11192,WIZ-15294,GLD-08,apprentice,2025-03-07,
MEM-11193,WIZ-15295,GLD-10,apprentice,2024-04-27,
MEM-11194,WIZ-15297,GLD-05,APPRENTICE,2026-02-05,2026-06-15
MEM-11195,WIZ-15297,GLD-05,adept,2026-06-15,
MEM-11196,WIZ-15298,GLD-08,APPRENTICE,2025-07-09,
MEM-11197,WIZ-15299,GLD-04,APPRENTICE,2026-05-14,
MEM-11198,WIZ-15300,GLD-04,apprentice,2025-11-02,
MEM-11199,WIZ-15301,GLD-08,Apprentice,2025-11-25,
MEM-11200,WIZ-15303,GLD-03,apprentice,2026-06-26,
MEM-11201,WIZ-15307,GLD-05,apprentice,2024-05-21,
MEM-11202,WIZ-15308,GLD-08,apprentice,2026-06-11,
MEM-11203,WIZ-15309,GLD-07,adept,2023-01-25,
MEM-11204,WIZ-15311,GLD-01,ADEPT,2025-11-14,
MEM-11205,WIZ-15313,GLD-12,apprentice,2023-04-09,
MEM-11206,WIZ-15314,GLD-07,apprentice,2025-09-23,
MEM-11207,WIZ-15315,GLD-04,apprentice,2023-09-12,
MEM-11208,WIZ-15316,GLD-10,Apprentice,2025-06-11,2026-05-19
MEM-11209,WIZ-15316,GLD-10,Adept,2026-05-19,
MEM-11210,WIZ-15317,GLD-08,APPRENTICE,2025-11-10,2025-12-30
MEM-11211,WIZ-15317,GLD-08,Adept,2025-12-30,
MEM-11212,WIZ-15318,GLD-05,adept,2024-04-29,
MEM-11213,WIZ-15319,GLD-08,adept,2024-01-06,
MEM-11214,WIZ-15320,GLD-07,Apprentice,2023-09-01,
MEM-11215,WIZ-15324,GLD-11,apprentice,2026-06-06,
MEM-11216,WIZ-15325,GLD-06,apprentice,2025-01-13,
MEM-11217,WIZ-15326,GLD-05,apprentice,2025-06-21,2025-08-07
MEM-11218,WIZ-15326,GLD-05,adept,2025-08-07,
MEM-11219,WIZ-15327,GLD-12,Archmage,2026-02-01,
MEM-11220,WIZ-15329,GLD-12,apprentice,2026-04-27,
MEM-11221,WIZ-15330,GLD-07,apprentice,2024-08-06,
MEM-11222,WIZ-15332,GLD-06,apprentice,2025-03-02,
MEM-11223,WIZ-15333,GLD-06,apprentice,2024-06-30,
MEM-11224,WIZ-15335,GLD-02,Apprentice,2025-07-27,
MEM-11225,WIZ-15336,GLD-02,archmage,2026-04-29,
MEM-11226,WIZ-15337,GLD-03,Adept,2025-12-26,
MEM-11227,WIZ-15338,GLD-01,apprentice,2023-07-19,
MEM-11228,WIZ-15342,GLD-11,Apprentice,2023-05-18,
MEM-11229,WIZ-15343,GLD-10,apprentice,2024-05-10,
MEM-11230,WIZ-15344,GLD-07,Apprentice,2026-05-15,
MEM-11231,WIZ-15345,GLD-05,adept,2024-04-08,
MEM-11232,WIZ-15346,GLD-04,Apprentice,2024-01-23,
MEM-11233,WIZ-15349,GLD-03,apprentice,2026-02-26,
MEM-11234,WIZ-15350,GLD-03,adept,2025-06-28,
MEM-11235,WIZ-15351,GLD-10,apprentice,2026-06-01,
MEM-11236,WIZ-15352,GLD-05,Adept,2024-09-15,
MEM-11237,WIZ-15355,GLD-10,Apprentice,2023-11-24,
MEM-11238,WIZ-15356,GLD-07,Adept,2025-04-21,
MEM-11239,WIZ-15357,GLD-04,Apprentice,2024-07-07,
MEM-11240,WIZ-15358,GLD-06,Apprentice,2023-03-02,
MEM-11241,WIZ-15359,GLD-06,Adept,2025-09-20,
MEM-11242,WIZ-15360,GLD-02,Archmage,2024-04-19,
MEM-11243,WIZ-15362,GLD-11,Apprentice,2025-07-28,
MEM-11244,WIZ-15363,GLD-11,adept,2024-05-21,
MEM-11245,WIZ-15364,GLD-09,apprentice,2025-04-23,
MEM-11246,WIZ-15365,GLD-07,archmage,2025-09-23,
MEM-11247,WIZ-15366,GLD-07,adept,2024-07-31,
MEM-11248,WIZ-15367,GLD-06,apprentice,2025-06-28,
MEM-11249,WIZ-15368,GLD-07,archmage,2025-08-02,
MEM-11250,WIZ-15369,GLD-01,apprentice,2023-04-04,
MEM-11251,WIZ-15372,GLD-08,adept,2024-01-31,
MEM-11252,WIZ-15374,GLD-10,apprentice,2026-01-19,
MEM-11253,WIZ-15375,GLD-03,adept,2025-01-17,
MEM-11254,WIZ-15377,GLD-01,apprentice,2025-03-15,
MEM-11255,WIZ-15380,GLD-11,archmage,2023-10-02,
MEM-11256,WIZ-15382,GLD-01,apprentice,2024-01-07,
MEM-11257,WIZ-15383,GLD-05,apprentice,2026-02-15,
MEM-11258,WIZ-15384,GLD-08,apprentice,2023-09-09,2023-12-26
MEM-11259,WIZ-15384,GLD-08,adept,2023-12-26,
MEM-11260,WIZ-15385,GLD-08,adept,2025-04-09,
MEM-11261,WIZ-15386,GLD-08,ADEPT,2026-04-29,
MEM-11262,WIZ-15388,GLD-09,adept,2026-01-26,
MEM-11263,WIZ-15389,GLD-12,apprentice,2025-07-02,
MEM-11264,WIZ-15392,GLD-01,apprentice,2025-03-04,
MEM-11265,WIZ-15394,GLD-05,apprentice,2025-09-13,
MEM-11266,WIZ-15395,GLD-03,apprentice,2023-11-21,
MEM-11267,WIZ-15399,GLD-08,apprentice,2026-01-14,
MEM-11268,WIZ-15400,GLD-07,apprentice,2024-11-13,
MEM-11269,WIZ-15403,GLD-08,archmage,2023-06-15,
MEM-11270,WIZ-15404,GLD-10,adept,2025-01-27,
MEM-11271,WIZ-15405,GLD-05,apprentice,2026-01-17,2026-02-18
MEM-11272,WIZ-15405,GLD-05,adept,2026-02-18,
MEM-11273,WIZ-15406,GLD-02,ADEPT,2026-03-18,
MEM-11274,WIZ-15407,GLD-10,apprentice,2026-04-24,
MEM-11275,WIZ-15408,GLD-09,adept,2025-11-07,
MEM-11276,WIZ-15409,GLD-12,APPRENTICE,2025-11-21,
MEM-11277,WIZ-15411,GLD-06,Archmage,2026-01-29,
MEM-11278,WIZ-15412,GLD-12,apprentice,2025-08-07,
MEM-11279,WIZ-15414,GLD-08,apprentice,2026-06-04,
MEM-11280,WIZ-15415,GLD-07,apprentice,2025-11-30,
MEM-11281,WIZ-15417,GLD-12,adept,2025-10-07,
MEM-11282,WIZ-15418,GLD-08,apprentice,2024-11-02,2025-12-05
MEM-11283,WIZ-15418,GLD-08,adept,2025-12-05,
MEM-11284,WIZ-15419,GLD-10,archmage,2026-05-27,
MEM-11285,WIZ-15420,GLD-01,archmage,2026-01-07,
MEM-11286,WIZ-15421,GLD-04,Adept,2024-08-04,
MEM-11287,WIZ-15424,GLD-11,apprentice,2026-05-04,
MEM-11288,WIZ-15425,GLD-08,apprentice,2025-09-11,2026-01-18
MEM-11289,WIZ-15425,GLD-08,adept,2026-01-18,
MEM-11290,WIZ-15426,GLD-01,adept,2024-11-29,
MEM-11291,WIZ-15428,GLD-11,apprentice,2024-01-30,
MEM-11292,WIZ-15429,GLD-03,adept,2026-02-23,
MEM-11293,WIZ-15431,GLD-11,adept,2024-02-14,
MEM-11294,WIZ-15432,GLD-03,Adept,2024-10-04,
MEM-11295,WIZ-15433,GLD-03,adept,2024-12-11,
MEM-11296,WIZ-15434,GLD-05,adept,2024-03-11,
MEM-11297,WIZ-15435,GLD-11,apprentice,2023-10-07,2025-04-15
MEM-11298,WIZ-15435,GLD-11,adept,2025-04-15,
MEM-11299,WIZ-15437,GLD-08,Apprentice,2026-06-11,
MEM-11300,WIZ-15438,GLD-11,Adept,2025-09-01,
MEM-11301,WIZ-15439,GLD-03,apprentice,2025-11-25,
MEM-11302,WIZ-15440,GLD-05,apprentice,2024-01-08,
MEM-11303,WIZ-15442,GLD-08,apprentice,2026-01-12,
MEM-11304,WIZ-15443,GLD-03,adept,2025-08-18,
MEM-11305,WIZ-15444,GLD-01,adept,2025-06-28,
MEM-11306,WIZ-15445,GLD-06,adept,2026-04-22,
MEM-11307,WIZ-15447,GLD-01,ADEPT,2025-01-24,
MEM-11308,WIZ-15449,GLD-04,apprentice,2026-01-11,
MEM-11309,WIZ-15450,GLD-06,Adept,2023-08-15,
MEM-11310,WIZ-15451,GLD-07,apprentice,2026-03-08,
MEM-11311,WIZ-15454,GLD-11,adept,2025-04-11,
MEM-11312,WIZ-15455,GLD-09,archmage,2023-09-25,
MEM-11313,WIZ-15459,GLD-07,Archmage,2024-11-29,
MEM-11314,WIZ-15460,GLD-09,adept,2026-05-29,
MEM-11315,WIZ-15461,GLD-10,adept,2025-07-14,
MEM-11316,WIZ-15463,GLD-03,apprentice,2025-08-24,
MEM-11317,WIZ-15464,GLD-01,APPRENTICE,2023-08-20,
MEM-11318,WIZ-15465,GLD-08,adept,2026-01-25,
MEM-11319,WIZ-15469,GLD-11,APPRENTICE,2026-04-30,2026-06-16
MEM-11320,WIZ-15469,GLD-11,adept,2026-06-16,
MEM-11321,WIZ-15470,GLD-02,ADEPT,2025-01-29,
MEM-11322,WIZ-15471,GLD-12,apprentice,2025-06-12,
MEM-11323,WIZ-15473,GLD-08,apprentice,2025-01-28,
MEM-11324,WIZ-15474,GLD-03,apprentice,2024-08-09,2025-03-04
MEM-11325,WIZ-15474,GLD-03,Adept,2025-03-04,
MEM-11326,WIZ-15475,GLD-11,apprentice,2024-11-03,
MEM-11327,WIZ-15476,GLD-09,Apprentice,2026-06-04,
MEM-11328,WIZ-15477,GLD-01,adept,2025-09-21,
MEM-11329,WIZ-15478,GLD-11,Archmage,2026-04-19,
MEM-11330,WIZ-15479,GLD-10,apprentice,2025-06-03,2025-08-23
MEM-11331,WIZ-15479,GLD-10,adept,2025-08-23,
MEM-11332,WIZ-15481,GLD-09,apprentice,2023-10-06,2024-07-12
MEM-11333,WIZ-15481,GLD-09,adept,2024-07-12,
MEM-11334,WIZ-15482,GLD-05,adept,2024-08-24,
MEM-11335,WIZ-15483,GLD-11,apprentice,2025-01-12,
MEM-11336,WIZ-15484,GLD-05,Apprentice,2024-09-21,
MEM-11337,WIZ-15485,GLD-01,apprentice,2025-11-03,
MEM-11338,WIZ-15486,GLD-12,apprentice,2026-05-24,
MEM-11339,WIZ-15490,GLD-05,apprentice,2025-01-23,
MEM-11340,WIZ-15492,GLD-10,apprentice,2025-10-11,
MEM-11341,WIZ-15493,GLD-11,ADEPT,2026-02-27,2026-06-27
MEM-11342,WIZ-15493,GLD-11,archmage,2026-06-27,
MEM-11343,WIZ-15494,GLD-10,Adept,2026-01-18,2026-02-27
MEM-11344,WIZ-15494,GLD-10,archmage,2026-02-27,
MEM-11345,WIZ-15496,GLD-12,APPRENTICE,2026-02-12,2026-05-24
MEM-11346,WIZ-15496,GLD-12,Adept,2026-05-24,
MEM-11347,WIZ-15497,GLD-04,archmage,2023-11-10,
MEM-11348,WIZ-15499,GLD-02,apprentice,2025-03-03,
MEM-11349,WIZ-15501,GLD-01,Apprentice,2024-10-21,
MEM-11350,WIZ-15502,GLD-06,adept,2026-03-06,
MEM-11351,WIZ-15503,GLD-10,adept,2023-10-24,
MEM-11352,WIZ-15504,GLD-06,apprentice,2025-04-26,
MEM-11353,WIZ-15506,GLD-04,APPRENTICE,2023-12-21,
MEM-11354,WIZ-15508,GLD-09,Apprentice,2024-05-23,
MEM-11355,WIZ-15509,GLD-08,APPRENTICE,2025-11-28,2026-06-02
MEM-11356,WIZ-15509,GLD-08,adept,2026-06-02,
MEM-11357,WIZ-15510,GLD-02,Adept,2023-11-17,
MEM-11358,WIZ-15511,GLD-08,apprentice,2025-07-08,
MEM-11359,WIZ-15512,GLD-11,Adept,2026-06-11,
MEM-11360,WIZ-15514,GLD-04,apprentice,2026-06-10,
MEM-11361,WIZ-15517,GLD-07,apprentice,2025-11-11,
MEM-11362,WIZ-15522,GLD-12,APPRENTICE,2025-09-01,
MEM-11363,WIZ-15524,GLD-08,apprentice,2025-02-18,2025-04-04
MEM-11364,WIZ-15524,GLD-08,ADEPT,2025-04-04,
MEM-11365,WIZ-15525,GLD-04,apprentice,2026-04-29,
MEM-11366,WIZ-15527,GLD-03,adept,2023-10-01,
MEM-11367,WIZ-15531,GLD-09,adept,2024-09-17,
MEM-11368,WIZ-15535,GLD-02,apprentice,2025-11-13,
MEM-11369,WIZ-15536,GLD-01,apprentice,2024-06-01,
MEM-11370,WIZ-15537,GLD-01,Apprentice,2024-10-10,
MEM-11371,WIZ-15538,GLD-09,Adept,2025-04-01,
MEM-11372,WIZ-15539,GLD-06,adept,2024-12-04,
MEM-11373,WIZ-15540,GLD-08,apprentice,2026-05-04,
MEM-11374,WIZ-15542,GLD-11,apprentice,2025-05-08,2026-06-23
MEM-11375,WIZ-15542,GLD-11,adept,2026-06-23,
MEM-11376,WIZ-15543,GLD-08,archmage,2026-06-08,
MEM-11377,WIZ-15545,GLD-08,APPRENTICE,2025-03-20,
MEM-11378,WIZ-15546,GLD-05,apprentice,2025-09-17,
MEM-11379,WIZ-15548,GLD-11,Adept,2025-07-17,
MEM-11380,WIZ-15549,GLD-05,apprentice,2025-01-09,
MEM-11381,WIZ-15550,GLD-06,apprentice,2023-11-10,
MEM-11382,WIZ-15551,GLD-05,Apprentice,2024-08-29,
MEM-11383,WIZ-15552,GLD-10,APPRENTICE,2024-05-29,
MEM-11384,WIZ-15556,GLD-04,adept,2025-05-06,
MEM-11385,WIZ-15557,GLD-07,apprentice,2025-09-18,
MEM-11386,WIZ-15558,GLD-03,APPRENTICE,2026-05-11,
MEM-11387,WIZ-15559,GLD-07,apprentice,2026-04-17,
MEM-11388,WIZ-15560,GLD-12,apprentice,2023-09-17,
MEM-11389,WIZ-15561,GLD-04,apprentice,2024-01-14,
MEM-11390,WIZ-15563,GLD-04,apprentice,2024-06-16,
MEM-11391,WIZ-15566,GLD-05,apprentice,2026-04-14,
MEM-11392,WIZ-15567,GLD-06,Adept,2026-06-22,
MEM-11393,WIZ-15569,GLD-04,archmage,2024-04-05,
MEM-11394,WIZ-15570,GLD-08,apprentice,2025-05-10,
MEM-11395,WIZ-15571,GLD-03,apprentice,2024-07-01,
MEM-11396,WIZ-15572,GLD-06,apprentice,2026-01-24,2026-03-27
MEM-11397,WIZ-15572,GLD-06,Adept,2026-03-27,
MEM-11398,WIZ-15573,GLD-11,apprentice,2023-10-25,
MEM-11399,WIZ-15574,GLD-10,adept,2025-01-07,2025-06-05
MEM-11400,WIZ-15574,GLD-10,archmage,2025-06-05,
MEM-11401,WIZ-15577,GLD-09,adept,2024-08-25,
MEM-11402,WIZ-15578,GLD-11,apprentice,2025-09-27,2025-12-07
MEM-11403,WIZ-15578,GLD-11,ADEPT,2025-12-07,
MEM-11404,WIZ-15581,GLD-11,apprentice,2024-05-16,
MEM-11405,WIZ-15584,GLD-04,apprentice,2023-08-19,
MEM-11406,WIZ-15585,GLD-06,APPRENTICE,2026-06-15,
MEM-11407,WIZ-15586,GLD-01,ADEPT,2024-07-18,
MEM-11408,WIZ-15588,GLD-10,apprentice,2025-11-06,2026-06-01
MEM-11409,WIZ-15588,GLD-10,adept,2026-06-01,
MEM-11410,WIZ-15590,GLD-05,APPRENTICE,2025-02-08,
MEM-11411,WIZ-15591,GLD-09,apprentice,2024-03-04,
MEM-11412,WIZ-15592,GLD-04,archmage,2025-08-23,
MEM-11413,WIZ-15594,GLD-05,apprentice,2026-04-02,
MEM-11414,WIZ-15595,GLD-03,adept,2025-01-25,
MEM-11415,WIZ-15598,GLD-01,archmage,2025-08-06,
MEM-11416,WIZ-15600,GLD-10,apprentice,2023-11-04,
MEM-11417,WIZ-15601,GLD-05,adept,2025-01-24,
MEM-11418,WIZ-15602,GLD-12,Adept,2025-12-22,
MEM-11419,WIZ-15604,GLD-09,Apprentice,2026-01-13,
MEM-11420,WIZ-15605,GLD-08,adept,2026-05-18,
MEM-11421,WIZ-15606,GLD-09,apprentice,2026-06-30,
MEM-11422,WIZ-15607,GLD-03,apprentice,2026-01-25,
MEM-11423,WIZ-15610,GLD-06,apprentice,2026-01-27,
MEM-11424,WIZ-15611,GLD-02,apprentice,2026-02-16,
MEM-11425,WIZ-15612,GLD-12,apprentice,2026-05-13,
MEM-11426,WIZ-15613,GLD-05,apprentice,2023-05-25,
MEM-11427,WIZ-15614,GLD-11,ADEPT,2024-09-09,
MEM-11428,WIZ-15617,GLD-08,apprentice,2023-10-15,
MEM-11429,WIZ-15618,GLD-02,Adept,2024-12-04,
MEM-11430,WIZ-15619,GLD-11,APPRENTICE,2026-01-11,
MEM-11431,WIZ-15621,GLD-11,apprentice,2025-07-03,
MEM-11432,WIZ-15624,GLD-04,archmage,2024-07-29,
MEM-11433,WIZ-15626,GLD-09,adept,2025-06-04,
MEM-11434,WIZ-15627,GLD-05,apprentice,2024-04-13,
MEM-11435,WIZ-15632,GLD-08,apprentice,2025-07-10,
MEM-11436,WIZ-15634,GLD-03,Archmage,2025-02-26,
MEM-11437,WIZ-15635,GLD-04,apprentice,2026-01-20,
MEM-11438,WIZ-15636,GLD-11,Apprentice,2026-02-28,
MEM-11439,WIZ-15638,GLD-12,apprentice,2026-03-12,
MEM-11440,WIZ-15639,GLD-08,Apprentice,2024-11-30,2025-11-17
MEM-11441,WIZ-15639,GLD-08,adept,2025-11-17,
MEM-11442,WIZ-15640,GLD-12,Apprentice,2024-11-19,
MEM-11443,WIZ-15642,GLD-01,adept,2025-11-23,
MEM-11444,WIZ-15643,GLD-02,apprentice,2024-03-24,
MEM-11445,WIZ-15645,GLD-02,apprentice,2026-04-12,
MEM-11446,WIZ-15646,GLD-05,Apprentice,2023-12-29,
MEM-11447,WIZ-15647,GLD-09,adept,2024-11-29,
MEM-11448,WIZ-15648,GLD-07,adept,2025-07-14,
MEM-11449,WIZ-15650,GLD-10,Apprentice,2023-04-06,
MEM-11450,WIZ-15653,GLD-02,apprentice,2026-05-03,
MEM-11451,WIZ-15654,GLD-05,apprentice,2025-08-13,
MEM-11452,WIZ-15658,GLD-12,apprentice,2026-01-19,
MEM-11453,WIZ-15660,GLD-10,APPRENTICE,2024-06-20,
MEM-11454,WIZ-15662,GLD-11,Adept,2025-06-24,
MEM-11455,WIZ-15663,GLD-07,apprentice,2025-08-26,
MEM-11456,WIZ-15665,GLD-07,apprentice,2024-11-11,
MEM-11457,WIZ-15667,GLD-02,Apprentice,2025-01-15,
MEM-11458,WIZ-15669,GLD-07,adept,2025-06-29,
MEM-11459,WIZ-15672,GLD-04,adept,2025-03-09,
MEM-11460,WIZ-15675,GLD-09,Apprentice,2026-04-10,
MEM-11461,WIZ-15677,GLD-10,Archmage,2024-08-14,
MEM-11462,WIZ-15678,GLD-03,apprentice,2024-01-21,
MEM-11463,WIZ-15679,GLD-07,Adept,2023-07-24,2025-04-06
MEM-11464,WIZ-15679,GLD-07,archmage,2025-04-06,
MEM-11465,WIZ-15680,GLD-07,Adept,2024-09-28,
MEM-11466,WIZ-15681,GLD-08,adept,2024-05-17,
MEM-11467,WIZ-15683,GLD-09,apprentice,2024-08-25,
MEM-11468,WIZ-15686,GLD-01,apprentice,2026-06-04,
MEM-11469,WIZ-15687,GLD-03,apprentice,2026-02-13,
MEM-11470,WIZ-15695,GLD-07,Apprentice,2026-04-13,
MEM-11471,WIZ-15697,GLD-11,apprentice,2026-04-23,
MEM-11472,WIZ-15698,GLD-12,Apprentice,2026-05-24,
MEM-11473,WIZ-15699,GLD-10,apprentice,2023-06-01,
MEM-11474,WIZ-15700,GLD-10,apprentice,2026-06-07,
MEM-11475,WIZ-15703,GLD-03,apprentice,2025-06-30,
MEM-11476,WIZ-15704,GLD-12,Adept,2024-07-20,
MEM-11477,WIZ-15706,GLD-10,Archmage,2024-04-10,
MEM-11478,WIZ-15707,GLD-12,archmage,2026-04-29,
MEM-11479,WIZ-15708,GLD-04,apprentice,2025-05-03,
MEM-11480,WIZ-15709,GLD-10,apprentice,2025-11-23,
MEM-11481,WIZ-15710,GLD-07,Apprentice,2025-08-26,2025-11-14
MEM-11482,WIZ-15710,GLD-07,Adept,2025-11-14,
MEM-11483,WIZ-15712,GLD-03,adept,2025-07-22,
MEM-11484,WIZ-15713,GLD-03,Archmage,2026-06-12,
MEM-11485,WIZ-15718,GLD-07,Adept,2025-04-13,2025-11-30
MEM-11486,WIZ-15718,GLD-07,archmage,2025-11-30,
MEM-11487,WIZ-15719,GLD-04,adept,2024-04-12,
MEM-11488,WIZ-15722,GLD-05,archmage,2025-04-09,
MEM-11489,WIZ-15726,GLD-04,Apprentice,2026-02-06,2026-06-15
MEM-11490,WIZ-15726,GLD-04,Adept,2026-06-15,
MEM-11491,WIZ-15728,GLD-06,apprentice,2025-09-15,2026-02-19
MEM-11492,WIZ-15728,GLD-06,adept,2026-02-19,
MEM-11493,WIZ-15731,GLD-08,apprentice,2025-06-24,
MEM-11494,WIZ-15733,GLD-12,apprentice,2025-11-01,
MEM-11495,WIZ-15734,GLD-12,APPRENTICE,2025-11-26,
MEM-11496,WIZ-15735,GLD-02,ADEPT,2026-05-25,
MEM-11497,WIZ-15736,GLD-01,apprentice,2026-05-07,
MEM-11498,WIZ-15738,GLD-12,Adept,2025-02-12,
MEM-11499,WIZ-15739,GLD-03,Apprentice,2024-11-05,
MEM-11500,WIZ-15740,GLD-01,apprentice,2023-12-12,
MEM-11501,WIZ-15742,GLD-10,adept,2026-06-29,
MEM-11502,WIZ-15743,GLD-01,adept,2025-06-22,
MEM-11503,WIZ-15744,GLD-03,apprentice,2024-12-18,
MEM-11504,WIZ-15745,GLD-01,apprentice,2026-03-11,
MEM-11505,WIZ-15747,GLD-05,apprentice,2025-12-01,
MEM-11506,WIZ-15749,GLD-08,apprentice,2026-06-14,
MEM-11507,WIZ-15750,GLD-05,apprentice,2026-06-26,
MEM-11508,WIZ-15751,GLD-02,apprentice,2024-07-02,
MEM-11509,WIZ-15752,GLD-10,APPRENTICE,2025-10-31,
MEM-11510,WIZ-15754,GLD-09,apprentice,2024-12-13,
MEM-11511,WIZ-15757,GLD-06,archmage,2025-03-02,
MEM-11512,WIZ-15758,GLD-02,apprentice,2025-04-25,
MEM-11513,WIZ-15760,GLD-11,apprentice,2024-03-15,
MEM-11514,WIZ-15761,GLD-09,ARCHMAGE,2023-10-31,
MEM-11515,WIZ-15763,GLD-04,adept,2026-05-26,
MEM-11516,WIZ-15764,GLD-12,apprentice,2024-06-09,
MEM-11517,WIZ-15765,GLD-05,adept,2025-12-23,
MEM-11518,WIZ-15766,GLD-02,apprentice,2025-12-06,
MEM-11519,WIZ-15767,GLD-10,apprentice,2023-12-03,
MEM-11520,WIZ-15768,GLD-10,apprentice,2026-05-28,
MEM-11521,WIZ-15769,GLD-03,adept,2025-04-03,
MEM-11522,WIZ-15771,GLD-07,APPRENTICE,2025-01-27,2025-10-05
MEM-11523,WIZ-15771,GLD-07,ADEPT,2025-10-05,
MEM-11524,WIZ-15773,GLD-02,adept,2024-10-01,
MEM-11525,WIZ-15776,GLD-04,apprentice,2025-08-28,
MEM-11526,WIZ-15778,GLD-07,Apprentice,2025-03-06,
MEM-11527,WIZ-15779,GLD-06,Apprentice,2025-02-27,
MEM-11528,WIZ-15782,GLD-07,APPRENTICE,2025-05-02,2025-06-27
MEM-11529,WIZ-15782,GLD-07,Adept,2025-06-27,
MEM-11530,WIZ-15786,GLD-11,Adept,2024-08-29,
MEM-11531,WIZ-15791,GLD-09,apprentice,2025-11-17,
MEM-11532,WIZ-15792,GLD-02,Adept,2026-04-29,
MEM-11533,WIZ-15796,GLD-02,Archmage,2024-01-08,
MEM-11534,WIZ-15797,GLD-03,apprentice,2025-06-26,2026-04-14
MEM-11535,WIZ-15797,GLD-03,adept,2026-04-14,
MEM-11536,WIZ-15803,GLD-11,apprentice,2023-11-04,
MEM-11537,WIZ-15804,GLD-02,adept,2025-06-07,
MEM-11538,WIZ-15805,GLD-06,adept,2025-12-11,
MEM-11539,WIZ-15806,GLD-12,apprentice,2024-06-18,2025-03-11
MEM-11540,WIZ-15806,GLD-12,adept,2025-03-11,
MEM-11541,WIZ-15807,GLD-05,apprentice,2025-03-07,
MEM-11542,WIZ-15808,GLD-08,APPRENTICE,2025-04-24,
MEM-11543,WIZ-15810,GLD-06,apprentice,2025-10-22,
MEM-11544,WIZ-15813,GLD-04,apprentice,2026-01-13,
MEM-11545,WIZ-15814,GLD-03,apprentice,2024-09-15,2025-03-30
MEM-11546,WIZ-15814,GLD-03,ADEPT,2025-03-30,
MEM-11547,WIZ-15816,GLD-10,archmage,2025-09-26,
MEM-11548,WIZ-15817,GLD-05,Apprentice,2024-12-26,
MEM-11549,WIZ-15818,GLD-08,apprentice,2025-09-28,
MEM-11550,WIZ-15821,GLD-04,Apprentice,2025-10-11,
MEM-11551,WIZ-15822,GLD-04,Apprentice,2026-03-22,
MEM-11552,WIZ-15823,GLD-01,Adept,2023-04-03,
MEM-11553,WIZ-15825,GLD-09,adept,2025-04-14,
MEM-11554,WIZ-15826,GLD-02,ARCHMAGE,2026-04-20,
MEM-11555,WIZ-15827,GLD-04,ARCHMAGE,2026-06-17,
MEM-11556,WIZ-15829,GLD-08,apprentice,2026-01-01,
MEM-11557,WIZ-15831,GLD-08,apprentice,2025-08-18,2026-05-29
MEM-11558,WIZ-15831,GLD-08,adept,2026-05-29,
MEM-11559,WIZ-15834,GLD-01,ADEPT,2026-02-25,
MEM-11560,WIZ-15835,GLD-11,apprentice,2026-03-19,
MEM-11561,WIZ-15839,GLD-10,adept,2025-12-05,
MEM-11562,WIZ-15840,GLD-09,apprentice,2026-05-22,
MEM-11563,WIZ-15842,GLD-12,Apprentice,2024-01-10,
MEM-11564,WIZ-15843,GLD-01,APPRENTICE,2025-02-05,
MEM-11565,WIZ-15844,GLD-01,apprentice,2026-06-13,
MEM-11566,WIZ-15847,GLD-05,adept,2025-07-05,
MEM-11567,WIZ-15848,GLD-01,apprentice,2024-05-02,
MEM-11568,WIZ-15852,GLD-05,Apprentice,2025-03-03,
MEM-11569,WIZ-15855,GLD-10,apprentice,2024-05-17,
MEM-11570,WIZ-15856,GLD-10,archmage,2026-05-25,
MEM-11571,WIZ-15857,GLD-11,Apprentice,2026-03-01,
MEM-11572,WIZ-15859,GLD-10,apprentice,2026-03-27,
MEM-11573,WIZ-15861,GLD-01,ARCHMAGE,2024-10-08,
MEM-11574,WIZ-15863,GLD-11,apprentice,2026-05-18,
MEM-11575,WIZ-15864,GLD-01,Apprentice,2024-07-29,
MEM-11576,WIZ-15866,GLD-05,apprentice,2024-07-14,
MEM-11577,WIZ-15868,GLD-10,apprentice,2026-03-03,
MEM-11578,WIZ-15869,GLD-09,apprentice,2025-09-13,
MEM-11579,WIZ-15870,GLD-09,apprentice,2024-11-22,
MEM-11580,WIZ-15871,GLD-12,adept,2025-07-18,
MEM-11581,WIZ-15872,GLD-12,apprentice,2026-05-10,
MEM-11582,WIZ-15873,GLD-02,apprentice,2025-09-07,
MEM-11583,WIZ-15874,GLD-11,adept,2023-06-11,2025-03-07
MEM-11584,WIZ-15874,GLD-11,archmage,2025-03-07,
MEM-11585,WIZ-15875,GLD-04,apprentice,2025-07-30,
MEM-11586,WIZ-15877,GLD-11,APPRENTICE,2025-03-15,
MEM-11587,WIZ-15878,GLD-07,apprentice,2024-10-12,
MEM-11588,WIZ-15882,GLD-12,APPRENTICE,2023-12-20,
MEM-11589,WIZ-15883,GLD-10,apprentice,2024-11-08,
MEM-11590,WIZ-15884,GLD-06,archmage,2026-03-15,
MEM-11591,WIZ-15885,GLD-06,Adept,2026-06-23,
MEM-11592,WIZ-15886,GLD-05,apprentice,2025-12-21,
MEM-11593,WIZ-15887,GLD-02,adept,2026-05-01,
MEM-11594,WIZ-15890,GLD-09,adept,2025-07-22,
MEM-11595,WIZ-15891,GLD-07,apprentice,2026-01-12,2026-03-14
MEM-11596,WIZ-15891,GLD-07,adept,2026-03-14,
MEM-11597,WIZ-15893,GLD-07,apprentice,2025-08-13,
MEM-11598,WIZ-15895,GLD-01,Apprentice,2024-01-26,
MEM-11599,WIZ-15896,GLD-06,apprentice,2023-04-26,
MEM-11600,WIZ-15899,GLD-02,Adept,2023-09-28,
MEM-11601,WIZ-15900,GLD-03,adept,2024-07-21,2025-11-23
MEM-11602,WIZ-15900,GLD-03,archmage,2025-11-23,
MEM-11603,WIZ-15901,GLD-05,adept,2026-01-17,2026-06-23
MEM-11604,WIZ-15901,GLD-05,archmage,2026-06-23,
MEM-11605,WIZ-15904,GLD-11,adept,2025-03-01,
MEM-11606,WIZ-15905,GLD-12,ARCHMAGE,2024-08-12,
MEM-11607,WIZ-15906,GLD-02,apprentice,2024-03-14,
MEM-11608,WIZ-15908,GLD-07,apprentice,2025-12-04,
MEM-11609,WIZ-15910,GLD-12,adept,2023-07-27,
MEM-11610,WIZ-15911,GLD-03,APPRENTICE,2025-05-26,
MEM-11611,WIZ-15914,GLD-06,archmage,2026-06-13,
MEM-11612,WIZ-15915,GLD-03,apprentice,2024-09-04,
MEM-11613,WIZ-15916,GLD-05,APPRENTICE,2026-01-30,
MEM-11614,WIZ-15917,GLD-09,apprentice,2025-10-24,
MEM-11615,WIZ-15918,GLD-08,APPRENTICE,2026-01-13,
MEM-11616,WIZ-15920,GLD-01,Adept,2025-02-11,
MEM-11617,WIZ-15921,GLD-03,apprentice,2023-10-10,
MEM-11618,WIZ-15925,GLD-07,Apprentice,2026-04-27,
MEM-11619,WIZ-15926,GLD-10,apprentice,2026-04-11,
MEM-11620,WIZ-15929,GLD-06,apprentice,2025-10-05,2026-03-23
MEM-11621,WIZ-15929,GLD-06,adept,2026-03-23,
MEM-11622,WIZ-15930,GLD-08,Apprentice,2024-08-13,
MEM-11623,WIZ-15932,GLD-03,adept,2026-03-03,
MEM-11624,WIZ-15933,GLD-07,Apprentice,2026-05-28,
MEM-11625,WIZ-15934,GLD-10,apprentice,2025-01-30,
MEM-11626,WIZ-15943,GLD-07,apprentice,2023-10-09,
MEM-11627,WIZ-15944,GLD-03,apprentice,2025-02-19,
MEM-11628,WIZ-15945,GLD-09,apprentice,2025-03-21,
MEM-11629,WIZ-15946,GLD-10,Apprentice,2023-07-21,
MEM-11630,WIZ-15950,GLD-03,adept,2025-03-18,
MEM-11631,WIZ-15951,GLD-03,apprentice,2023-09-15,
MEM-11632,WIZ-15953,GLD-09,apprentice,2026-02-26,2026-04-11
MEM-11633,WIZ-15953,GLD-09,ADEPT,2026-04-11,
MEM-11634,WIZ-15954,GLD-05,APPRENTICE,2023-10-23,
MEM-11635,WIZ-15955,GLD-09,apprentice,2025-10-06,
MEM-11636,WIZ-15958,GLD-07,apprentice,2025-02-05,2025-06-18
MEM-11637,WIZ-15958,GLD-07,adept,2025-06-18,
MEM-11638,WIZ-15960,GLD-03,apprentice,2024-04-22,
MEM-11639,WIZ-15961,GLD-01,archmage,2026-03-24,
MEM-11640,WIZ-15962,GLD-02,apprentice,2023-12-10,
MEM-11641,WIZ-15963,GLD-06,apprentice,2023-12-10,
MEM-11642,WIZ-15966,GLD-11,APPRENTICE,2024-12-16,
MEM-11643,WIZ-15968,GLD-08,adept,2025-06-17,2026-03-30
MEM-11644,WIZ-15968,GLD-08,archmage,2026-03-30,
MEM-11645,WIZ-15969,GLD-07,apprentice,2025-06-20,
MEM-11646,WIZ-15971,GLD-06,Adept,2026-04-08,
MEM-11647,WIZ-15972,GLD-11,apprentice,2024-10-12,
MEM-11648,WIZ-15974,GLD-04,apprentice,2024-03-27,2024-08-28
MEM-11649,WIZ-15974,GLD-04,adept,2024-08-28,
MEM-11650,WIZ-15975,GLD-08,apprentice,2025-11-23,
MEM-11651,WIZ-15976,GLD-01,adept,2025-09-20,
MEM-11652,WIZ-15977,GLD-08,apprentice,2026-06-27,
MEM-11653,WIZ-15978,GLD-07,APPRENTICE,2026-03-28,
MEM-11654,WIZ-15980,GLD-12,apprentice,2025-07-13,
MEM-11655,WIZ-15982,GLD-08,adept,2025-11-26,
MEM-11656,WIZ-15983,GLD-12,ADEPT,2026-05-20,
MEM-11657,WIZ-15984,GLD-07,apprentice,2026-02-04,
MEM-11658,WIZ-15986,GLD-09,adept,2025-05-09,
MEM-11659,WIZ-15988,GLD-04,apprentice,2026-05-13,
MEM-11660,WIZ-15989,GLD-10,Adept,2026-05-05,
MEM-11661,WIZ-15991,GLD-08,Adept,2026-05-11,
MEM-11662,WIZ-15994,GLD-02,ARCHMAGE,2025-04-11,
MEM-11663,WIZ-15995,GLD-02,apprentice,2023-04-05,
MEM-11664,WIZ-15997,GLD-10,Apprentice,2026-02-23,
MEM-11665,WIZ-15998,GLD-11,apprentice,2024-09-06,
MEM-11666,WIZ-15999,GLD-08,adept,2026-06-22,
MEM-11667,WIZ-16004,GLD-05,apprentice,2025-04-22,2025-07-05
MEM-11668,WIZ-16004,GLD-05,adept,2025-07-05,
MEM-11669,WIZ-16006,GLD-08,apprentice,2026-03-30,
MEM-11670,WIZ-16007,GLD-09,apprentice,2023-08-08,
MEM-11671,WIZ-16008,GLD-07,Apprentice,2025-02-12,
MEM-11672,WIZ-16009,GLD-11,apprentice,2026-04-03,
MEM-11673,WIZ-16011,GLD-11,ADEPT,2026-06-11,
MEM-11674,WIZ-16012,GLD-06,adept,2025-10-05,
MEM-11675,WIZ-16013,GLD-10,Apprentice,2024-05-04,2025-09-10
MEM-11676,WIZ-16013,GLD-10,adept,2025-09-10,
MEM-11677,WIZ-16014,GLD-12,apprentice,2025-08-30,
MEM-11678,WIZ-16015,GLD-03,apprentice,2024-08-06,2024-10-17
MEM-11679,WIZ-16015,GLD-03,ADEPT,2024-10-17,
MEM-11680,WIZ-16017,GLD-10,APPRENTICE,2026-06-19,
MEM-11681,WIZ-16018,GLD-02,apprentice,2023-03-29,
MEM-11682,WIZ-16019,GLD-05,Archmage,2025-01-11,
MEM-11683,WIZ-16020,GLD-03,apprentice,2025-09-27,
MEM-11684,WIZ-16022,GLD-06,ADEPT,2026-01-02,
MEM-11685,WIZ-16023,GLD-01,ADEPT,2026-03-06,
MEM-11686,WIZ-16026,GLD-12,apprentice,2026-05-24,
MEM-11687,WIZ-16028,GLD-06,Apprentice,2024-07-24,2025-06-07
MEM-11688,WIZ-16028,GLD-06,adept,2025-06-07,
MEM-11689,WIZ-16031,GLD-11,adept,2026-06-23,
MEM-11690,WIZ-16033,GLD-06,Apprentice,2025-08-13,
MEM-11691,WIZ-16034,GLD-09,apprentice,2024-12-09,
MEM-11692,WIZ-16035,GLD-03,ADEPT,2023-05-21,
MEM-11693,WIZ-16036,GLD-02,archmage,2024-03-19,
MEM-11694,WIZ-16038,GLD-01,apprentice,2023-12-28,
MEM-11695,WIZ-16041,GLD-03,Apprentice,2026-04-29,
MEM-11696,WIZ-16044,GLD-03,apprentice,2026-02-19,2026-05-10
MEM-11697,WIZ-16044,GLD-03,adept,2026-05-10,
MEM-11698,WIZ-16046,GLD-07,ADEPT,2025-12-20,
MEM-11699,WIZ-16048,GLD-03,Apprentice,2025-03-05,
MEM-11700,WIZ-16050,GLD-03,apprentice,2024-09-25,
MEM-11701,WIZ-16051,GLD-02,adept,2025-08-26,2026-03-25
MEM-11702,WIZ-16051,GLD-02,archmage,2026-03-25,
MEM-11703,WIZ-16052,GLD-04,adept,2026-06-18,
MEM-11704,WIZ-16053,GLD-04,adept,2026-06-13,
MEM-11705,WIZ-16055,GLD-05,adept,2023-11-06,2025-06-07
MEM-11706,WIZ-16055,GLD-05,Archmage,2025-06-07,
MEM-11707,WIZ-16058,GLD-04,apprentice,2025-12-20,
MEM-11708,WIZ-16059,GLD-11,apprentice,2025-03-03,2025-04-29
MEM-11709,WIZ-16059,GLD-11,adept,2025-04-29,
MEM-11710,WIZ-16062,GLD-02,Apprentice,2026-03-18,2026-04-29
MEM-11711,WIZ-16062,GLD-02,Adept,2026-04-29,
MEM-11712,WIZ-16063,GLD-01,apprentice,2024-01-22,
MEM-11713,WIZ-16064,GLD-12,adept,2023-11-06,
MEM-11714,WIZ-16068,GLD-06,Archmage,2026-01-29,
MEM-11715,WIZ-16070,GLD-04,apprentice,2025-12-22,
MEM-11716,WIZ-16071,GLD-08,adept,2026-03-23,
MEM-11717,WIZ-16073,GLD-01,apprentice,2024-09-03,
MEM-11718,WIZ-16075,GLD-06,apprentice,2025-05-13,
MEM-11719,WIZ-16076,GLD-03,apprentice,2025-01-26,2026-02-09
MEM-11720,WIZ-16076,GLD-03,adept,2026-02-09,
MEM-11721,WIZ-16077,GLD-01,apprentice,2024-09-15,
MEM-11722,WIZ-16078,GLD-01,Adept,2024-08-27,
MEM-11723,WIZ-16079,GLD-12,Apprentice,2024-07-20,
MEM-11724,WIZ-16080,GLD-03,APPRENTICE,2026-02-22,
MEM-11725,WIZ-16081,GLD-12,adept,2025-12-21,
MEM-11726,WIZ-16082,GLD-07,adept,2023-07-19,
MEM-11727,WIZ-16083,GLD-08,apprentice,2026-05-28,
MEM-11728,WIZ-16084,GLD-02,apprentice,2024-06-23,
MEM-11729,WIZ-16085,GLD-06,apprentice,2025-11-17,
MEM-11730,WIZ-16087,GLD-08,archmage,2024-12-13,
MEM-11731,WIZ-16088,GLD-12,adept,2025-12-06,2026-02-16
MEM-11732,WIZ-16088,GLD-12,archmage,2026-02-16,
MEM-11733,WIZ-16089,GLD-01,Adept,2026-04-17,
MEM-11734,WIZ-16090,GLD-05,apprentice,2024-08-14,2025-10-27
MEM-11735,WIZ-16090,GLD-05,Adept,2025-10-27,
MEM-11736,WIZ-16091,GLD-01,Apprentice,2025-06-05,
MEM-11737,WIZ-16092,GLD-02,apprentice,2024-05-19,
MEM-11738,WIZ-16094,GLD-01,apprentice,2024-08-02,2024-09-11
MEM-11739,WIZ-16094,GLD-01,adept,2024-09-11,
MEM-11740,WIZ-16095,GLD-11,archmage,2026-05-26,
MEM-11741,WIZ-16097,GLD-11,Apprentice,2026-05-23,
MEM-11742,WIZ-16099,GLD-10,apprentice,2024-09-20,
MEM-11743,WIZ-16101,GLD-03,apprentice,2025-07-01,
MEM-11744,WIZ-16102,GLD-02,apprentice,2025-02-04,2025-06-02
MEM-11745,WIZ-16102,GLD-02,adept,2025-06-02,
MEM-11746,WIZ-16104,GLD-07,Apprentice,2024-06-24,2026-02-18
MEM-11747,WIZ-16104,GLD-07,Adept,2026-02-18,
MEM-11748,WIZ-16105,GLD-04,apprentice,2025-02-23,
MEM-11749,WIZ-16106,GLD-02,Apprentice,2024-09-09,
MEM-11750,WIZ-16107,GLD-07,ADEPT,2023-09-06,2024-12-14
MEM-11751,WIZ-16107,GLD-07,archmage,2024-12-14,
MEM-11752,WIZ-16108,GLD-09,Apprentice,2025-12-24,
MEM-11753,WIZ-16109,GLD-09,apprentice,2024-06-29,
MEM-11754,WIZ-16112,GLD-03,apprentice,2024-12-25,
MEM-11755,WIZ-16113,GLD-12,apprentice,2023-12-07,
MEM-11756,WIZ-16116,GLD-01,Archmage,2023-02-19,
MEM-11757,WIZ-16118,GLD-05,adept,2025-11-08,
MEM-11758,WIZ-16120,GLD-09,apprentice,2026-04-20,2026-06-18
MEM-11759,WIZ-16120,GLD-09,adept,2026-06-18,
MEM-11760,WIZ-16122,GLD-07,Adept,2026-02-27,
MEM-11761,WIZ-16123,GLD-01,apprentice,2024-06-19,
MEM-11762,WIZ-16124,GLD-01,apprentice,2026-05-03,
MEM-11763,WIZ-16125,GLD-04,Adept,2023-06-09,
MEM-11764,WIZ-16126,GLD-02,adept,2025-06-14,
MEM-11765,WIZ-16127,GLD-03,apprentice,2024-03-05,
MEM-11766,WIZ-16130,GLD-03,Adept,2024-09-25,
MEM-11767,WIZ-16131,GLD-04,Apprentice,2025-02-14,
MEM-11768,WIZ-16132,GLD-06,apprentice,2026-04-26,
MEM-11769,WIZ-16134,GLD-02,Apprentice,2024-07-31,
MEM-11770,WIZ-16135,GLD-12,adept,2025-08-26,
MEM-11771,WIZ-16139,GLD-09,apprentice,2023-06-07,
MEM-11772,WIZ-16142,GLD-11,apprentice,2024-01-11,
MEM-11773,WIZ-16143,GLD-10,apprentice,2025-03-28,
MEM-11774,WIZ-16144,GLD-04,adept,2025-09-16,
MEM-11775,WIZ-16145,GLD-03,apprentice,2025-02-16,
MEM-11776,WIZ-16146,GLD-08,Apprentice,2025-09-17,
MEM-11777,WIZ-16147,GLD-04,apprentice,2024-08-27,
MEM-11778,WIZ-16148,GLD-01,adept,2024-04-27,
MEM-11779,WIZ-16149,GLD-11,adept,2025-05-14,2025-12-31
MEM-11780,WIZ-16149,GLD-11,ARCHMAGE,2025-12-31,
MEM-11781,WIZ-16150,GLD-01,apprentice,2025-11-09,
MEM-11782,WIZ-16151,GLD-10,apprentice,2024-02-05,
MEM-11783,WIZ-16152,GLD-05,apprentice,2025-10-20,
MEM-11784,WIZ-16154,GLD-04,adept,2025-06-10,
MEM-11785,WIZ-16155,GLD-02,apprentice,2024-01-12,
MEM-11786,WIZ-16156,GLD-03,apprentice,2024-05-23,
MEM-11787,WIZ-16157,GLD-06,apprentice,2026-06-05,
MEM-11788,WIZ-16158,GLD-07,APPRENTICE,2025-01-21,
MEM-11789,WIZ-16159,GLD-08,APPRENTICE,2024-06-14,
MEM-11790,WIZ-16161,GLD-08,adept,2025-07-08,
MEM-11791,WIZ-16162,GLD-04,apprentice,2023-06-09,
MEM-11792,WIZ-16163,GLD-03,ADEPT,2026-01-05,2026-03-31
MEM-11793,WIZ-16163,GLD-03,archmage,2026-03-31,
MEM-11794,WIZ-16164,GLD-10,adept,2026-06-10,
MEM-11795,WIZ-16165,GLD-07,archmage,2026-06-09,
MEM-11796,WIZ-16166,GLD-05,apprentice,2026-04-24,2026-05-27
MEM-11797,WIZ-16166,GLD-05,adept,2026-05-27,
MEM-11798,WIZ-16167,GLD-07,apprentice,2025-08-26,
MEM-11799,WIZ-16169,GLD-06,apprentice,2025-01-13,
MEM-11800,WIZ-16170,GLD-10,adept,2023-05-05,
MEM-11801,WIZ-16172,GLD-10,Apprentice,2025-09-02,
MEM-11802,WIZ-16174,GLD-01,Adept,2023-09-25,
MEM-11803,WIZ-16175,GLD-02,adept,2024-01-08,
MEM-11804,WIZ-16176,GLD-04,Apprentice,2024-06-15,
MEM-11805,WIZ-16178,GLD-08,apprentice,2025-01-31,
MEM-11806,WIZ-16180,GLD-07,Adept,2025-11-26,
MEM-11807,WIZ-16181,GLD-09,Apprentice,2025-09-27,
MEM-11808,WIZ-16183,GLD-03,apprentice,2024-05-17,
MEM-11809,WIZ-16185,GLD-08,apprentice,2025-09-23,
MEM-11810,WIZ-16186,GLD-03,APPRENTICE,2024-05-22,
MEM-11811,WIZ-16187,GLD-10,apprentice,2024-07-30,
MEM-11812,WIZ-16189,GLD-11,adept,2024-10-05,
MEM-11813,WIZ-16190,GLD-09,apprentice,2026-01-15,
MEM-11814,WIZ-16191,GLD-05,Apprentice,2023-08-30,
MEM-11815,WIZ-16192,GLD-12,apprentice,2025-01-28,
MEM-11816,WIZ-16194,GLD-01,adept,2024-03-09,
MEM-11817,WIZ-16195,GLD-12,archmage,2026-04-12,
MEM-11818,WIZ-16196,GLD-04,apprentice,2026-03-31,
MEM-11819,WIZ-16197,GLD-08,Adept,2024-04-24,
MEM-11820,WIZ-16199,GLD-06,apprentice,2026-02-14,
MEM-11821,WIZ-16200,GLD-09,apprentice,2023-10-26,2025-02-06
MEM-11822,WIZ-16200,GLD-09,adept,2025-02-06,
MEM-11823,WIZ-16202,GLD-03,Apprentice,2026-01-03,
MEM-11824,WIZ-16203,GLD-10,apprentice,2024-07-07,
MEM-11825,WIZ-16204,GLD-09,Archmage,2023-11-27,
MEM-11826,WIZ-16205,GLD-04,apprentice,2025-05-10,
MEM-11827,WIZ-16206,GLD-10,apprentice,2024-11-23,
MEM-11828,WIZ-16209,GLD-01,archmage,2023-08-21,
MEM-11829,WIZ-16211,GLD-06,adept,2024-09-06,
MEM-11830,WIZ-16212,GLD-02,Apprentice,2025-03-26,
MEM-11831,WIZ-16217,GLD-09,adept,2024-04-06,
MEM-11832,WIZ-16218,GLD-12,apprentice,2024-01-08,
MEM-11833,WIZ-16219,GLD-03,ADEPT,2024-11-11,
MEM-11834,WIZ-16220,GLD-11,apprentice,2025-12-03,
MEM-11835,WIZ-16221,GLD-06,adept,2026-03-26,2026-05-10
MEM-11836,WIZ-16221,GLD-06,archmage,2026-05-10,
MEM-11837,WIZ-16222,GLD-07,adept,2026-05-29,
MEM-11838,WIZ-16223,GLD-02,Apprentice,2025-07-27,
MEM-11839,WIZ-16225,GLD-02,APPRENTICE,2023-07-07,
MEM-11840,WIZ-16226,GLD-07,adept,2026-06-17,
MEM-11841,WIZ-16228,GLD-05,apprentice,2026-06-10,
MEM-11842,WIZ-16229,GLD-10,adept,2025-12-18,
MEM-11843,WIZ-16231,GLD-08,apprentice,2025-08-23,
MEM-11844,WIZ-16232,GLD-08,apprentice,2026-05-08,
MEM-11845,WIZ-16233,GLD-09,APPRENTICE,2024-07-23,
MEM-11846,WIZ-16234,GLD-02,Adept,2026-04-16,
MEM-11847,WIZ-16235,GLD-07,archmage,2026-04-07,
MEM-11848,WIZ-16237,GLD-11,Apprentice,2025-11-13,
MEM-11849,WIZ-16238,GLD-09,APPRENTICE,2025-02-15,
MEM-11850,WIZ-16240,GLD-07,Adept,2023-04-21,
MEM-11851,WIZ-16245,GLD-01,ADEPT,2025-05-03,
MEM-11852,WIZ-16248,GLD-02,adept,2024-08-01,
MEM-11853,WIZ-16249,GLD-03,apprentice,2025-09-19,
MEM-11854,WIZ-16250,GLD-12,apprentice,2023-11-12,
MEM-11855,WIZ-16251,GLD-08,apprentice,2026-01-01,
MEM-11856,WIZ-16252,GLD-06,adept,2025-03-03,
MEM-11857,WIZ-16254,GLD-12,Apprentice,2026-04-06,
MEM-11858,WIZ-16256,GLD-12,apprentice,2024-03-28,
MEM-11859,WIZ-16258,GLD-01,apprentice,2026-02-01,
MEM-11860,WIZ-16259,GLD-01,adept,2024-02-02,
MEM-11861,WIZ-16260,GLD-09,APPRENTICE,2024-10-01,
MEM-11862,WIZ-16261,GLD-06,apprentice,2023-11-10,2025-03-16
MEM-11863,WIZ-16261,GLD-06,Adept,2025-03-16,
MEM-11864,WIZ-16262,GLD-07,archmage,2024-05-15,
MEM-11865,WIZ-16263,GLD-01,apprentice,2024-07-03,
MEM-11866,WIZ-16264,GLD-01,Archmage,2026-06-17,
MEM-11867,WIZ-16267,GLD-04,adept,2026-04-01,
MEM-11868,WIZ-16268,GLD-08,Apprentice,2026-02-05,
MEM-11869,WIZ-16269,GLD-01,archmage,2023-10-09,
MEM-11870,WIZ-16272,GLD-12,apprentice,2025-01-23,
MEM-11871,WIZ-16275,GLD-09,APPRENTICE,2024-03-04,
MEM-11872,WIZ-16276,GLD-07,ADEPT,2023-12-27,
MEM-11873,WIZ-16277,GLD-09,apprentice,2026-02-02,
MEM-11874,WIZ-16280,GLD-09,apprentice,2025-02-08,
MEM-11875,WIZ-16281,GLD-05,apprentice,2025-10-23,
MEM-11876,WIZ-16282,GLD-03,apprentice,2025-08-28,
MEM-11877,WIZ-16283,GLD-12,apprentice,2024-10-19,
MEM-11878,WIZ-16284,GLD-10,adept,2026-06-24,
MEM-11879,WIZ-16288,GLD-12,adept,2026-04-07,
MEM-11880,WIZ-16290,GLD-03,apprentice,2024-08-27,
MEM-11881,WIZ-16291,GLD-04,Apprentice,2024-01-29,
MEM-11882,WIZ-16292,GLD-10,apprentice,2025-03-25,
MEM-11883,WIZ-16293,GLD-11,Apprentice,2024-04-07,
MEM-11884,WIZ-16294,GLD-02,ADEPT,2026-01-31,
MEM-11885,WIZ-16296,GLD-11,adept,2026-05-23,
MEM-11886,WIZ-16298,GLD-06,Archmage,2025-04-08,
MEM-11887,WIZ-16300,GLD-09,apprentice,2024-11-17,
MEM-11888,WIZ-16303,GLD-02,apprentice,2023-05-08,
MEM-11889,WIZ-16304,GLD-08,apprentice,2026-06-23,
MEM-11890,WIZ-16306,GLD-03,apprentice,2023-09-30,
MEM-11891,WIZ-16307,GLD-01,adept,2025-11-15,2026-06-20
MEM-11892,WIZ-16307,GLD-01,archmage,2026-06-20,
MEM-11893,WIZ-16309,GLD-01,Apprentice,2024-09-09,
MEM-11894,WIZ-16311,GLD-10,apprentice,2026-06-08,
MEM-11895,WIZ-16312,GLD-04,adept,2023-12-20,
MEM-11896,WIZ-16315,GLD-05,adept,2023-12-18,
MEM-11897,WIZ-16317,GLD-05,apprentice,2024-03-10,
MEM-11898,WIZ-16320,GLD-01,archmage,2024-08-13,
MEM-11899,WIZ-16321,GLD-01,apprentice,2024-11-11,
MEM-11900,WIZ-16323,GLD-10,Apprentice,2025-08-20,
MEM-11901,WIZ-16325,GLD-10,apprentice,2024-07-30,
MEM-11902,WIZ-16327,GLD-05,Archmage,2024-02-22,
MEM-11903,WIZ-16329,GLD-11,apprentice,2025-11-22,
MEM-11904,WIZ-16330,GLD-03,archmage,2026-04-13,
MEM-11905,WIZ-16331,GLD-02,archmage,2026-02-17,
MEM-11906,WIZ-16332,GLD-06,adept,2026-02-06,
MEM-11907,WIZ-16334,GLD-04,apprentice,2026-04-24,
MEM-11908,WIZ-16335,GLD-04,adept,2024-07-28,
MEM-11909,WIZ-16336,GLD-02,adept,2026-06-05,
MEM-11910,WIZ-16337,GLD-01,apprentice,2026-04-02,
MEM-11911,WIZ-16338,GLD-02,apprentice,2025-06-08,
MEM-11912,WIZ-16339,GLD-04,Adept,2024-02-12,
MEM-11913,WIZ-16340,GLD-12,Apprentice,2026-06-28,
MEM-11914,WIZ-16341,GLD-07,apprentice,2025-01-27,2026-02-26
MEM-11915,WIZ-16341,GLD-07,adept,2026-02-26,
MEM-11916,WIZ-16342,GLD-12,Archmage,2024-03-29,
MEM-11917,WIZ-16344,GLD-10,apprentice,2025-02-26,
MEM-11918,WIZ-16345,GLD-02,apprentice,2024-02-14,
MEM-11919,WIZ-16349,GLD-02,APPRENTICE,2026-02-10,
MEM-11920,WIZ-16351,GLD-01,Archmage,2025-08-07,
MEM-11921,WIZ-16352,GLD-05,apprentice,2026-03-29,
MEM-11922,WIZ-16353,GLD-06,adept,2026-06-05,
MEM-11923,WIZ-16354,GLD-03,apprentice,2025-01-27,
MEM-11924,WIZ-16355,GLD-06,adept,2025-11-06,
MEM-11925,WIZ-16356,GLD-04,apprentice,2026-05-06,
MEM-11926,WIZ-16358,GLD-05,adept,2025-10-27,
MEM-11927,WIZ-16360,GLD-01,adept,2024-04-02,
MEM-11928,WIZ-16361,GLD-03,apprentice,2025-08-06,
MEM-11929,WIZ-16362,GLD-05,adept,2026-06-14,
MEM-11930,WIZ-16363,GLD-06,apprentice,2023-06-19,
MEM-11931,WIZ-16365,GLD-10,APPRENTICE,2023-12-30,2024-09-06
MEM-11932,WIZ-16365,GLD-10,adept,2024-09-06,
MEM-11933,WIZ-16366,GLD-03,apprentice,2025-02-28,
MEM-11934,WIZ-16371,GLD-06,Apprentice,2025-11-09,
MEM-11935,WIZ-16374,GLD-06,adept,2025-09-28,
MEM-11936,WIZ-16375,GLD-08,ADEPT,2023-12-31,
MEM-11937,WIZ-16376,GLD-10,apprentice,2026-05-15,
MEM-11938,WIZ-16377,GLD-10,adept,2025-02-24,2025-11-03
MEM-11939,WIZ-16377,GLD-10,ARCHMAGE,2025-11-03,
MEM-11940,WIZ-16378,GLD-02,apprentice,2026-01-16,2026-03-14
MEM-11941,WIZ-16378,GLD-02,adept,2026-03-14,
MEM-11942,WIZ-16381,GLD-12,archmage,2023-12-25,
MEM-11943,WIZ-16382,GLD-01,apprentice,2024-05-11,2024-10-21
MEM-11944,WIZ-16382,GLD-01,adept,2024-10-21,
MEM-11945,WIZ-16385,GLD-12,apprentice,2026-04-14,
MEM-11946,WIZ-16386,GLD-10,apprentice,2024-03-25,2025-01-29
MEM-11947,WIZ-16386,GLD-10,adept,2025-01-29,
MEM-11948,WIZ-16392,GLD-04,adept,2024-05-08,
MEM-11949,WIZ-16395,GLD-06,apprentice,2026-05-21,
MEM-11950,WIZ-16396,GLD-09,APPRENTICE,2025-12-22,
MEM-11951,WIZ-16397,GLD-07,adept,2024-06-29,
MEM-11952,WIZ-16398,GLD-01,apprentice,2024-07-31,
MEM-11953,WIZ-16399,GLD-09,Adept,2024-01-16,
MEM-11954,WIZ-16401,GLD-07,adept,2024-12-05,
MEM-11955,WIZ-16402,GLD-01,APPRENTICE,2023-11-08,
MEM-11956,WIZ-16404,GLD-10,Apprentice,2024-07-13,
MEM-11957,WIZ-16405,GLD-10,adept,2025-04-03,
MEM-11958,WIZ-16406,GLD-11,apprentice,2026-06-20,
MEM-11959,WIZ-16409,GLD-09,adept,2025-10-01,
MEM-11960,WIZ-16410,GLD-02,apprentice,2026-02-14,2026-06-22
MEM-11961,WIZ-16410,GLD-02,adept,2026-06-22,
MEM-11962,WIZ-16411,GLD-02,adept,2023-07-16,
MEM-11963,WIZ-16412,GLD-07,archmage,2026-03-14,
MEM-11964,WIZ-16415,GLD-12,apprentice,2024-08-03,
MEM-11965,WIZ-16416,GLD-02,apprentice,2026-02-07,
MEM-11966,WIZ-16417,GLD-11,APPRENTICE,2024-10-30,
MEM-11967,WIZ-16419,GLD-11,apprentice,2024-07-09,2025-08-06
MEM-11968,WIZ-16419,GLD-11,adept,2025-08-06,
MEM-11969,WIZ-16421,GLD-03,apprentice,2026-05-18,
MEM-11970,WIZ-16424,GLD-04,APPRENTICE,2024-05-10,
MEM-11971,WIZ-16425,GLD-04,Apprentice,2024-04-19,
MEM-11972,WIZ-16427,GLD-06,apprentice,2025-06-24,
MEM-11973,WIZ-16428,GLD-05,adept,2025-02-06,
MEM-11974,WIZ-16429,GLD-08,apprentice,2023-11-19,
MEM-11975,WIZ-16430,GLD-05,adept,2026-01-03,
MEM-11976,WIZ-16433,GLD-10,archmage,2026-05-25,
MEM-11977,WIZ-16434,GLD-03,archmage,2023-04-13,
MEM-11978,WIZ-16435,GLD-08,apprentice,2026-05-18,
MEM-11979,WIZ-16438,GLD-01,Adept,2023-07-18,
MEM-11980,WIZ-16439,GLD-01,adept,2026-03-08,
MEM-11981,WIZ-16442,GLD-12,apprentice,2025-06-30,
MEM-11982,WIZ-16443,GLD-11,apprentice,2026-03-21,
MEM-11983,WIZ-16445,GLD-05,apprentice,2026-06-23,
MEM-11984,WIZ-16447,GLD-05,apprentice,2025-06-03,2026-02-11
MEM-11985,WIZ-16447,GLD-05,adept,2026-02-11,
MEM-11986,WIZ-16448,GLD-02,Apprentice,2023-11-06,
MEM-11987,WIZ-16450,GLD-12,adept,2023-12-07,2025-04-19
MEM-11988,WIZ-16450,GLD-12,archmage,2025-04-19,
MEM-11989,WIZ-16451,GLD-12,adept,2023-11-25,
MEM-11990,WIZ-16454,GLD-06,Apprentice,2026-01-25,
MEM-11991,WIZ-16455,GLD-07,apprentice,2024-03-11,2025-09-29
MEM-11992,WIZ-16455,GLD-07,Adept,2025-09-29,
MEM-11993,WIZ-16456,GLD-11,apprentice,2025-02-13,
MEM-11994,WIZ-16459,GLD-06,apprentice,2026-06-09,
MEM-11995,WIZ-16460,GLD-04,Adept,2026-04-11,
MEM-11996,WIZ-16462,GLD-05,apprentice,2024-06-16,2026-04-30
MEM-11997,WIZ-16462,GLD-05,adept,2026-04-30,
MEM-11998,WIZ-16463,GLD-09,archmage,2026-02-21,
MEM-11999,WIZ-16465,GLD-11,apprentice,2025-06-18,
MEM-12000,WIZ-16466,GLD-03,apprentice,2025-07-13,
MEM-12001,WIZ-16467,GLD-11,archmage,2026-04-26,
MEM-12002,WIZ-16468,GLD-08,archmage,2026-06-04,
MEM-12003,WIZ-16470,GLD-12,adept,2025-08-11,2025-12-16
MEM-12004,WIZ-16470,GLD-12,Archmage,2025-12-16,
MEM-12005,WIZ-16471,GLD-09,apprentice,2026-03-28,
MEM-12006,WIZ-16472,GLD-04,Adept,2026-01-08,
MEM-12007,WIZ-16476,GLD-10,apprentice,2025-11-29,
MEM-12008,WIZ-16478,GLD-12,apprentice,2025-07-11,
MEM-12009,WIZ-16480,GLD-07,apprentice,2024-08-08,
MEM-12010,WIZ-16481,GLD-03,apprentice,2024-11-17,2025-07-03
MEM-12011,WIZ-16481,GLD-03,adept,2025-07-03,
MEM-12012,WIZ-16482,GLD-06,adept,2026-06-16,
MEM-12013,WIZ-16483,GLD-03,apprentice,2023-06-20,
MEM-12014,WIZ-16484,GLD-09,Adept,2025-09-16,
MEM-12015,WIZ-16485,GLD-10,Apprentice,2025-05-20,
MEM-12016,WIZ-16488,GLD-11,apprentice,2024-02-03,
MEM-12017,WIZ-16489,GLD-04,apprentice,2026-01-15,
MEM-12018,WIZ-16495,GLD-10,adept,2023-11-04,
MEM-12019,WIZ-16497,GLD-11,apprentice,2026-03-10,
MEM-12020,WIZ-16498,GLD-01,adept,2024-01-19,
MEM-12021,WIZ-16499,GLD-10,apprentice,2025-11-15,2026-02-12
MEM-12022,WIZ-16499,GLD-10,Adept,2026-02-12,
MEM-12023,WIZ-16501,GLD-10,adept,2024-08-23,
MEM-12024,WIZ-16502,GLD-08,adept,2024-05-26,
MEM-12025,WIZ-16503,GLD-09,adept,2024-01-11,
MEM-12026,WIZ-16505,GLD-03,Adept,2026-06-05,
MEM-12027,WIZ-16506,GLD-11,adept,2025-04-23,
MEM-12028,WIZ-16508,GLD-05,APPRENTICE,2026-05-20,
MEM-12029,WIZ-16511,GLD-06,apprentice,2024-10-26,
MEM-12030,WIZ-16513,GLD-03,apprentice,2026-06-23,
MEM-12031,WIZ-16516,GLD-08,apprentice,2026-03-27,
MEM-12032,WIZ-16517,GLD-12,ADEPT,2023-04-16,
MEM-12033,WIZ-16518,GLD-10,Apprentice,2024-02-03,
MEM-12034,WIZ-16519,GLD-11,adept,2024-09-22,
MEM-12035,WIZ-16520,GLD-06,apprentice,2023-12-10,
MEM-12036,WIZ-16521,GLD-03,apprentice,2024-11-11,
MEM-12037,WIZ-16523,GLD-08,Apprentice,2026-06-27,
MEM-12038,WIZ-16524,GLD-05,apprentice,2023-12-12,2025-09-11
MEM-12039,WIZ-16524,GLD-05,adept,2025-09-11,
MEM-12040,WIZ-16526,GLD-11,apprentice,2026-02-14,
MEM-12041,WIZ-16527,GLD-03,APPRENTICE,2025-08-15,
MEM-12042,WIZ-16529,GLD-12,apprentice,2024-04-25,
MEM-12043,WIZ-16533,GLD-07,apprentice,2025-06-20,
MEM-12044,WIZ-16534,GLD-05,Apprentice,2026-04-07,
MEM-12045,WIZ-16536,GLD-07,adept,2026-06-18,
MEM-12046,WIZ-16537,GLD-12,apprentice,2026-05-29,
MEM-12047,WIZ-16538,GLD-11,apprentice,2026-06-03,
MEM-12048,WIZ-16542,GLD-08,apprentice,2026-03-28,
MEM-12049,WIZ-16544,GLD-02,adept,2026-06-24,
MEM-12050,WIZ-16545,GLD-10,apprentice,2024-01-02,
MEM-12051,WIZ-16546,GLD-05,apprentice,2024-04-14,
MEM-12052,WIZ-16549,GLD-10,archmage,2025-01-19,
MEM-12053,WIZ-16550,GLD-11,apprentice,2024-12-17,
MEM-12054,WIZ-16551,GLD-05,Apprentice,2026-05-26,
MEM-12055,WIZ-16553,GLD-05,APPRENTICE,2024-05-24,
MEM-12056,WIZ-16555,GLD-03,apprentice,2026-01-15,2026-02-23
MEM-12057,WIZ-16555,GLD-03,adept,2026-02-23,
MEM-12058,WIZ-16556,GLD-04,apprentice,2026-05-17,
MEM-12059,WIZ-16558,GLD-08,apprentice,2023-09-21,
MEM-12060,WIZ-16559,GLD-03,Adept,2026-04-14,
MEM-12061,WIZ-16563,GLD-10,apprentice,2024-06-15,2025-05-12
MEM-12062,WIZ-16563,GLD-10,Adept,2025-05-12,
MEM-12063,WIZ-16566,GLD-10,Adept,2025-09-12,
MEM-12064,WIZ-16568,GLD-05,apprentice,2024-10-03,
MEM-12065,WIZ-16572,GLD-02,apprentice,2026-06-24,
MEM-12066,WIZ-16573,GLD-12,apprentice,2026-02-03,
MEM-12067,WIZ-16577,GLD-02,adept,2024-06-16,
MEM-12068,WIZ-16578,GLD-08,archmage,2023-09-20,
MEM-12069,WIZ-16579,GLD-10,adept,2023-09-18,
MEM-12070,WIZ-16580,GLD-11,apprentice,2024-11-21,
MEM-12071,WIZ-16584,GLD-04,adept,2025-05-26,
MEM-12072,WIZ-16588,GLD-11,apprentice,2025-01-15,
MEM-12073,WIZ-16589,GLD-01,apprentice,2025-03-06,
MEM-12074,WIZ-16590,GLD-04,ADEPT,2025-03-06,
MEM-12075,WIZ-16597,GLD-02,adept,2026-06-04,
MEM-12076,WIZ-16600,GLD-06,adept,2024-12-10,2025-06-01
MEM-12077,WIZ-16600,GLD-06,Archmage,2025-06-01,
MEM-12078,WIZ-16603,GLD-11,apprentice,2026-03-29,2026-06-22
MEM-12079,WIZ-16603,GLD-11,adept,2026-06-22,
MEM-12080,WIZ-16604,GLD-05,Apprentice,2025-01-19,
MEM-12081,WIZ-16606,GLD-10,Apprentice,2026-04-12,
MEM-12082,WIZ-16607,GLD-09,APPRENTICE,2025-03-15,
MEM-12083,WIZ-16608,GLD-11,archmage,2026-06-30,
MEM-12084,WIZ-16609,GLD-07,apprentice,2025-06-07,
MEM-12085,WIZ-16610,GLD-09,Apprentice,2026-05-20,
MEM-12086,WIZ-16612,GLD-03,archmage,2026-06-24,
MEM-12087,WIZ-16613,GLD-09,apprentice,2024-06-22,
MEM-12088,WIZ-16615,GLD-02,ADEPT,2026-05-26,
MEM-12089,WIZ-16617,GLD-03,Archmage,2024-08-15,
MEM-12090,WIZ-16618,GLD-06,Apprentice,2026-03-08,
MEM-12091,WIZ-16619,GLD-07,apprentice,2023-06-22,2024-09-27
MEM-12092,WIZ-16619,GLD-07,adept,2024-09-27,
MEM-12093,WIZ-16621,GLD-08,APPRENTICE,2025-03-15,
MEM-12094,WIZ-16622,GLD-10,apprentice,2025-08-23,
MEM-12095,WIZ-16623,GLD-09,adept,2026-06-17,
MEM-12096,WIZ-16625,GLD-11,apprentice,2025-03-07,
MEM-12097,WIZ-16626,GLD-08,ADEPT,2026-06-28,
MEM-12098,WIZ-16627,GLD-03,apprentice,2024-12-06,
MEM-12099,WIZ-16629,GLD-01,adept,2026-06-11,
MEM-12100,WIZ-16633,GLD-05,Apprentice,2026-01-09,
MEM-12101,WIZ-16634,GLD-12,adept,2025-07-08,
MEM-12102,WIZ-16635,GLD-12,Apprentice,2025-12-30,
MEM-12103,WIZ-16637,GLD-06,apprentice,2023-07-29,
MEM-12104,WIZ-16639,GLD-01,apprentice,2025-04-14,
MEM-12105,WIZ-16642,GLD-07,adept,2025-02-13,
MEM-12106,WIZ-16643,GLD-06,adept,2026-05-18,
MEM-12107,WIZ-16646,GLD-07,adept,2024-05-30,
MEM-12108,WIZ-16649,GLD-04,apprentice,2023-12-05,
MEM-12109,WIZ-16651,GLD-05,apprentice,2026-06-08,
MEM-12110,WIZ-16653,GLD-04,apprentice,2024-07-08,
MEM-12111,WIZ-16654,GLD-02,archmage,2025-07-29,
MEM-12112,WIZ-16655,GLD-05,apprentice,2025-06-19,
MEM-12113,WIZ-16658,GLD-10,apprentice,2025-09-28,
MEM-12114,WIZ-16659,GLD-08,Apprentice,2023-12-29,
MEM-12115,WIZ-16660,GLD-05,apprentice,2024-12-16,
MEM-12116,WIZ-16661,GLD-08,APPRENTICE,2025-06-08,
MEM-12117,WIZ-16662,GLD-02,apprentice,2025-02-25,2025-05-17
MEM-12118,WIZ-16662,GLD-02,ADEPT,2025-05-17,
MEM-12119,WIZ-16663,GLD-03,adept,2023-08-13,
MEM-12120,WIZ-16664,GLD-02,apprentice,2025-04-24,
MEM-12121,WIZ-16667,GLD-07,adept,2026-04-20,
MEM-12122,WIZ-16669,GLD-08,APPRENTICE,2026-06-21,
MEM-12123,WIZ-16671,GLD-05,adept,2025-10-23,
MEM-12124,WIZ-16673,GLD-09,apprentice,2026-01-25,
MEM-12125,WIZ-16674,GLD-08,apprentice,2023-03-26,
MEM-12126,WIZ-16675,GLD-02,ADEPT,2025-06-06,
MEM-12127,WIZ-16676,GLD-11,apprentice,2025-11-22,
MEM-12128,WIZ-16677,GLD-05,apprentice,2025-02-13,
MEM-12129,WIZ-16678,GLD-05,apprentice,2024-01-23,
MEM-12130,WIZ-16679,GLD-06,Apprentice,2024-02-08,
MEM-12131,WIZ-16680,GLD-03,ADEPT,2023-12-10,
MEM-12132,WIZ-16681,GLD-05,adept,2023-10-29,
MEM-12133,WIZ-16682,GLD-08,apprentice,2025-08-07,
MEM-12134,WIZ-16683,GLD-03,apprentice,2025-06-11,
MEM-12135,WIZ-16685,GLD-02,adept,2025-08-01,
MEM-12136,WIZ-16686,GLD-01,apprentice,2026-06-07,
MEM-12137,WIZ-16687,GLD-08,Apprentice,2025-11-27,2026-03-06
MEM-12138,WIZ-16687,GLD-08,adept,2026-03-06,
MEM-12139,WIZ-16689,GLD-02,apprentice,2023-05-10,
MEM-12140,WIZ-16690,GLD-12,Adept,2026-06-30,
MEM-12141,WIZ-16691,GLD-01,Apprentice,2026-04-11,
MEM-12142,WIZ-16692,GLD-01,ADEPT,2024-08-04,2026-04-15
MEM-12143,WIZ-16692,GLD-01,archmage,2026-04-15,
MEM-12144,WIZ-16694,GLD-10,apprentice,2025-02-02,
MEM-12145,WIZ-16695,GLD-02,Apprentice,2024-12-24,
MEM-12146,WIZ-16696,GLD-12,apprentice,2024-08-21,2025-10-07
MEM-12147,WIZ-16696,GLD-12,adept,2025-10-07,
MEM-12148,WIZ-16697,GLD-06,Apprentice,2024-01-13,2024-05-17
MEM-12149,WIZ-16697,GLD-06,adept,2024-05-17,
MEM-12150,WIZ-16698,GLD-08,Adept,2025-07-26,2026-06-28
MEM-12151,WIZ-16698,GLD-08,archmage,2026-06-28,
MEM-12152,WIZ-16700,GLD-08,adept,2025-09-30,
MEM-12153,WIZ-16707,GLD-03,apprentice,2023-04-26,
MEM-12154,WIZ-16708,GLD-01,Apprentice,2023-11-11,
MEM-12155,WIZ-16711,GLD-08,apprentice,2025-04-28,
MEM-12156,WIZ-16712,GLD-05,adept,2026-04-22,
MEM-12157,WIZ-16713,GLD-01,apprentice,2025-09-23,
MEM-12158,WIZ-16714,GLD-12,apprentice,2026-02-08,2026-05-13
MEM-12159,WIZ-16714,GLD-12,adept,2026-05-13,
MEM-12160,WIZ-16716,GLD-04,apprentice,2024-08-03,
MEM-12161,WIZ-16718,GLD-05,apprentice,2026-03-15,
MEM-12162,WIZ-16723,GLD-04,archmage,2025-01-15,
MEM-12163,WIZ-16724,GLD-11,apprentice,2026-05-30,
MEM-12164,WIZ-16725,GLD-11,Adept,2024-06-11,
MEM-12165,WIZ-16726,GLD-06,Apprentice,2023-08-23,
MEM-12166,WIZ-16727,GLD-06,apprentice,2025-07-20,
MEM-12167,WIZ-16728,GLD-11,APPRENTICE,2023-10-17,
MEM-12168,WIZ-16730,GLD-12,adept,2026-02-22,
MEM-12169,WIZ-16731,GLD-09,apprentice,2026-03-05,
MEM-12170,WIZ-16732,GLD-04,adept,2024-03-01,
MEM-12171,WIZ-16733,GLD-02,apprentice,2025-02-28,
MEM-12172,WIZ-16735,GLD-07,apprentice,2026-06-27,
MEM-12173,WIZ-16736,GLD-10,apprentice,2026-02-05,
MEM-12174,WIZ-16737,GLD-10,apprentice,2024-12-17,
MEM-12175,WIZ-16738,GLD-09,apprentice,2025-02-17,
MEM-12176,WIZ-16740,GLD-03,apprentice,2026-05-31,
MEM-12177,WIZ-16741,GLD-07,apprentice,2026-06-18,
MEM-12178,WIZ-16742,GLD-06,apprentice,2023-10-07,2024-07-12
MEM-12179,WIZ-16742,GLD-06,ADEPT,2024-07-12,
MEM-12180,WIZ-16743,GLD-10,Apprentice,2024-05-04,
MEM-12181,WIZ-16746,GLD-03,adept,2026-01-09,
MEM-12182,WIZ-16748,GLD-12,Adept,2025-02-05,
MEM-12183,WIZ-16749,GLD-12,Apprentice,2026-06-05,
MEM-12184,WIZ-16751,GLD-04,Apprentice,2026-01-01,2026-02-11
MEM-12185,WIZ-16751,GLD-04,adept,2026-02-11,
MEM-12186,WIZ-16753,GLD-06,Adept,2026-05-29,
MEM-12187,WIZ-16754,GLD-06,Adept,2026-02-19,
MEM-12188,WIZ-16755,GLD-04,apprentice,2025-09-08,
MEM-12189,WIZ-16757,GLD-08,apprentice,2026-01-22,
MEM-12190,WIZ-16758,GLD-08,apprentice,2024-09-29,
MEM-12191,WIZ-16760,GLD-11,apprentice,2024-09-10,
MEM-12192,WIZ-16762,GLD-09,apprentice,2026-06-04,
MEM-12193,WIZ-16763,GLD-04,apprentice,2024-07-05,
MEM-12194,WIZ-16765,GLD-04,apprentice,2026-04-24,
MEM-12195,WIZ-16767,GLD-09,Apprentice,2024-10-30,
MEM-12196,WIZ-16771,GLD-11,adept,2024-12-31,
MEM-12197,WIZ-16772,GLD-05,adept,2026-01-19,
MEM-12198,WIZ-16774,GLD-10,apprentice,2026-06-14,
MEM-12199,WIZ-16775,GLD-07,apprentice,2025-08-11,
MEM-12200,WIZ-16776,GLD-10,Adept,2025-04-08,
MEM-12201,WIZ-16777,GLD-04,Apprentice,2024-10-25,
MEM-12202,WIZ-16778,GLD-04,adept,2026-04-21,
MEM-12203,WIZ-16783,GLD-03,apprentice,2025-06-02,2026-06-06
MEM-12204,WIZ-16783,GLD-03,Adept,2026-06-06,
MEM-12205,WIZ-16785,GLD-04,APPRENTICE,2024-09-23,
MEM-12206,WIZ-16786,GLD-12,adept,2026-01-06,2026-03-03
MEM-12207,WIZ-16786,GLD-12,archmage,2026-03-03,
MEM-12208,WIZ-16787,GLD-09,apprentice,2026-05-29,
MEM-12209,WIZ-16789,GLD-08,apprentice,2026-04-29,2026-06-03
MEM-12210,WIZ-16789,GLD-08,ADEPT,2026-06-03,
MEM-12211,WIZ-16792,GLD-05,apprentice,2026-05-10,
MEM-12212,WIZ-16793,GLD-01,archmage,2025-04-13,
MEM-12213,WIZ-16795,GLD-08,apprentice,2024-10-27,2026-05-17
MEM-12214,WIZ-16795,GLD-08,adept,2026-05-17,
MEM-12215,WIZ-16796,GLD-05,Archmage,2023-11-06,
MEM-12216,WIZ-16797,GLD-09,archmage,2025-08-14,
MEM-12217,WIZ-16798,GLD-06,Adept,2025-04-09,
MEM-12218,WIZ-16799,GLD-03,apprentice,2025-05-06,
MEM-12219,WIZ-16800,GLD-12,apprentice,2024-07-08,
MEM-12220,WIZ-16803,GLD-03,adept,2025-03-28,2025-05-15
MEM-12221,WIZ-16803,GLD-03,Archmage,2025-05-15,
MEM-12222,WIZ-16804,GLD-08,apprentice,2025-05-11,
MEM-12223,WIZ-16805,GLD-12,Apprentice,2025-11-30,
MEM-12224,WIZ-16808,GLD-07,apprentice,2024-09-21,
MEM-12225,WIZ-16809,GLD-04,apprentice,2024-06-10,2025-03-22
MEM-12226,WIZ-16809,GLD-04,Adept,2025-03-22,
MEM-12227,WIZ-16810,GLD-03,adept,2024-03-07,
MEM-12228,WIZ-16811,GLD-08,ADEPT,2024-08-12,
MEM-12229,WIZ-16812,GLD-01,apprentice,2026-06-01,
MEM-12230,WIZ-16813,GLD-01,apprentice,2026-03-16,
MEM-12231,WIZ-16814,GLD-10,adept,2026-05-04,
MEM-12232,WIZ-16815,GLD-02,apprentice,2026-03-29,
MEM-12233,WIZ-16817,GLD-12,ADEPT,2025-09-28,2026-01-07
MEM-12234,WIZ-16817,GLD-12,Archmage,2026-01-07,
MEM-12235,WIZ-16820,GLD-11,archmage,2025-04-01,
MEM-12236,WIZ-16821,GLD-02,Adept,2025-07-23,
MEM-12237,WIZ-16822,GLD-05,Apprentice,2025-08-27,
MEM-12238,WIZ-16824,GLD-07,APPRENTICE,2024-07-13,
MEM-12239,WIZ-16825,GLD-06,apprentice,2025-08-30,
MEM-12240,WIZ-16826,GLD-11,apprentice,2025-07-21,
MEM-12241,WIZ-16829,GLD-02,adept,2023-08-15,
MEM-12242,WIZ-16831,GLD-11,apprentice,2023-10-01,
MEM-12243,WIZ-16832,GLD-04,apprentice,2023-03-21,2023-11-26
MEM-12244,WIZ-16832,GLD-04,adept,2023-11-26,
MEM-12245,WIZ-16833,GLD-12,adept,2026-03-13,
MEM-12246,WIZ-16834,GLD-04,apprentice,2024-08-17,
MEM-12247,WIZ-16835,GLD-07,apprentice,2025-09-17,
MEM-12248,WIZ-16837,GLD-01,apprentice,2026-05-21,
MEM-12249,WIZ-16838,GLD-09,apprentice,2025-01-14,
MEM-12250,WIZ-16839,GLD-11,apprentice,2026-06-23,
MEM-12251,WIZ-16840,GLD-09,apprentice,2025-04-01,
MEM-12252,WIZ-16841,GLD-12,apprentice,2025-09-23,
MEM-12253,WIZ-16843,GLD-11,adept,2026-05-22,
MEM-12254,WIZ-16844,GLD-09,Apprentice,2026-02-13,
MEM-12255,WIZ-16845,GLD-05,apprentice,2026-02-01,
MEM-12256,WIZ-16846,GLD-01,adept,2024-10-20,
MEM-12257,WIZ-16849,GLD-08,adept,2024-09-01,
MEM-12258,WIZ-16851,GLD-12,apprentice,2025-12-26,
MEM-12259,WIZ-16853,GLD-06,apprentice,2026-05-17,
MEM-12260,WIZ-16855,GLD-06,adept,2026-05-23,
MEM-12261,WIZ-16856,GLD-03,apprentice,2026-06-27,
MEM-12262,WIZ-16857,GLD-01,apprentice,2025-12-30,
MEM-12263,WIZ-16859,GLD-05,ADEPT,2024-11-03,
MEM-12264,WIZ-16860,GLD-08,apprentice,2023-06-05,
MEM-12265,WIZ-16861,GLD-07,adept,2024-05-11,
MEM-12266,WIZ-16862,GLD-09,Adept,2026-01-15,
MEM-12267,WIZ-16863,GLD-10,adept,2025-05-07,
MEM-12268,WIZ-16864,GLD-07,apprentice,2025-05-11,
MEM-12269,WIZ-16865,GLD-07,apprentice,2026-06-17,
MEM-12270,WIZ-16866,GLD-02,Apprentice,2024-02-06,
MEM-12271,WIZ-16867,GLD-06,Adept,2024-09-28,
MEM-12272,WIZ-16869,GLD-02,apprentice,2023-07-30,
MEM-12273,WIZ-16870,GLD-04,apprentice,2026-02-10,
MEM-12274,WIZ-16871,GLD-03,adept,2024-04-08,
MEM-12275,WIZ-16873,GLD-02,apprentice,2026-03-03,
MEM-12276,WIZ-16874,GLD-02,Adept,2025-07-15,
MEM-12277,WIZ-16876,GLD-10,APPRENTICE,2023-09-29,
MEM-12278,WIZ-16878,GLD-06,apprentice,2025-11-15,
MEM-12279,WIZ-16879,GLD-01,apprentice,2025-02-08,
MEM-12280,WIZ-16880,GLD-05,apprentice,2026-04-05,
MEM-12281,WIZ-16881,GLD-07,apprentice,2024-06-05,
MEM-12282,WIZ-16882,GLD-09,adept,2026-01-19,
MEM-12283,WIZ-16883,GLD-09,apprentice,2026-01-07,
MEM-12284,WIZ-16886,GLD-07,adept,2025-10-12,2026-01-27
MEM-12285,WIZ-16886,GLD-07,archmage,2026-01-27,
MEM-12286,WIZ-16887,GLD-09,apprentice,2023-11-12,
MEM-12287,WIZ-16889,GLD-11,apprentice,2024-11-13,2025-08-02
MEM-12288,WIZ-16889,GLD-11,adept,2025-08-02,
MEM-12289,WIZ-16890,GLD-08,apprentice,2026-03-24,2026-04-26
MEM-12290,WIZ-16890,GLD-08,adept,2026-04-26,
MEM-12291,WIZ-16891,GLD-04,adept,2023-09-28,
MEM-12292,WIZ-16894,GLD-05,adept,2026-06-29,
MEM-12293,WIZ-16895,GLD-03,apprentice,2026-03-26,
MEM-12294,WIZ-16897,GLD-09,Apprentice,2025-01-02,
MEM-12295,WIZ-16898,GLD-11,apprentice,2024-03-05,2025-09-16
MEM-12296,WIZ-16898,GLD-11,adept,2025-09-16,
MEM-12297,WIZ-16899,GLD-02,Adept,2024-03-08,
MEM-12298,WIZ-16900,GLD-10,apprentice,2024-01-21,2025-01-03
MEM-12299,WIZ-16900,GLD-10,Adept,2025-01-03,
MEM-12300,WIZ-16901,GLD-07,apprentice,2025-12-31,
MEM-12301,WIZ-16902,GLD-12,adept,2023-10-19,
MEM-12302,WIZ-16903,GLD-10,adept,2026-04-27,
MEM-12303,WIZ-16904,GLD-02,apprentice,2024-10-22,2026-01-11
MEM-12304,WIZ-16904,GLD-02,adept,2026-01-11,
MEM-12305,WIZ-16905,GLD-10,Apprentice,2025-11-19,
MEM-12306,WIZ-16906,GLD-04,Apprentice,2023-12-24,2024-07-01
MEM-12307,WIZ-16906,GLD-04,Adept,2024-07-01,
MEM-12308,WIZ-16908,GLD-02,apprentice,2026-04-24,
MEM-12309,WIZ-16910,GLD-09,Adept,2024-12-04,
MEM-12310,WIZ-16911,GLD-11,Apprentice,2026-04-14,
MEM-12311,WIZ-16913,GLD-12,apprentice,2024-02-13,2025-06-21
MEM-12312,WIZ-16913,GLD-12,ADEPT,2025-06-21,
MEM-12313,WIZ-16915,GLD-07,adept,2024-09-29,
MEM-12314,WIZ-16917,GLD-10,APPRENTICE,2023-07-31,2025-03-31
MEM-12315,WIZ-16917,GLD-10,adept,2025-03-31,
MEM-12316,WIZ-16918,GLD-04,archmage,2024-02-05,
MEM-12317,WIZ-16919,GLD-11,adept,2025-01-24,
MEM-12318,WIZ-16920,GLD-03,archmage,2023-06-22,
MEM-12319,WIZ-16921,GLD-01,apprentice,2024-04-21,
MEM-12320,WIZ-16922,GLD-02,Adept,2026-06-27,
MEM-12321,WIZ-16923,GLD-02,apprentice,2025-09-25,
MEM-12322,WIZ-16925,GLD-09,apprentice,2026-06-19,
MEM-12323,WIZ-16926,GLD-02,Apprentice,2024-12-08,
MEM-12324,WIZ-16928,GLD-10,adept,2026-06-29,
MEM-12325,WIZ-16930,GLD-06,Apprentice,2025-09-11,
MEM-12326,WIZ-16932,GLD-05,apprentice,2025-07-17,
MEM-12327,WIZ-16933,GLD-03,apprentice,2026-02-17,
MEM-12328,WIZ-16934,GLD-12,adept,2026-06-22,
MEM-12329,WIZ-16935,GLD-03,Adept,2023-07-28,
MEM-12330,WIZ-16936,GLD-03,Apprentice,2026-05-04,
MEM-12331,WIZ-16937,GLD-12,apprentice,2025-02-08,
MEM-12332,WIZ-16938,GLD-04,apprentice,2026-04-20,
MEM-12333,WIZ-16939,GLD-10,Adept,2025-11-04,
MEM-12334,WIZ-16940,GLD-01,apprentice,2026-06-09,
MEM-12335,WIZ-16941,GLD-12,Apprentice,2025-09-10,
MEM-12336,WIZ-16942,GLD-06,apprentice,2026-01-29,
MEM-12337,WIZ-16944,GLD-12,apprentice,2026-03-10,2026-06-19
MEM-12338,WIZ-16944,GLD-12,Adept,2026-06-19,
MEM-12339,WIZ-16946,GLD-11,adept,2023-09-06,
MEM-12340,WIZ-16948,GLD-11,apprentice,2026-04-10,2026-06-20
MEM-12341,WIZ-16948,GLD-11,adept,2026-06-20,
MEM-12342,WIZ-16949,GLD-02,adept,2024-03-23,
MEM-12343,WIZ-16950,GLD-04,Adept,2024-11-12,
MEM-12344,WIZ-16951,GLD-07,apprentice,2024-11-26,
MEM-12345,WIZ-16952,GLD-05,apprentice,2026-03-29,
MEM-12346,WIZ-16955,GLD-09,apprentice,2025-11-26,
MEM-12347,WIZ-16956,GLD-06,apprentice,2024-09-24,
MEM-12348,WIZ-16958,GLD-07,Apprentice,2024-08-21,
MEM-12349,WIZ-16959,GLD-10,APPRENTICE,2026-03-29,
MEM-12350,WIZ-16960,GLD-03,Apprentice,2023-11-03,
MEM-12351,WIZ-16965,GLD-03,adept,2025-04-09,
MEM-12352,WIZ-16966,GLD-11,APPRENTICE,2024-04-27,
MEM-12353,WIZ-16968,GLD-10,apprentice,2024-05-31,
MEM-12354,WIZ-16969,GLD-06,Adept,2024-12-04,
MEM-12355,WIZ-16970,GLD-06,ADEPT,2025-05-03,
MEM-12356,WIZ-16971,GLD-12,apprentice,2026-03-24,
MEM-12357,WIZ-16972,GLD-08,Adept,2026-05-15,
MEM-12358,WIZ-16973,GLD-12,apprentice,2024-10-05,2026-04-01
MEM-12359,WIZ-16973,GLD-12,adept,2026-04-01,
MEM-12360,WIZ-16976,GLD-12,APPRENTICE,2025-11-14,
MEM-12361,WIZ-16978,GLD-09,apprentice,2026-04-20,
MEM-12362,WIZ-16980,GLD-08,apprentice,2025-09-14,
MEM-12363,WIZ-16981,GLD-08,Apprentice,2026-02-21,
MEM-12364,WIZ-16982,GLD-02,apprentice,2026-01-06,2026-04-21
MEM-12365,WIZ-16982,GLD-02,adept,2026-04-21,
MEM-12366,WIZ-16983,GLD-11,apprentice,2026-05-26,
MEM-12367,WIZ-16984,GLD-06,Apprentice,2023-08-21,
MEM-12368,WIZ-16985,GLD-07,apprentice,2024-01-17,
MEM-12369,WIZ-16986,GLD-07,ARCHMAGE,2024-07-25,
MEM-12370,WIZ-16987,GLD-06,apprentice,2026-03-17,2026-06-16
MEM-12371,WIZ-16987,GLD-06,adept,2026-06-16,
MEM-12372,WIZ-16989,GLD-11,Adept,2024-07-20,2025-11-20
MEM-12373,WIZ-16989,GLD-11,archmage,2025-11-20,
MEM-12374,WIZ-16990,GLD-05,apprentice,2025-08-24,
MEM-12375,WIZ-16991,GLD-03,Apprentice,2023-11-30,
MEM-12376,WIZ-16992,GLD-02,apprentice,2026-05-25,
MEM-12377,WIZ-16998,GLD-09,apprentice,2026-06-06,
MEM-12378,WIZ-16999,GLD-11,ADEPT,2024-01-08,
MEM-12379,WIZ-17000,GLD-01,archmage,2026-03-04,
MEM-12380,WIZ-17002,GLD-12,APPRENTICE,2025-09-10,
MEM-12381,WIZ-17004,GLD-09,archmage,2023-09-16,
MEM-12382,WIZ-17005,GLD-06,adept,2025-07-21,
MEM-12383,WIZ-17006,GLD-11,apprentice,2024-08-23,
MEM-12384,WIZ-17007,GLD-11,adept,2023-10-08,
MEM-12385,WIZ-17008,GLD-03,apprentice,2025-12-27,2026-01-28
MEM-12386,WIZ-17008,GLD-03,adept,2026-01-28,
MEM-12387,WIZ-17009,GLD-01,apprentice,2025-10-11,
MEM-12388,WIZ-17010,GLD-07,apprentice,2026-04-12,
MEM-12389,WIZ-17012,GLD-05,Apprentice,2024-11-26,2026-01-10
MEM-12390,WIZ-17012,GLD-05,Adept,2026-01-10,
MEM-12391,WIZ-17013,GLD-08,APPRENTICE,2026-03-31,2026-05-28
MEM-12392,WIZ-17013,GLD-08,adept,2026-05-28,
MEM-12393,WIZ-17014,GLD-10,Adept,2026-05-23,
MEM-12394,WIZ-17015,GLD-03,apprentice,2025-09-17,
MEM-12395,WIZ-17016,GLD-04,archmage,2025-11-03,
MEM-12396,WIZ-17017,GLD-03,apprentice,2025-04-16,
MEM-12397,WIZ-17019,GLD-10,apprentice,2024-10-24,
MEM-12398,WIZ-17020,GLD-10,adept,2024-04-20,
MEM-12399,WIZ-17021,GLD-05,apprentice,2024-04-10,
MEM-12400,WIZ-17023,GLD-11,archmage,2025-07-17,
MEM-12401,WIZ-17024,GLD-05,apprentice,2026-04-05,
MEM-12402,WIZ-17027,GLD-11,Apprentice,2024-04-26,
MEM-12403,WIZ-17028,GLD-01,apprentice,2025-08-12,
MEM-12404,WIZ-17029,GLD-10,apprentice,2024-03-04,
MEM-12405,WIZ-17030,GLD-06,apprentice,2025-12-02,
MEM-12406,WIZ-17031,GLD-02,apprentice,2025-06-07,
MEM-12407,WIZ-17034,GLD-02,adept,2026-01-20,
MEM-12408,WIZ-17035,GLD-06,apprentice,2023-06-09,
MEM-12409,WIZ-17036,GLD-10,archmage,2025-02-27,
MEM-12410,WIZ-17038,GLD-10,apprentice,2024-01-28,
MEM-12411,WIZ-17039,GLD-05,Adept,2025-05-27,
MEM-12412,WIZ-17040,GLD-01,Adept,2026-05-07,
MEM-12413,WIZ-17041,GLD-03,adept,2024-11-12,
MEM-12414,WIZ-17043,GLD-10,adept,2025-12-02,
MEM-12415,WIZ-17044,GLD-02,adept,2023-06-28,2024-10-30
MEM-12416,WIZ-17044,GLD-02,archmage,2024-10-30,
MEM-12417,WIZ-17045,GLD-07,ARCHMAGE,2023-10-22,
MEM-12418,WIZ-17046,GLD-05,Apprentice,2024-09-16,
MEM-12419,WIZ-17047,GLD-06,apprentice,2023-12-23,
MEM-12420,WIZ-17049,GLD-11,adept,2026-06-20,
MEM-12421,WIZ-17051,GLD-11,Apprentice,2026-03-31,2026-05-25
MEM-12422,WIZ-17051,GLD-11,adept,2026-05-25,
MEM-12423,WIZ-17053,GLD-04,adept,2025-04-18,
MEM-12424,WIZ-17054,GLD-02,adept,2025-11-12,
MEM-12425,WIZ-17057,GLD-09,apprentice,2023-10-28,
MEM-12426,WIZ-17059,GLD-05,adept,2024-04-04,
MEM-12427,WIZ-17060,GLD-06,apprentice,2025-11-15,2026-04-24
MEM-12428,WIZ-17060,GLD-06,adept,2026-04-24,
MEM-12429,WIZ-17061,GLD-09,adept,2023-11-05,
MEM-12430,WIZ-17063,GLD-08,Apprentice,2025-09-16,
MEM-12431,WIZ-17065,GLD-05,adept,2024-09-11,
MEM-12432,WIZ-17067,GLD-11,apprentice,2026-06-22,
MEM-12433,WIZ-17068,GLD-08,APPRENTICE,2023-09-29,
MEM-12434,WIZ-17069,GLD-12,apprentice,2024-04-11,
MEM-12435,WIZ-17070,GLD-07,adept,2023-09-30,
MEM-12436,WIZ-17071,GLD-10,archmage,2026-06-06,
MEM-12437,WIZ-17074,GLD-06,apprentice,2024-12-22,
MEM-12438,WIZ-17075,GLD-11,APPRENTICE,2024-06-27,
MEM-12439,WIZ-17076,GLD-05,apprentice,2023-11-10,
MEM-12440,WIZ-17078,GLD-09,adept,2023-12-26,
MEM-12441,WIZ-17079,GLD-11,Apprentice,2024-07-13,
MEM-12442,WIZ-17081,GLD-06,apprentice,2026-03-09,
MEM-12443,WIZ-17083,GLD-08,adept,2026-06-08,
MEM-12444,WIZ-17085,GLD-10,apprentice,2026-04-12,
MEM-12445,WIZ-17088,GLD-07,apprentice,2025-12-06,
MEM-12446,WIZ-17089,GLD-05,apprentice,2026-04-18,2026-06-29
MEM-12447,WIZ-17089,GLD-05,adept,2026-06-29,
MEM-12448,WIZ-17090,GLD-10,Apprentice,2024-01-14,
MEM-12449,WIZ-17091,GLD-10,apprentice,2024-12-24,
MEM-12450,WIZ-17092,GLD-01,adept,2023-10-22,
MEM-12451,WIZ-17094,GLD-02,adept,2025-01-10,
MEM-12452,WIZ-17095,GLD-03,apprentice,2023-09-24,
MEM-12453,WIZ-17097,GLD-09,adept,2025-03-22,
MEM-12454,WIZ-17098,GLD-08,Adept,2025-01-20,2025-08-19
MEM-12455,WIZ-17098,GLD-08,archmage,2025-08-19,
MEM-12456,WIZ-17099,GLD-09,apprentice,2025-03-24,
MEM-12457,WIZ-17101,GLD-01,Apprentice,2025-11-20,
MEM-12458,WIZ-17102,GLD-03,adept,2024-07-01,
MEM-12459,WIZ-17104,GLD-02,APPRENTICE,2025-10-19,
MEM-12460,WIZ-17105,GLD-01,adept,2026-06-15,
MEM-12461,WIZ-17106,GLD-03,archmage,2025-08-20,
MEM-12462,WIZ-17107,GLD-06,apprentice,2026-06-13,
MEM-12463,WIZ-17110,GLD-12,Adept,2023-04-18,
MEM-12464,WIZ-17111,GLD-02,apprentice,2025-04-25,
MEM-12465,WIZ-17112,GLD-05,apprentice,2025-08-15,
MEM-12466,WIZ-17113,GLD-05,adept,2026-04-13,
MEM-12467,WIZ-17114,GLD-10,archmage,2025-08-21,
MEM-12468,WIZ-17115,GLD-08,apprentice,2026-06-17,
MEM-12469,WIZ-17116,GLD-08,APPRENTICE,2026-05-01,
MEM-12470,WIZ-17117,GLD-12,Apprentice,2025-10-12,
MEM-12471,WIZ-17118,GLD-02,adept,2024-12-25,
MEM-12472,WIZ-17119,GLD-09,apprentice,2025-07-07,
MEM-12473,WIZ-17120,GLD-09,apprentice,2023-12-13,
MEM-12474,WIZ-17121,GLD-05,apprentice,2025-06-15,
MEM-12475,WIZ-17125,GLD-11,adept,2026-01-23,
MEM-12476,WIZ-17127,GLD-07,Apprentice,2026-06-13,
MEM-12477,WIZ-17129,GLD-04,apprentice,2024-04-30,
MEM-12478,WIZ-17133,GLD-10,Apprentice,2024-08-27,
MEM-12479,WIZ-17135,GLD-09,adept,2026-05-26,
MEM-12480,WIZ-17139,GLD-02,Apprentice,2024-08-25,
MEM-12481,WIZ-17140,GLD-10,APPRENTICE,2026-04-29,
MEM-12482,WIZ-17141,GLD-04,apprentice,2024-04-26,2024-08-25
MEM-12483,WIZ-17141,GLD-04,adept,2024-08-25,
MEM-12484,WIZ-17142,GLD-11,adept,2023-09-03,
MEM-12485,WIZ-17143,GLD-03,apprentice,2024-03-08,
MEM-12486,WIZ-17144,GLD-07,apprentice,2026-06-12,
MEM-12487,WIZ-17145,GLD-09,adept,2025-10-28,
MEM-12488,WIZ-17146,GLD-06,apprentice,2025-04-04,
MEM-12489,WIZ-17148,GLD-04,apprentice,2026-03-27,
MEM-12490,WIZ-17149,GLD-12,Apprentice,2023-11-19,
MEM-12491,WIZ-17152,GLD-03,Apprentice,2026-06-26,
MEM-12492,WIZ-17153,GLD-08,apprentice,2026-01-19,
MEM-12493,WIZ-17154,GLD-04,apprentice,2024-01-29,
MEM-12494,WIZ-17158,GLD-10,Apprentice,2024-08-03,
MEM-12495,WIZ-17159,GLD-01,ARCHMAGE,2024-09-03,
MEM-12496,WIZ-17160,GLD-02,apprentice,2024-11-10,
MEM-12497,WIZ-17162,GLD-06,apprentice,2026-01-05,
MEM-12498,WIZ-17165,GLD-01,adept,2025-03-27,
MEM-12499,WIZ-17166,GLD-01,Apprentice,2025-08-27,
MEM-12500,WIZ-17169,GLD-03,apprentice,2025-10-26,2026-03-22
MEM-12501,WIZ-17169,GLD-03,adept,2026-03-22,
MEM-12502,WIZ-17170,GLD-06,apprentice,2025-03-09,
MEM-12503,WIZ-17171,GLD-05,apprentice,2025-12-16,
MEM-12504,WIZ-17173,GLD-09,apprentice,2023-11-17,
MEM-12505,WIZ-17174,GLD-09,apprentice,2025-04-26,2025-06-26
MEM-12506,WIZ-17174,GLD-09,adept,2025-06-26,
MEM-12507,WIZ-17176,GLD-12,apprentice,2023-12-18,
MEM-12508,WIZ-17177,GLD-01,apprentice,2024-02-03,
MEM-12509,WIZ-17178,GLD-08,apprentice,2026-02-09,
MEM-12510,WIZ-17180,GLD-02,adept,2026-03-01,
MEM-12511,WIZ-17181,GLD-08,archmage,2023-07-16,
MEM-12512,WIZ-17182,GLD-04,Apprentice,2026-01-21,
MEM-12513,WIZ-17184,GLD-08,archmage,2026-06-23,
MEM-12514,WIZ-17185,GLD-09,APPRENTICE,2024-02-28,
MEM-12515,WIZ-17186,GLD-04,apprentice,2025-08-16,
MEM-12516,WIZ-17187,GLD-10,adept,2024-04-01,
MEM-12517,WIZ-17188,GLD-05,apprentice,2024-03-11,
MEM-12518,WIZ-17189,GLD-04,apprentice,2024-10-23,
MEM-12519,WIZ-17192,GLD-07,Apprentice,2026-05-30,
MEM-12520,WIZ-17193,GLD-11,Apprentice,2026-03-29,
MEM-12521,WIZ-17194,GLD-07,apprentice,2024-02-03,
MEM-12522,WIZ-17196,GLD-11,apprentice,2025-08-12,
MEM-12523,WIZ-17198,GLD-08,apprentice,2025-09-04,
MEM-12524,WIZ-17199,GLD-09,ADEPT,2026-05-23,
MEM-12525,WIZ-17200,GLD-10,apprentice,2026-01-30,
MEM-12526,WIZ-17203,GLD-08,Apprentice,2025-09-22,
MEM-12527,WIZ-17204,GLD-12,apprentice,2025-11-03,
MEM-12528,WIZ-17206,GLD-05,apprentice,2026-06-21,
MEM-12529,WIZ-17208,GLD-02,adept,2026-06-22,
MEM-12530,WIZ-17209,GLD-03,adept,2024-04-27,
MEM-12531,WIZ-17211,GLD-03,Apprentice,2025-03-07,
MEM-12532,WIZ-17212,GLD-08,Apprentice,2025-03-21,
MEM-12533,WIZ-17213,GLD-09,adept,2023-12-09,
MEM-12534,WIZ-17215,GLD-09,ADEPT,2026-04-17,2026-06-03
MEM-12535,WIZ-17215,GLD-09,archmage,2026-06-03,
MEM-12536,WIZ-17217,GLD-01,apprentice,2025-11-17,
MEM-12537,WIZ-17220,GLD-04,apprentice,2024-02-21,
MEM-12538,WIZ-17221,GLD-10,ADEPT,2025-07-11,
MEM-12539,WIZ-17223,GLD-06,apprentice,2025-11-13,
MEM-12540,WIZ-17225,GLD-10,apprentice,2024-10-02,
MEM-12541,WIZ-17228,GLD-07,apprentice,2026-06-14,
MEM-12542,WIZ-17229,GLD-09,adept,2024-04-07,
MEM-12543,WIZ-17232,GLD-12,apprentice,2026-01-21,
MEM-12544,WIZ-17235,GLD-08,adept,2024-11-28,
MEM-12545,WIZ-17237,GLD-02,apprentice,2025-03-01,
MEM-12546,WIZ-17238,GLD-03,apprentice,2024-09-06,
MEM-12547,WIZ-17239,GLD-06,Apprentice,2025-10-18,
MEM-12548,WIZ-17241,GLD-09,archmage,2025-02-04,
MEM-12549,WIZ-17242,GLD-07,adept,2025-11-09,
MEM-12550,WIZ-17243,GLD-02,adept,2026-04-23,
MEM-12551,WIZ-17245,GLD-01,apprentice,2026-01-20,
MEM-12552,WIZ-17246,GLD-11,apprentice,2026-04-22,
MEM-12553,WIZ-17250,GLD-08,apprentice,2025-06-09,
MEM-12554,WIZ-17251,GLD-04,Archmage,2026-06-18,
MEM-12555,WIZ-17253,GLD-04,apprentice,2024-10-25,
MEM-12556,WIZ-17254,GLD-02,Adept,2026-06-19,
MEM-12557,WIZ-17256,GLD-09,ADEPT,2024-09-03,
MEM-12558,WIZ-17258,GLD-02,Apprentice,2025-11-10,
MEM-12559,WIZ-17259,GLD-02,apprentice,2026-05-13,
MEM-12560,WIZ-17260,GLD-08,adept,2026-05-03,
MEM-12561,WIZ-17261,GLD-03,apprentice,2024-12-21,
MEM-12562,WIZ-17262,GLD-09,ADEPT,2025-10-10,
MEM-12563,WIZ-17263,GLD-10,adept,2024-07-28,2025-11-30
MEM-12564,WIZ-17263,GLD-10,archmage,2025-11-30,
MEM-12565,WIZ-17264,GLD-12,apprentice,2024-06-27,
MEM-12566,WIZ-17267,GLD-01,adept,2024-12-27,
MEM-12567,WIZ-17269,GLD-03,APPRENTICE,2025-03-21,
MEM-12568,WIZ-17272,GLD-12,apprentice,2025-06-21,
MEM-12569,WIZ-17273,GLD-09,apprentice,2024-07-06,
MEM-12570,WIZ-17275,GLD-11,APPRENTICE,2026-01-01,
MEM-12571,WIZ-17277,GLD-12,APPRENTICE,2025-03-30,
MEM-12572,WIZ-17278,GLD-09,apprentice,2024-07-03,
MEM-12573,WIZ-17280,GLD-10,apprentice,2026-05-31,
MEM-12574,WIZ-17281,GLD-02,apprentice,2023-03-26,
MEM-12575,WIZ-17282,GLD-06,apprentice,2023-11-30,
MEM-12576,WIZ-17283,GLD-03,apprentice,2026-04-08,2026-05-22
MEM-12577,WIZ-17283,GLD-03,adept,2026-05-22,
MEM-12578,WIZ-17285,GLD-04,adept,2024-05-13,
MEM-12579,WIZ-17288,GLD-04,apprentice,2026-02-25,2026-05-31
MEM-12580,WIZ-17288,GLD-04,adept,2026-05-31,
MEM-12581,WIZ-17289,GLD-03,apprentice,2024-11-12,
MEM-12582,WIZ-17291,GLD-03,Archmage,2023-09-11,
MEM-12583,WIZ-17292,GLD-10,archmage,2025-11-25,
MEM-12584,WIZ-17293,GLD-04,Apprentice,2024-10-22,
MEM-12585,WIZ-17296,GLD-07,apprentice,2024-08-01,
MEM-12586,WIZ-17297,GLD-11,apprentice,2025-12-10,
MEM-12587,WIZ-17298,GLD-05,ADEPT,2026-01-28,
MEM-12588,WIZ-17299,GLD-06,apprentice,2025-10-21,
MEM-12589,WIZ-17300,GLD-04,apprentice,2025-10-19,2026-05-09
MEM-12590,WIZ-17300,GLD-04,adept,2026-05-09,
MEM-12591,WIZ-17301,GLD-11,APPRENTICE,2023-10-11,2025-06-05
MEM-12592,WIZ-17301,GLD-11,adept,2025-06-05,
MEM-12593,WIZ-17309,GLD-05,Apprentice,2024-10-05,
MEM-12594,WIZ-17311,GLD-11,apprentice,2024-04-24,
MEM-12595,WIZ-17312,GLD-04,apprentice,2025-02-07,2025-04-24
MEM-12596,WIZ-17312,GLD-04,adept,2025-04-24,
MEM-12597,WIZ-17314,GLD-11,adept,2026-02-28,
MEM-12598,WIZ-17315,GLD-01,adept,2025-09-27,
MEM-12599,WIZ-17316,GLD-09,apprentice,2026-01-12,
MEM-12600,WIZ-17317,GLD-05,apprentice,2023-12-19,
MEM-12601,WIZ-17320,GLD-03,Adept,2025-02-12,2026-01-04
MEM-12602,WIZ-17320,GLD-03,archmage,2026-01-04,
MEM-12603,WIZ-17322,GLD-03,Archmage,2026-06-03,
MEM-12604,WIZ-17323,GLD-03,apprentice,2026-03-02,
MEM-12605,WIZ-17324,GLD-02,apprentice,2025-10-08,
MEM-12606,WIZ-17328,GLD-02,apprentice,2026-04-09,
MEM-12607,WIZ-17329,GLD-05,apprentice,2023-04-08,
MEM-12608,WIZ-17330,GLD-01,APPRENTICE,2025-03-05,
MEM-12609,WIZ-17332,GLD-04,apprentice,2025-04-08,
MEM-12610,WIZ-17333,GLD-10,apprentice,2024-11-03,
MEM-12611,WIZ-17334,GLD-10,apprentice,2024-05-01,
MEM-12612,WIZ-17335,GLD-11,Archmage,2023-05-13,
MEM-12613,WIZ-17337,GLD-10,adept,2026-01-17,
MEM-12614,WIZ-17338,GLD-04,archmage,2025-10-05,
MEM-12615,WIZ-17341,GLD-08,apprentice,2025-05-21,2025-09-10
MEM-12616,WIZ-17341,GLD-08,adept,2025-09-10,
MEM-12617,WIZ-17342,GLD-02,adept,2025-12-20,
MEM-12618,WIZ-17345,GLD-04,apprentice,2026-06-09,
MEM-12619,WIZ-17350,GLD-03,ARCHMAGE,2024-12-19,
MEM-12620,WIZ-17351,GLD-06,apprentice,2025-02-03,
MEM-12621,WIZ-17352,GLD-07,ADEPT,2025-12-15,
MEM-12622,WIZ-17354,GLD-05,apprentice,2024-08-29,
MEM-12623,WIZ-17355,GLD-02,APPRENTICE,2024-03-05,
MEM-12624,WIZ-17356,GLD-05,archmage,2024-10-27,
MEM-12625,WIZ-17357,GLD-09,adept,2025-03-06,2026-06-13
MEM-12626,WIZ-17357,GLD-09,archmage,2026-06-13,
MEM-12627,WIZ-17359,GLD-01,adept,2026-05-29,
MEM-12628,WIZ-17362,GLD-06,APPRENTICE,2026-04-04,
MEM-12629,WIZ-17363,GLD-02,adept,2024-04-17,2024-08-21
MEM-12630,WIZ-17363,GLD-02,archmage,2024-08-21,
MEM-12631,WIZ-17364,GLD-09,apprentice,2026-05-04,
MEM-12632,WIZ-17365,GLD-06,apprentice,2024-04-11,
MEM-12633,WIZ-17368,GLD-07,apprentice,2023-10-27,
MEM-12634,WIZ-17369,GLD-06,archmage,2026-03-20,
MEM-12635,WIZ-17370,GLD-08,apprentice,2025-12-28,
MEM-12636,WIZ-17373,GLD-04,apprentice,2024-07-20,2024-08-21
MEM-12637,WIZ-17373,GLD-04,adept,2024-08-21,
MEM-12638,WIZ-17379,GLD-07,archmage,2023-10-20,
MEM-12639,WIZ-17380,GLD-03,APPRENTICE,2023-06-22,
MEM-12640,WIZ-17381,GLD-03,apprentice,2025-01-16,
MEM-12641,WIZ-17382,GLD-05,ADEPT,2024-06-26,
MEM-12642,WIZ-17384,GLD-11,adept,2023-07-07,
MEM-12643,WIZ-17385,GLD-08,adept,2025-08-12,
MEM-12644,WIZ-17386,GLD-10,adept,2025-12-07,
MEM-12645,WIZ-17387,GLD-03,apprentice,2026-03-25,
MEM-12646,WIZ-17389,GLD-12,apprentice,2025-07-08,
MEM-12647,WIZ-17390,GLD-09,adept,2026-04-13,
MEM-12648,WIZ-17392,GLD-09,apprentice,2026-06-29,
MEM-12649,WIZ-17396,GLD-01,APPRENTICE,2026-01-25,
MEM-12650,WIZ-17398,GLD-08,apprentice,2025-11-11,
MEM-12651,WIZ-17401,GLD-02,APPRENTICE,2023-05-13,
MEM-12652,WIZ-17405,GLD-11,apprentice,2025-09-07,
MEM-12653,WIZ-17406,GLD-03,Apprentice,2026-05-25,
MEM-12654,WIZ-17407,GLD-06,apprentice,2025-05-31,
MEM-12655,WIZ-17410,GLD-04,Apprentice,2026-06-09,
MEM-12656,WIZ-17414,GLD-03,apprentice,2024-03-23,
MEM-12657,WIZ-17415,GLD-12,apprentice,2024-09-10,
MEM-12658,WIZ-17417,GLD-02,adept,2023-07-05,
MEM-12659,WIZ-17418,GLD-11,apprentice,2023-09-10,
MEM-12660,WIZ-17419,GLD-08,apprentice,2026-03-16,2026-05-02
MEM-12661,WIZ-17419,GLD-08,adept,2026-05-02,
MEM-12662,WIZ-17420,GLD-06,APPRENTICE,2025-07-18,
MEM-12663,WIZ-17421,GLD-06,apprentice,2025-02-16,
MEM-12664,WIZ-17423,GLD-08,Apprentice,2024-08-17,2025-03-30
MEM-12665,WIZ-17423,GLD-08,Adept,2025-03-30,
MEM-12666,WIZ-17424,GLD-12,apprentice,2024-10-14,
MEM-12667,WIZ-17425,GLD-04,adept,2024-09-17,
MEM-12668,WIZ-17426,GLD-06,apprentice,2025-12-29,
MEM-12669,WIZ-17427,GLD-02,adept,2024-10-23,
MEM-12670,WIZ-17428,GLD-03,ADEPT,2025-10-10,
MEM-12671,WIZ-17430,GLD-04,ARCHMAGE,2024-10-31,
MEM-12672,WIZ-17431,GLD-01,Apprentice,2024-01-09,2025-03-05
MEM-12673,WIZ-17431,GLD-01,adept,2025-03-05,
MEM-12674,WIZ-17432,GLD-12,Apprentice,2024-04-01,
MEM-12675,WIZ-17434,GLD-02,apprentice,2024-04-29,
MEM-12676,WIZ-17436,GLD-01,apprentice,2023-11-07,
MEM-12677,WIZ-17438,GLD-10,apprentice,2024-08-11,2026-04-23
MEM-12678,WIZ-17438,GLD-10,adept,2026-04-23,
MEM-12679,WIZ-17440,GLD-03,apprentice,2025-02-21,2025-03-27
MEM-12680,WIZ-17440,GLD-03,Adept,2025-03-27,
MEM-12681,WIZ-17441,GLD-01,Apprentice,2026-04-04,
MEM-12682,WIZ-17444,GLD-08,apprentice,2023-08-30,
MEM-12683,WIZ-17449,GLD-01,Adept,2024-02-24,
MEM-12684,WIZ-17451,GLD-01,apprentice,2024-04-23,
MEM-12685,WIZ-17452,GLD-12,archmage,2025-07-11,
MEM-12686,WIZ-17453,GLD-07,apprentice,2026-03-18,
MEM-12687,WIZ-17454,GLD-07,apprentice,2024-04-20,
MEM-12688,WIZ-17455,GLD-08,apprentice,2024-07-05,
MEM-12689,WIZ-17457,GLD-06,apprentice,2025-09-02,2025-10-22
MEM-12690,WIZ-17457,GLD-06,ADEPT,2025-10-22,
MEM-12691,WIZ-17458,GLD-01,Apprentice,2024-11-03,
MEM-12692,WIZ-17460,GLD-11,apprentice,2026-06-03,
MEM-12693,WIZ-17461,GLD-01,apprentice,2025-12-30,
MEM-12694,WIZ-17463,GLD-10,apprentice,2026-05-05,
MEM-12695,WIZ-17471,GLD-04,adept,2024-03-13,
MEM-12696,WIZ-17472,GLD-04,Apprentice,2024-10-28,
MEM-12697,WIZ-17474,GLD-01,apprentice,2025-01-08,2025-05-18
MEM-12698,WIZ-17474,GLD-01,adept,2025-05-18,
MEM-12699,WIZ-17475,GLD-06,apprentice,2025-03-01,2026-05-21
MEM-12700,WIZ-17475,GLD-06,adept,2026-05-21,
MEM-12701,WIZ-17478,GLD-02,adept,2024-05-25,
MEM-12702,WIZ-17479,GLD-10,APPRENTICE,2025-02-21,
MEM-12703,WIZ-17480,GLD-08,Apprentice,2023-09-13,
MEM-12704,WIZ-17482,GLD-06,Adept,2024-02-16,
MEM-12705,WIZ-17483,GLD-03,archmage,2025-08-10,
MEM-12706,WIZ-17484,GLD-07,adept,2026-05-29,
MEM-12707,WIZ-17485,GLD-02,ARCHMAGE,2023-06-28,
MEM-12708,WIZ-17486,GLD-05,adept,2024-11-20,
MEM-12709,WIZ-17487,GLD-10,apprentice,2023-11-08,
MEM-12710,WIZ-17497,GLD-01,apprentice,2023-10-16,
MEM-12711,WIZ-17498,GLD-07,adept,2024-06-27,
MEM-12712,WIZ-17499,GLD-10,adept,2025-11-08,2026-06-26
MEM-12713,WIZ-17499,GLD-10,archmage,2026-06-26,
MEM-12714,WIZ-17502,GLD-04,APPRENTICE,2025-10-11,
MEM-12715,WIZ-17503,GLD-10,apprentice,2025-05-31,
MEM-12716,WIZ-17504,GLD-10,Archmage,2026-05-22,
MEM-12717,WIZ-17506,GLD-06,apprentice,2025-07-06,
MEM-12718,WIZ-17507,GLD-03,Apprentice,2023-12-25,
MEM-12719,WIZ-17508,GLD-06,adept,2026-06-28,
MEM-12720,WIZ-17510,GLD-06,adept,2024-09-15,
MEM-12721,WIZ-17511,GLD-03,Apprentice,2024-03-21,
MEM-12722,WIZ-17512,GLD-06,apprentice,2025-08-27,
MEM-12723,WIZ-17513,GLD-12,apprentice,2024-12-29,
MEM-12724,WIZ-17514,GLD-05,adept,2025-11-06,
MEM-12725,WIZ-17516,GLD-01,adept,2026-04-27,
MEM-12726,WIZ-17519,GLD-05,ADEPT,2024-12-22,
MEM-12727,WIZ-17520,GLD-10,apprentice,2025-10-26,
MEM-12728,WIZ-17521,GLD-03,archmage,2025-01-25,
MEM-12729,WIZ-17522,GLD-09,adept,2026-02-01,2026-04-18
MEM-12730,WIZ-17522,GLD-09,Archmage,2026-04-18,
MEM-12731,WIZ-17524,GLD-09,apprentice,2025-09-03,
MEM-12732,WIZ-17526,GLD-07,apprentice,2026-06-28,
MEM-12733,WIZ-17527,GLD-10,apprentice,2025-03-14,
MEM-12734,WIZ-17530,GLD-01,apprentice,2026-06-10,
MEM-12735,WIZ-17531,GLD-03,apprentice,2026-04-11,
MEM-12736,WIZ-17533,GLD-12,adept,2024-08-28,
MEM-12737,WIZ-17534,GLD-12,Apprentice,2024-03-01,
MEM-12738,WIZ-17535,GLD-11,archmage,2023-06-29,
MEM-12739,WIZ-17536,GLD-06,apprentice,2026-02-26,2026-04-22
MEM-12740,WIZ-17536,GLD-06,adept,2026-04-22,
MEM-12741,WIZ-17537,GLD-03,apprentice,2026-05-31,
MEM-12742,WIZ-17538,GLD-12,adept,2026-05-26,
MEM-12743,WIZ-17542,GLD-06,Apprentice,2023-05-23,
MEM-12744,WIZ-17543,GLD-07,archmage,2026-04-30,
MEM-12745,WIZ-17544,GLD-06,adept,2025-03-11,2025-07-17
MEM-12746,WIZ-17544,GLD-06,Archmage,2025-07-17,
MEM-12747,WIZ-17545,GLD-09,archmage,2023-12-09,
MEM-12748,WIZ-17546,GLD-05,adept,2024-05-28,
MEM-12749,WIZ-17547,GLD-06,archmage,2024-07-01,
MEM-12750,WIZ-17548,GLD-06,apprentice,2025-09-28,
MEM-12751,WIZ-17549,GLD-03,APPRENTICE,2024-03-30,2024-06-12
MEM-12752,WIZ-17549,GLD-03,adept,2024-06-12,
MEM-12753,WIZ-17550,GLD-08,apprentice,2024-06-04,
MEM-12754,WIZ-17552,GLD-09,apprentice,2024-05-27,
MEM-12755,WIZ-17553,GLD-04,apprentice,2024-07-24,
MEM-12756,WIZ-17554,GLD-10,archmage,2026-05-16,
MEM-12757,WIZ-17555,GLD-01,apprentice,2026-01-31,
MEM-12758,WIZ-17557,GLD-12,apprentice,2026-04-25,
MEM-12759,WIZ-17558,GLD-03,adept,2024-06-15,2025-01-09
MEM-12760,WIZ-17558,GLD-03,archmage,2025-01-09,
MEM-12761,WIZ-17559,GLD-09,apprentice,2024-04-14,
MEM-12762,WIZ-17561,GLD-05,ARCHMAGE,2024-12-08,
MEM-12763,WIZ-17563,GLD-10,apprentice,2026-04-25,
MEM-12764,WIZ-17564,GLD-02,apprentice,2026-06-16,
MEM-12765,WIZ-17565,GLD-08,apprentice,2025-08-10,
MEM-12766,WIZ-17566,GLD-02,apprentice,2024-05-11,2024-10-14
MEM-12767,WIZ-17566,GLD-02,adept,2024-10-14,
MEM-12768,WIZ-17570,GLD-12,adept,2026-06-02,
MEM-12769,WIZ-17572,GLD-08,Adept,2025-12-20,
MEM-12770,WIZ-17573,GLD-10,adept,2024-03-08,
MEM-12771,WIZ-17574,GLD-01,adept,2026-06-02,
MEM-12772,WIZ-17575,GLD-09,apprentice,2025-09-08,
MEM-12773,WIZ-17578,GLD-07,Apprentice,2025-01-15,
MEM-12774,WIZ-17579,GLD-09,apprentice,2024-07-26,
MEM-12775,WIZ-17580,GLD-10,apprentice,2024-03-21,2025-01-17
MEM-12776,WIZ-17580,GLD-10,adept,2025-01-17,
MEM-12777,WIZ-17581,GLD-10,apprentice,2024-10-11,
MEM-12778,WIZ-17582,GLD-08,apprentice,2023-07-06,
MEM-12779,WIZ-17583,GLD-05,adept,2025-04-19,2026-02-10
MEM-12780,WIZ-17583,GLD-05,archmage,2026-02-10,
MEM-12781,WIZ-17585,GLD-04,archmage,2026-04-19,
MEM-12782,WIZ-17586,GLD-08,adept,2024-02-02,
MEM-12783,WIZ-17588,GLD-07,apprentice,2026-05-26,
MEM-12784,WIZ-17589,GLD-04,apprentice,2024-08-11,
MEM-12785,WIZ-17590,GLD-02,apprentice,2026-05-05,
MEM-12786,WIZ-17593,GLD-05,apprentice,2025-08-23,
MEM-12787,WIZ-17594,GLD-05,adept,2026-06-11,
MEM-12788,WIZ-17595,GLD-03,APPRENTICE,2025-03-10,
MEM-12789,WIZ-17596,GLD-07,adept,2025-07-02,
MEM-12790,WIZ-17598,GLD-01,Apprentice,2025-10-26,
MEM-12791,WIZ-17600,GLD-02,Adept,2025-12-14,2026-05-07
MEM-12792,WIZ-17600,GLD-02,archmage,2026-05-07,
MEM-12793,WIZ-17605,GLD-11,adept,2023-08-23,
MEM-12794,WIZ-17606,GLD-11,Apprentice,2025-04-26,2025-07-22
MEM-12795,WIZ-17606,GLD-11,adept,2025-07-22,
MEM-12796,WIZ-17607,GLD-10,apprentice,2026-03-06,
MEM-12797,WIZ-17609,GLD-03,apprentice,2026-06-18,
MEM-12798,WIZ-17610,GLD-06,archmage,2026-04-18,
MEM-12799,WIZ-17611,GLD-02,APPRENTICE,2025-08-13,
MEM-12800,WIZ-17612,GLD-10,APPRENTICE,2025-05-06,
MEM-12801,WIZ-17613,GLD-05,Apprentice,2025-08-23,
MEM-12802,WIZ-17615,GLD-07,apprentice,2024-03-03,
MEM-12803,WIZ-17617,GLD-06,adept,2024-12-16,
MEM-12804,WIZ-17620,GLD-09,apprentice,2024-12-03,
MEM-12805,WIZ-17622,GLD-11,apprentice,2024-04-15,
MEM-12806,WIZ-17624,GLD-03,Apprentice,2025-02-16,
MEM-12807,WIZ-17625,GLD-10,Apprentice,2026-04-28,
MEM-12808,WIZ-17626,GLD-11,apprentice,2024-11-25,
MEM-12809,WIZ-17627,GLD-09,apprentice,2024-04-24,
MEM-12810,WIZ-17629,GLD-01,apprentice,2026-03-08,2026-06-17
MEM-12811,WIZ-17629,GLD-01,Adept,2026-06-17,
MEM-12812,WIZ-17630,GLD-07,apprentice,2025-04-14,
MEM-12813,WIZ-17631,GLD-08,adept,2023-03-24,
MEM-12814,WIZ-17632,GLD-01,APPRENTICE,2024-02-12,
MEM-12815,WIZ-17634,GLD-02,archmage,2025-05-20,
MEM-12816,WIZ-17635,GLD-08,apprentice,2026-01-29,
MEM-12817,WIZ-17636,GLD-07,Apprentice,2026-05-22,
MEM-12818,WIZ-17638,GLD-02,ADEPT,2025-05-30,
MEM-12819,WIZ-17641,GLD-07,apprentice,2024-08-07,
MEM-12820,WIZ-17643,GLD-12,Adept,2024-04-19,
MEM-12821,WIZ-17644,GLD-02,apprentice,2025-03-09,2025-04-29
MEM-12822,WIZ-17644,GLD-02,adept,2025-04-29,
MEM-12823,WIZ-17645,GLD-06,Archmage,2026-06-21,
MEM-12824,WIZ-17647,GLD-03,adept,2024-08-13,
MEM-12825,WIZ-17650,GLD-11,ADEPT,2026-06-05,
MEM-12826,WIZ-17652,GLD-11,Apprentice,2024-11-26,
MEM-12827,WIZ-17654,GLD-04,adept,2025-04-07,
MEM-12828,WIZ-17655,GLD-09,adept,2025-06-21,
MEM-12829,WIZ-17657,GLD-08,apprentice,2023-10-19,
MEM-12830,WIZ-17658,GLD-05,apprentice,2024-09-08,
MEM-12831,WIZ-17659,GLD-09,Apprentice,2024-01-24,
MEM-12832,WIZ-17662,GLD-09,Apprentice,2024-04-08,
MEM-12833,WIZ-17663,GLD-03,Adept,2024-12-02,
MEM-12834,WIZ-17665,GLD-06,APPRENTICE,2025-08-17,2026-01-13
MEM-12835,WIZ-17665,GLD-06,adept,2026-01-13,
MEM-12836,WIZ-17666,GLD-02,apprentice,2024-01-22,
MEM-12837,WIZ-17667,GLD-08,Apprentice,2025-09-29,
MEM-12838,WIZ-17669,GLD-08,apprentice,2024-05-22,
MEM-12839,WIZ-17672,GLD-02,apprentice,2023-12-08,
MEM-12840,WIZ-17673,GLD-09,apprentice,2025-09-14,
MEM-12841,WIZ-17674,GLD-12,adept,2026-01-25,
MEM-12842,WIZ-17675,GLD-07,archmage,2026-02-08,
MEM-12843,WIZ-17676,GLD-05,archmage,2023-08-02,
MEM-12844,WIZ-17677,GLD-05,apprentice,2025-04-01,2026-06-18
MEM-12845,WIZ-17677,GLD-05,Adept,2026-06-18,
MEM-12846,WIZ-17678,GLD-10,Adept,2024-07-16,2026-01-10
MEM-12847,WIZ-17678,GLD-10,archmage,2026-01-10,
MEM-12848,WIZ-17680,GLD-04,adept,2026-06-19,
MEM-12849,WIZ-17682,GLD-10,apprentice,2023-12-01,
MEM-12850,WIZ-17685,GLD-11,apprentice,2024-06-07,
MEM-12851,WIZ-17687,GLD-08,APPRENTICE,2026-04-06,
MEM-12852,WIZ-17688,GLD-04,Apprentice,2024-11-09,
MEM-12853,WIZ-17689,GLD-02,apprentice,2024-08-19,2025-04-28
MEM-12854,WIZ-17689,GLD-02,adept,2025-04-28,
MEM-12855,WIZ-17690,GLD-06,apprentice,2023-06-29,
MEM-12856,WIZ-17692,GLD-01,apprentice,2026-05-06,
MEM-12857,WIZ-17693,GLD-04,apprentice,2024-07-27,
MEM-12858,WIZ-17695,GLD-04,apprentice,2024-11-30,
MEM-12859,WIZ-17699,GLD-10,adept,2023-11-17,
MEM-12860,WIZ-17700,GLD-04,adept,2026-04-29,2026-06-07
MEM-12861,WIZ-17700,GLD-04,archmage,2026-06-07,
MEM-12862,WIZ-17701,GLD-08,Apprentice,2024-03-20,
MEM-12863,WIZ-17702,GLD-02,adept,2025-02-21,
MEM-12864,WIZ-17703,GLD-09,adept,2026-02-19,
MEM-12865,WIZ-17705,GLD-05,adept,2026-05-28,
MEM-12866,WIZ-17706,GLD-05,adept,2025-05-11,
MEM-12867,WIZ-17708,GLD-09,APPRENTICE,2024-12-04,
MEM-12868,WIZ-17709,GLD-01,apprentice,2025-03-13,
MEM-12869,WIZ-17710,GLD-10,apprentice,2025-11-27,2026-02-08
MEM-12870,WIZ-17710,GLD-10,adept,2026-02-08,
MEM-12871,WIZ-17712,GLD-06,adept,2025-05-05,
MEM-12872,WIZ-17713,GLD-05,apprentice,2023-12-20,
MEM-12873,WIZ-17715,GLD-12,apprentice,2026-06-07,
MEM-12874,WIZ-17716,GLD-11,apprentice,2026-02-28,
MEM-12875,WIZ-17717,GLD-04,apprentice,2023-06-27,
MEM-12876,WIZ-17720,GLD-04,Apprentice,2025-06-29,
MEM-12877,WIZ-17724,GLD-12,apprentice,2026-06-04,
MEM-12878,WIZ-17725,GLD-06,APPRENTICE,2025-06-05,
MEM-12879,WIZ-17726,GLD-04,Apprentice,2026-05-06,
MEM-12880,WIZ-17727,GLD-01,adept,2024-06-19,
MEM-12881,WIZ-17728,GLD-06,adept,2025-12-20,
MEM-12882,WIZ-17729,GLD-03,apprentice,2026-03-03,
MEM-12883,WIZ-17730,GLD-01,apprentice,2025-04-13,
MEM-12884,WIZ-17732,GLD-01,adept,2024-04-19,
MEM-12885,WIZ-17733,GLD-09,adept,2025-12-22,
MEM-12886,WIZ-17734,GLD-03,apprentice,2024-07-13,
MEM-12887,WIZ-17736,GLD-06,apprentice,2025-10-06,2025-12-24
MEM-12888,WIZ-17736,GLD-06,adept,2025-12-24,
MEM-12889,WIZ-17740,GLD-06,Apprentice,2023-11-20,
MEM-12890,WIZ-17741,GLD-03,adept,2025-02-15,
MEM-12891,WIZ-17742,GLD-09,apprentice,2025-10-17,
MEM-12892,WIZ-17745,GLD-03,adept,2026-06-21,
MEM-12893,WIZ-17746,GLD-12,apprentice,2023-03-22,
MEM-12894,WIZ-17747,GLD-06,ARCHMAGE,2025-05-20,
MEM-12895,WIZ-17749,GLD-11,apprentice,2023-11-20,
MEM-12896,WIZ-17752,GLD-10,APPRENTICE,2026-04-22,
MEM-12897,WIZ-17753,GLD-02,ADEPT,2026-03-10,
MEM-12898,WIZ-17754,GLD-03,APPRENTICE,2026-03-03,
MEM-12899,WIZ-17755,GLD-03,apprentice,2025-01-09,2026-01-07
MEM-12900,WIZ-17755,GLD-03,adept,2026-01-07,
MEM-12901,WIZ-17756,GLD-11,adept,2025-09-21,
MEM-12902,WIZ-17757,GLD-11,apprentice,2026-06-25,
MEM-12903,WIZ-17759,GLD-02,apprentice,2023-12-24,
MEM-12904,WIZ-17760,GLD-06,apprentice,2023-07-27,
MEM-12905,WIZ-17761,GLD-01,adept,2024-03-16,
MEM-12906,WIZ-17762,GLD-09,adept,2026-06-26,
MEM-12907,WIZ-17763,GLD-06,adept,2026-05-13,
MEM-12908,WIZ-17765,GLD-12,apprentice,2025-04-12,
MEM-12909,WIZ-17766,GLD-02,apprentice,2025-09-17,
MEM-12910,WIZ-17768,GLD-06,adept,2025-02-23,
MEM-12911,WIZ-17769,GLD-08,apprentice,2024-01-16,
MEM-12912,WIZ-17770,GLD-04,apprentice,2024-02-20,
MEM-12913,WIZ-17771,GLD-03,Archmage,2024-01-08,
MEM-12914,WIZ-17772,GLD-02,apprentice,2025-08-01,
MEM-12915,WIZ-17773,GLD-06,archmage,2025-01-23,
MEM-12916,WIZ-17774,GLD-09,Apprentice,2023-04-10,
MEM-12917,WIZ-17776,GLD-08,adept,2024-09-28,
MEM-12918,WIZ-17779,GLD-03,apprentice,2026-06-04,
MEM-12919,WIZ-17781,GLD-05,Archmage,2025-10-16,
MEM-12920,WIZ-17783,GLD-11,adept,2023-08-13,
MEM-12921,WIZ-17785,GLD-11,adept,2026-05-20,
MEM-12922,WIZ-17787,GLD-06,apprentice,2026-02-09,
MEM-12923,WIZ-17788,GLD-09,archmage,2025-09-23,
MEM-12924,WIZ-17790,GLD-11,apprentice,2026-06-11,
MEM-12925,WIZ-17791,GLD-12,apprentice,2023-11-19,2024-07-16
MEM-12926,WIZ-17791,GLD-12,Adept,2024-07-16,
MEM-12927,WIZ-17794,GLD-04,Apprentice,2024-11-17,
MEM-12928,WIZ-17795,GLD-04,adept,2025-06-02,
MEM-12929,WIZ-17797,GLD-10,Apprentice,2024-08-26,
MEM-12930,WIZ-17799,GLD-12,Apprentice,2026-04-19,2026-05-24
MEM-12931,WIZ-17799,GLD-12,adept,2026-05-24,
MEM-12932,WIZ-17801,GLD-02,apprentice,2024-09-30,
MEM-12933,WIZ-17802,GLD-06,adept,2025-04-16,
MEM-12934,WIZ-17805,GLD-11,apprentice,2023-11-19,
MEM-12935,WIZ-17806,GLD-03,adept,2025-04-30,
MEM-12936,WIZ-17807,GLD-08,adept,2025-04-14,2025-05-19
MEM-12937,WIZ-17807,GLD-08,archmage,2025-05-19,
MEM-12938,WIZ-17808,GLD-06,apprentice,2026-04-18,
MEM-12939,WIZ-17809,GLD-11,Adept,2026-05-23,
MEM-12940,WIZ-17810,GLD-05,Archmage,2026-04-09,
MEM-12941,WIZ-17814,GLD-09,apprentice,2026-04-08,
MEM-12942,WIZ-17816,GLD-10,ADEPT,2026-01-21,
MEM-12943,WIZ-17817,GLD-08,Archmage,2026-06-26,
MEM-12944,WIZ-17818,GLD-06,APPRENTICE,2025-07-18,
MEM-12945,WIZ-17819,GLD-01,Adept,2025-12-10,
MEM-12946,WIZ-17823,GLD-10,apprentice,2023-08-22,
MEM-12947,WIZ-17824,GLD-08,adept,2025-05-25,
MEM-12948,WIZ-17825,GLD-03,adept,2023-12-27,
MEM-12949,WIZ-17826,GLD-01,apprentice,2024-03-14,
MEM-12950,WIZ-17827,GLD-01,adept,2024-10-27,
MEM-12951,WIZ-17830,GLD-02,APPRENTICE,2024-11-02,
MEM-12952,WIZ-17831,GLD-09,apprentice,2023-04-29,
MEM-12953,WIZ-17832,GLD-09,archmage,2026-05-10,
MEM-12954,WIZ-17833,GLD-09,apprentice,2025-10-05,2025-11-11
MEM-12955,WIZ-17833,GLD-09,adept,2025-11-11,
MEM-12956,WIZ-17836,GLD-09,archmage,2024-02-12,
MEM-12957,WIZ-17839,GLD-03,apprentice,2025-08-24,
MEM-12958,WIZ-17840,GLD-05,adept,2026-03-01,
MEM-12959,WIZ-17841,GLD-11,Adept,2026-01-07,
MEM-12960,WIZ-17843,GLD-04,ADEPT,2026-03-25,
MEM-12961,WIZ-17845,GLD-10,adept,2026-01-22,2026-05-31
MEM-12962,WIZ-17845,GLD-10,archmage,2026-05-31,
MEM-12963,WIZ-17846,GLD-10,apprentice,2024-07-23,
MEM-12964,WIZ-17847,GLD-12,apprentice,2024-06-19,
MEM-12965,WIZ-17848,GLD-05,Apprentice,2026-03-29,
MEM-12966,WIZ-17849,GLD-03,apprentice,2025-09-09,2025-10-22
MEM-12967,WIZ-17849,GLD-03,adept,2025-10-22,
MEM-12968,WIZ-17851,GLD-09,apprentice,2025-07-07,2026-02-13
MEM-12969,WIZ-17851,GLD-09,adept,2026-02-13,
MEM-12970,WIZ-17852,GLD-11,apprentice,2025-07-17,2026-05-13
MEM-12971,WIZ-17852,GLD-11,adept,2026-05-13,
MEM-12972,WIZ-17853,GLD-02,adept,2025-05-27,
MEM-12973,WIZ-17854,GLD-09,Apprentice,2025-01-18,
MEM-12974,WIZ-17855,GLD-05,ADEPT,2026-06-02,
MEM-12975,WIZ-17856,GLD-05,APPRENTICE,2024-10-29,2026-03-10
MEM-12976,WIZ-17856,GLD-05,Adept,2026-03-10,
MEM-12977,WIZ-17857,GLD-08,apprentice,2023-07-13,
MEM-12978,WIZ-17858,GLD-04,adept,2025-12-07,
MEM-12979,WIZ-17859,GLD-09,APPRENTICE,2023-07-26,
MEM-12980,WIZ-17860,GLD-04,adept,2025-09-08,
MEM-12981,WIZ-17861,GLD-06,apprentice,2025-08-03,
MEM-12982,WIZ-17862,GLD-09,apprentice,2024-12-20,2025-01-29
MEM-12983,WIZ-17862,GLD-09,Adept,2025-01-29,
MEM-12984,WIZ-17864,GLD-08,Apprentice,2025-03-26,
MEM-12985,WIZ-17866,GLD-07,apprentice,2026-03-06,
MEM-12986,WIZ-17868,GLD-08,adept,2026-04-18,
MEM-12987,WIZ-17870,GLD-09,adept,2023-02-02,
MEM-12988,WIZ-17872,GLD-06,adept,2024-06-20,
MEM-12989,WIZ-17874,GLD-11,Apprentice,2026-02-27,
MEM-12990,WIZ-17875,GLD-01,adept,2023-09-09,
MEM-12991,WIZ-17876,GLD-07,APPRENTICE,2024-12-05,
MEM-12992,WIZ-17879,GLD-04,adept,2026-06-14,
MEM-12993,WIZ-17880,GLD-09,apprentice,2025-12-10,
MEM-12994,WIZ-17882,GLD-09,apprentice,2024-02-09,
MEM-12995,WIZ-17884,GLD-02,Apprentice,2023-12-20,
MEM-12996,WIZ-17886,GLD-10,archmage,2025-03-11,
MEM-12997,WIZ-17887,GLD-05,apprentice,2023-06-22,
MEM-12998,WIZ-17888,GLD-11,Adept,2025-03-27,
MEM-12999,WIZ-17891,GLD-02,apprentice,2026-06-02,
MEM-13000,WIZ-17895,GLD-04,Apprentice,2023-09-30,
MEM-13001,WIZ-17896,GLD-07,archmage,2025-08-03,
MEM-13002,WIZ-17898,GLD-12,apprentice,2024-03-11,
MEM-13003,WIZ-17899,GLD-11,apprentice,2024-12-19,2025-09-27
MEM-13004,WIZ-17899,GLD-11,adept,2025-09-27,
MEM-13005,WIZ-17901,GLD-04,Apprentice,2024-11-17,
MEM-13006,WIZ-17902,GLD-11,adept,2026-06-08,
MEM-13007,WIZ-17904,GLD-03,adept,2026-01-25,
MEM-13008,WIZ-17905,GLD-01,Archmage,2026-05-19,
MEM-13009,WIZ-17906,GLD-10,Adept,2026-03-27,
MEM-13010,WIZ-17907,GLD-11,adept,2025-07-12,
MEM-13011,WIZ-17908,GLD-06,archmage,2023-04-11,
MEM-13012,WIZ-17909,GLD-07,adept,2025-06-08,
MEM-13013,WIZ-17910,GLD-02,APPRENTICE,2024-07-17,
MEM-13014,WIZ-17914,GLD-01,adept,2024-08-04,
MEM-13015,WIZ-17916,GLD-12,apprentice,2026-05-20,
MEM-13016,WIZ-17918,GLD-10,apprentice,2026-06-26,
MEM-13017,WIZ-17919,GLD-02,adept,2025-01-24,
MEM-13018,WIZ-17920,GLD-02,apprentice,2024-12-01,2025-11-04
MEM-13019,WIZ-17920,GLD-02,adept,2025-11-04,
MEM-13020,WIZ-17921,GLD-11,Adept,2023-03-28,
MEM-13021,WIZ-17922,GLD-04,Adept,2026-04-22,
MEM-13022,WIZ-17924,GLD-02,APPRENTICE,2026-04-13,
MEM-13023,WIZ-17925,GLD-08,adept,2024-06-02,
MEM-13024,WIZ-17926,GLD-10,apprentice,2025-11-13,
MEM-13025,WIZ-17928,GLD-06,apprentice,2026-02-06,
MEM-13026,WIZ-17929,GLD-06,adept,2026-04-02,2026-05-03
MEM-13027,WIZ-17929,GLD-06,archmage,2026-05-03,
MEM-13028,WIZ-17931,GLD-12,Adept,2024-08-02,2025-01-29
MEM-13029,WIZ-17931,GLD-12,archmage,2025-01-29,
MEM-13030,WIZ-17932,GLD-09,apprentice,2026-03-06,
MEM-13031,WIZ-17937,GLD-09,apprentice,2023-11-23,2024-09-06
MEM-13032,WIZ-17937,GLD-09,adept,2024-09-06,
MEM-13033,WIZ-17938,GLD-10,apprentice,2024-09-13,
MEM-13034,WIZ-17940,GLD-04,archmage,2025-11-16,
MEM-13035,WIZ-17943,GLD-08,adept,2025-09-04,
MEM-13036,WIZ-17944,GLD-09,apprentice,2025-06-23,2026-05-15
MEM-13037,WIZ-17944,GLD-09,Adept,2026-05-15,
MEM-13038,WIZ-17945,GLD-05,Apprentice,2026-03-22,
MEM-13039,WIZ-17948,GLD-01,adept,2026-02-14,
MEM-13040,WIZ-17949,GLD-07,apprentice,2026-04-08,
MEM-13041,WIZ-17951,GLD-02,apprentice,2024-01-04,2024-05-10
MEM-13042,WIZ-17951,GLD-02,adept,2024-05-10,
MEM-13043,WIZ-17952,GLD-10,adept,2025-01-18,2025-04-09
MEM-13044,WIZ-17952,GLD-10,archmage,2025-04-09,
MEM-13045,WIZ-17953,GLD-08,adept,2026-06-14,
MEM-13046,WIZ-17954,GLD-08,archmage,2024-03-06,
MEM-13047,WIZ-17956,GLD-04,apprentice,2024-04-28,
MEM-13048,WIZ-17957,GLD-06,adept,2026-06-05,
MEM-13049,WIZ-17958,GLD-05,adept,2026-04-03,
MEM-13050,WIZ-17959,GLD-01,apprentice,2025-11-26,
MEM-13051,WIZ-17960,GLD-01,Apprentice,2026-05-26,
MEM-13052,WIZ-17961,GLD-04,apprentice,2024-03-08,
MEM-13053,WIZ-17963,GLD-01,apprentice,2025-11-27,
MEM-13054,WIZ-17964,GLD-12,Archmage,2024-12-05,
MEM-13055,WIZ-17965,GLD-01,adept,2026-05-05,
MEM-13056,WIZ-17967,GLD-07,apprentice,2024-07-01,
MEM-13057,WIZ-17969,GLD-12,apprentice,2025-04-06,
MEM-13058,WIZ-17970,GLD-02,Adept,2023-12-16,
MEM-13059,WIZ-17971,GLD-03,adept,2026-05-15,
MEM-13060,WIZ-17973,GLD-12,Apprentice,2026-03-07,
MEM-13061,WIZ-17975,GLD-10,Apprentice,2026-01-06,
MEM-13062,WIZ-17976,GLD-03,apprentice,2025-05-11,
MEM-13063,WIZ-17977,GLD-04,apprentice,2023-10-26,2024-12-26
MEM-13064,WIZ-17977,GLD-04,adept,2024-12-26,
MEM-13065,WIZ-17979,GLD-06,adept,2023-09-27,
MEM-13066,WIZ-17980,GLD-09,apprentice,2024-01-14,
MEM-13067,WIZ-17982,GLD-10,apprentice,2025-10-04,
MEM-13068,WIZ-17983,GLD-02,apprentice,2025-03-24,
MEM-13069,WIZ-17984,GLD-10,adept,2024-01-23,
MEM-13070,WIZ-17986,GLD-03,apprentice,2024-03-21,
MEM-13071,WIZ-17987,GLD-03,Apprentice,2025-02-21,
MEM-13072,WIZ-17988,GLD-07,archmage,2024-08-31,
MEM-13073,WIZ-17989,GLD-09,apprentice,2026-06-13,
MEM-13074,WIZ-17991,GLD-09,apprentice,2026-02-03,
MEM-13075,WIZ-17992,GLD-05,apprentice,2026-02-04,
MEM-13076,WIZ-17994,GLD-03,ADEPT,2026-05-20,
MEM-13077,WIZ-17995,GLD-06,apprentice,2025-05-31,2026-05-03
MEM-13078,WIZ-17995,GLD-06,Adept,2026-05-03,
MEM-13079,WIZ-17996,GLD-07,archmage,2026-06-29,
MEM-13080,WIZ-17997,GLD-06,Apprentice,2025-01-25,
MEM-13081,WIZ-17998,GLD-05,apprentice,2025-11-05,
MEM-13082,WIZ-17999,GLD-05,Apprentice,2025-10-24,
MEM-13083,WIZ-18000,GLD-12,adept,2024-11-12,
MEM-13084,WIZ-18001,GLD-08,ARCHMAGE,2024-06-19,
MEM-13085,WIZ-18002,GLD-06,apprentice,2026-01-23,
MEM-13086,WIZ-18004,GLD-02,Archmage,2026-05-09,
MEM-13087,WIZ-18009,GLD-02,APPRENTICE,2025-07-12,2026-02-17
MEM-13088,WIZ-18009,GLD-02,adept,2026-02-17,
MEM-13089,WIZ-18010,GLD-10,Adept,2025-11-13,
MEM-13090,WIZ-18011,GLD-08,adept,2026-02-17,
MEM-13091,WIZ-18012,GLD-06,apprentice,2023-10-11,
MEM-13092,WIZ-18013,GLD-05,APPRENTICE,2026-02-10,2026-06-15
MEM-13093,WIZ-18013,GLD-05,adept,2026-06-15,
MEM-13094,WIZ-18014,GLD-02,apprentice,2026-06-17,
MEM-13095,WIZ-18015,GLD-05,apprentice,2025-07-23,
MEM-13096,WIZ-18016,GLD-07,apprentice,2023-10-02,2024-08-21
MEM-13097,WIZ-18016,GLD-07,adept,2024-08-21,
MEM-13098,WIZ-18017,GLD-04,Adept,2024-09-29,
MEM-13099,WIZ-18019,GLD-09,apprentice,2023-04-07,
MEM-13100,WIZ-18020,GLD-09,adept,2024-01-24,
MEM-13101,WIZ-18021,GLD-03,apprentice,2026-05-07,
MEM-13102,WIZ-18022,GLD-01,apprentice,2024-12-01,
MEM-13103,WIZ-18023,GLD-02,apprentice,2025-03-30,
MEM-13104,WIZ-18025,GLD-04,apprentice,2026-02-04,
MEM-13105,WIZ-18030,GLD-06,apprentice,2024-02-24,
MEM-13106,WIZ-18031,GLD-02,adept,2025-02-24,
MEM-13107,WIZ-18034,GLD-07,apprentice,2024-01-23,
MEM-13108,WIZ-18037,GLD-08,ADEPT,2026-04-07,
MEM-13109,WIZ-18038,GLD-10,archmage,2024-05-04,
MEM-13110,WIZ-18039,GLD-05,adept,2024-10-30,
MEM-13111,WIZ-18041,GLD-04,adept,2025-11-04,
MEM-13112,WIZ-18042,GLD-03,apprentice,2025-10-27,
MEM-13113,WIZ-18043,GLD-07,adept,2026-02-11,
MEM-13114,WIZ-18044,GLD-04,archmage,2026-06-28,
MEM-13115,WIZ-18045,GLD-02,archmage,2026-03-07,
MEM-13116,WIZ-18046,GLD-06,Adept,2024-11-19,
MEM-13117,WIZ-18047,GLD-12,apprentice,2024-10-06,
MEM-13118,WIZ-18048,GLD-05,apprentice,2026-06-18,
MEM-13119,WIZ-18051,GLD-06,adept,2025-02-01,
MEM-13120,WIZ-18052,GLD-05,Apprentice,2025-06-14,
MEM-13121,WIZ-18053,GLD-06,Adept,2023-12-02,
MEM-13122,WIZ-18055,GLD-12,apprentice,2024-08-09,
MEM-13123,WIZ-18056,GLD-09,apprentice,2024-09-03,
MEM-13124,WIZ-18058,GLD-03,APPRENTICE,2025-02-26,
MEM-13125,WIZ-18060,GLD-03,apprentice,2026-04-29,
MEM-13126,WIZ-18065,GLD-04,apprentice,2026-04-27,
MEM-13127,WIZ-18066,GLD-07,ADEPT,2025-12-28,
MEM-13128,WIZ-18067,GLD-12,adept,2026-02-25,
MEM-13129,WIZ-18068,GLD-03,adept,2024-03-26,
MEM-13130,WIZ-18069,GLD-03,Apprentice,2026-05-14,
MEM-13131,WIZ-18070,GLD-10,APPRENTICE,2023-12-24,2025-08-09
MEM-13132,WIZ-18070,GLD-10,adept,2025-08-09,
MEM-13133,WIZ-18071,GLD-10,apprentice,2025-02-23,
MEM-13134,WIZ-18073,GLD-02,adept,2025-06-27,
MEM-13135,WIZ-18074,GLD-04,apprentice,2025-10-29,2025-11-28
MEM-13136,WIZ-18074,GLD-04,adept,2025-11-28,
MEM-13137,WIZ-18075,GLD-06,APPRENTICE,2026-06-30,
MEM-13138,WIZ-18076,GLD-12,apprentice,2025-08-06,
MEM-13139,WIZ-18078,GLD-01,adept,2024-05-21,
MEM-13140,WIZ-18079,GLD-05,Apprentice,2025-08-04,
MEM-13141,WIZ-18080,GLD-04,apprentice,2024-07-04,
MEM-13142,WIZ-18081,GLD-11,apprentice,2026-01-22,
MEM-13143,WIZ-18084,GLD-03,Adept,2026-06-28,
MEM-13144,WIZ-18087,GLD-04,apprentice,2025-01-16,
MEM-13145,WIZ-18089,GLD-09,ADEPT,2024-08-27,
MEM-13146,WIZ-18090,GLD-05,apprentice,2026-02-21,
MEM-13147,WIZ-18091,GLD-11,Adept,2024-04-10,
MEM-13148,WIZ-18092,GLD-11,apprentice,2026-02-13,2026-06-03
MEM-13149,WIZ-18092,GLD-11,adept,2026-06-03,
MEM-13150,WIZ-18096,GLD-02,Apprentice,2024-10-21,
MEM-13151,WIZ-18097,GLD-03,apprentice,2026-02-17,
MEM-13152,WIZ-18098,GLD-09,apprentice,2025-09-12,
MEM-13153,WIZ-18099,GLD-01,apprentice,2024-02-12,
MEM-13154,WIZ-18102,GLD-11,ADEPT,2024-04-15,
MEM-13155,WIZ-18104,GLD-07,apprentice,2026-05-11,
MEM-13156,WIZ-18108,GLD-09,apprentice,2025-11-04,2026-02-08
MEM-13157,WIZ-18108,GLD-09,ADEPT,2026-02-08,
MEM-13158,WIZ-18109,GLD-10,apprentice,2025-12-19,
MEM-13159,WIZ-18112,GLD-01,apprentice,2025-07-24,
MEM-13160,WIZ-18113,GLD-04,apprentice,2025-05-06,
MEM-13161,WIZ-18114,GLD-01,apprentice,2026-04-29,2026-06-15
MEM-13162,WIZ-18114,GLD-01,adept,2026-06-15,
MEM-13163,WIZ-18115,GLD-03,archmage,2026-05-30,
MEM-13164,WIZ-18117,GLD-02,apprentice,2024-12-01,
MEM-13165,WIZ-18118,GLD-07,Apprentice,2024-12-20,
MEM-13166,WIZ-18120,GLD-04,archmage,2025-06-05,
MEM-13167,WIZ-18121,GLD-09,Adept,2025-08-10,2026-01-26
MEM-13168,WIZ-18121,GLD-09,archmage,2026-01-26,
MEM-13169,WIZ-18122,GLD-10,apprentice,2024-02-23,
MEM-13170,WIZ-18123,GLD-07,apprentice,2023-12-21,
MEM-13171,WIZ-18124,GLD-02,apprentice,2026-05-23,
MEM-13172,WIZ-18128,GLD-10,Apprentice,2025-05-08,2025-11-28
MEM-13173,WIZ-18128,GLD-10,Adept,2025-11-28,
MEM-13174,WIZ-18129,GLD-03,adept,2024-05-31,2025-01-03
MEM-13175,WIZ-18129,GLD-03,ARCHMAGE,2025-01-03,
MEM-13176,WIZ-18131,GLD-10,apprentice,2024-02-23,2024-12-01
MEM-13177,WIZ-18131,GLD-10,ADEPT,2024-12-01,
MEM-13178,WIZ-18132,GLD-11,apprentice,2026-05-28,
MEM-13179,WIZ-18134,GLD-03,Apprentice,2026-04-20,
MEM-13180,WIZ-18135,GLD-10,Apprentice,2024-01-29,
MEM-13181,WIZ-18139,GLD-08,Archmage,2026-05-01,
MEM-13182,WIZ-18140,GLD-04,archmage,2025-07-13,
MEM-13183,WIZ-18142,GLD-09,adept,2026-03-31,
MEM-13184,WIZ-18143,GLD-12,apprentice,2025-05-24,2026-03-19
MEM-13185,WIZ-18143,GLD-12,Adept,2026-03-19,
MEM-13186,WIZ-18146,GLD-01,apprentice,2024-04-10,
MEM-13187,WIZ-18147,GLD-12,adept,2026-01-07,
MEM-13188,WIZ-18148,GLD-11,apprentice,2025-02-11,
MEM-13189,WIZ-18149,GLD-09,apprentice,2025-05-21,
MEM-13190,WIZ-18153,GLD-07,archmage,2025-05-02,
MEM-13191,WIZ-18154,GLD-07,apprentice,2026-05-12,
MEM-13192,WIZ-18155,GLD-01,APPRENTICE,2026-04-15,
MEM-13193,WIZ-18157,GLD-02,Apprentice,2025-06-07,
MEM-13194,WIZ-18159,GLD-05,apprentice,2025-01-12,
MEM-13195,WIZ-18160,GLD-07,Apprentice,2023-09-01,2025-07-09
MEM-13196,WIZ-18160,GLD-07,Adept,2025-07-09,
MEM-13197,WIZ-18161,GLD-12,apprentice,2025-09-11,
MEM-13198,WIZ-18163,GLD-07,apprentice,2024-02-23,
MEM-13199,WIZ-18164,GLD-09,apprentice,2024-09-13,
MEM-13200,WIZ-18166,GLD-02,Adept,2024-11-17,
MEM-13201,WIZ-18167,GLD-09,Adept,2024-12-23,
MEM-13202,WIZ-18168,GLD-03,APPRENTICE,2024-10-25,
MEM-13203,WIZ-18169,GLD-12,Adept,2026-04-10,
MEM-13204,WIZ-18171,GLD-08,apprentice,2025-12-03,
MEM-13205,WIZ-18172,GLD-10,apprentice,2023-05-04,
MEM-13206,WIZ-18174,GLD-11,adept,2023-10-13,2025-07-17
MEM-13207,WIZ-18174,GLD-11,archmage,2025-07-17,
MEM-13208,WIZ-18175,GLD-10,Apprentice,2025-05-26,
MEM-13209,WIZ-18176,GLD-11,APPRENTICE,2024-11-21,
MEM-13210,WIZ-18178,GLD-12,Apprentice,2026-06-11,
MEM-13211,WIZ-18180,GLD-01,Apprentice,2025-03-19,
MEM-13212,WIZ-18181,GLD-03,apprentice,2025-01-08,2025-06-17
MEM-13213,WIZ-18181,GLD-03,ADEPT,2025-06-17,
MEM-13214,WIZ-18186,GLD-02,apprentice,2025-12-14,
MEM-13215,WIZ-18188,GLD-08,apprentice,2024-07-17,2025-08-29
MEM-13216,WIZ-18188,GLD-08,adept,2025-08-29,
MEM-13217,WIZ-18189,GLD-11,ADEPT,2024-10-23,
MEM-13218,WIZ-18190,GLD-10,apprentice,2025-01-17,
MEM-13219,WIZ-18194,GLD-08,apprentice,2025-02-03,
MEM-13220,WIZ-18195,GLD-05,APPRENTICE,2024-09-29,
MEM-13221,WIZ-18196,GLD-02,apprentice,2026-04-15,
MEM-13222,WIZ-18197,GLD-12,apprentice,2025-02-16,
MEM-13223,WIZ-18199,GLD-09,apprentice,2024-06-25,
MEM-13224,WIZ-18201,GLD-10,adept,2025-10-30,
MEM-13225,WIZ-18203,GLD-07,ARCHMAGE,2025-10-28,
MEM-13226,WIZ-18206,GLD-06,adept,2026-02-11,
MEM-13227,WIZ-18207,GLD-08,apprentice,2024-07-04,
MEM-13228,WIZ-18209,GLD-07,Apprentice,2025-05-18,2025-11-03
MEM-13229,WIZ-18209,GLD-07,adept,2025-11-03,
MEM-13230,WIZ-18210,GLD-08,apprentice,2025-02-17,
MEM-13231,WIZ-18211,GLD-02,Apprentice,2023-04-12,
MEM-13232,WIZ-18212,GLD-03,archmage,2026-05-19,
MEM-13233,WIZ-18213,GLD-06,apprentice,2025-06-26,
MEM-13234,WIZ-18214,GLD-02,apprentice,2026-04-24,
MEM-13235,WIZ-18215,GLD-11,adept,2026-06-03,
MEM-13236,WIZ-18216,GLD-11,archmage,2025-05-26,
MEM-13237,WIZ-18218,GLD-12,apprentice,2023-11-24,2025-06-05
MEM-13238,WIZ-18218,GLD-12,adept,2025-06-05,
MEM-13239,WIZ-18219,GLD-11,adept,2026-06-19,
MEM-13240,WIZ-18220,GLD-07,apprentice,2023-12-22,
MEM-13241,WIZ-18221,GLD-06,adept,2025-10-18,
MEM-13242,WIZ-18223,GLD-12,Adept,2024-02-19,
MEM-13243,WIZ-18224,GLD-09,Archmage,2024-11-24,
MEM-13244,WIZ-18225,GLD-02,apprentice,2026-01-07,
MEM-13245,WIZ-18226,GLD-10,adept,2025-01-07,
MEM-13246,WIZ-18229,GLD-11,archmage,2025-06-01,
MEM-13247,WIZ-18230,GLD-08,adept,2023-11-03,
MEM-13248,WIZ-18231,GLD-03,adept,2026-04-18,
MEM-13249,WIZ-18232,GLD-07,APPRENTICE,2023-12-22,2025-07-24
MEM-13250,WIZ-18232,GLD-07,Adept,2025-07-24,
MEM-13251,WIZ-18234,GLD-06,Archmage,2026-01-31,
MEM-13252,WIZ-18236,GLD-01,apprentice,2026-01-22,
MEM-13253,WIZ-18238,GLD-06,apprentice,2023-10-22,
MEM-13254,WIZ-18239,GLD-02,APPRENTICE,2025-05-05,
MEM-13255,WIZ-18240,GLD-06,adept,2026-06-05,
MEM-13256,WIZ-18241,GLD-05,Adept,2025-10-14,2026-06-24
MEM-13257,WIZ-18241,GLD-05,Archmage,2026-06-24,
MEM-13258,WIZ-18242,GLD-10,apprentice,2026-04-06,
MEM-13259,WIZ-18244,GLD-05,apprentice,2025-02-11,
MEM-13260,WIZ-18246,GLD-07,apprentice,2025-12-02,2026-05-07
MEM-13261,WIZ-18246,GLD-07,adept,2026-05-07,
MEM-13262,WIZ-18247,GLD-02,apprentice,2026-06-15,
MEM-13263,WIZ-18250,GLD-05,adept,2026-05-15,
MEM-13264,WIZ-18252,GLD-04,archmage,2023-11-28,
MEM-13265,WIZ-18253,GLD-11,Apprentice,2023-10-03,
MEM-13266,WIZ-18254,GLD-03,apprentice,2024-05-23,
MEM-13267,WIZ-18255,GLD-10,apprentice,2025-09-27,
MEM-13268,WIZ-18256,GLD-02,apprentice,2026-03-07,
MEM-13269,WIZ-18258,GLD-08,apprentice,2025-02-05,
MEM-13270,WIZ-18260,GLD-10,Adept,2024-06-11,
MEM-13271,WIZ-18261,GLD-04,archmage,2024-10-25,
MEM-13272,WIZ-18262,GLD-04,Apprentice,2024-02-06,
MEM-13273,WIZ-18263,GLD-01,apprentice,2023-12-13,2024-03-11
MEM-13274,WIZ-18263,GLD-01,adept,2024-03-11,
MEM-13275,WIZ-18266,GLD-03,ADEPT,2024-11-07,
MEM-13276,WIZ-18267,GLD-05,Adept,2025-11-26,
MEM-13277,WIZ-18268,GLD-04,archmage,2024-04-25,
MEM-13278,WIZ-18269,GLD-01,apprentice,2026-02-22,
MEM-13279,WIZ-18270,GLD-02,adept,2024-07-07,
MEM-13280,WIZ-18272,GLD-02,apprentice,2025-02-07,
MEM-13281,WIZ-18273,GLD-03,apprentice,2025-11-15,
MEM-13282,WIZ-18274,GLD-05,apprentice,2025-07-31,
MEM-13283,WIZ-18275,GLD-06,ADEPT,2023-12-15,
MEM-13284,WIZ-18276,GLD-09,adept,2023-08-10,2024-05-29
MEM-13285,WIZ-18276,GLD-09,archmage,2024-05-29,
MEM-13286,WIZ-18277,GLD-09,APPRENTICE,2024-02-28,2024-12-21
MEM-13287,WIZ-18277,GLD-09,Adept,2024-12-21,
MEM-13288,WIZ-18278,GLD-12,Adept,2025-12-17,
MEM-13289,WIZ-18281,GLD-03,APPRENTICE,2024-01-04,
MEM-13290,WIZ-18282,GLD-09,apprentice,2025-03-15,
MEM-13291,WIZ-18283,GLD-07,apprentice,2025-08-28,
MEM-13292,WIZ-18284,GLD-01,apprentice,2023-03-24,
MEM-13293,WIZ-18286,GLD-07,apprentice,2024-08-04,
MEM-13294,WIZ-18289,GLD-06,Apprentice,2025-11-28,2026-04-18
MEM-13295,WIZ-18289,GLD-06,adept,2026-04-18,
MEM-13296,WIZ-18292,GLD-05,apprentice,2026-04-10,
MEM-13297,WIZ-18293,GLD-02,apprentice,2024-07-24,
MEM-13298,WIZ-18294,GLD-02,apprentice,2023-05-11,
MEM-13299,WIZ-18295,GLD-07,apprentice,2025-01-22,2026-03-22
MEM-13300,WIZ-18295,GLD-07,adept,2026-03-22,
MEM-13301,WIZ-18296,GLD-10,Apprentice,2025-11-21,
MEM-13302,WIZ-18297,GLD-07,apprentice,2025-03-19,
MEM-13303,WIZ-18298,GLD-04,apprentice,2026-03-25,
MEM-13304,WIZ-18301,GLD-11,adept,2026-04-20,
MEM-13305,WIZ-18302,GLD-03,Adept,2023-08-03,
MEM-13306,WIZ-18303,GLD-02,adept,2024-06-08,
MEM-13307,WIZ-18304,GLD-10,Adept,2025-04-12,
MEM-13308,WIZ-18305,GLD-12,apprentice,2026-04-29,
MEM-13309,WIZ-18306,GLD-12,adept,2026-06-30,
MEM-13310,WIZ-18307,GLD-05,apprentice,2025-09-07,
MEM-13311,WIZ-18308,GLD-04,apprentice,2026-03-21,
MEM-13312,WIZ-18309,GLD-03,apprentice,2026-04-15,
MEM-13313,WIZ-18311,GLD-06,Adept,2026-05-26,
MEM-13314,WIZ-18312,GLD-01,Apprentice,2025-11-13,
MEM-13315,WIZ-18313,GLD-12,adept,2024-02-19,
MEM-13316,WIZ-18314,GLD-10,Apprentice,2025-09-18,
MEM-13317,WIZ-18315,GLD-11,Adept,2025-03-29,
MEM-13318,WIZ-18316,GLD-11,apprentice,2023-08-08,
MEM-13319,WIZ-18318,GLD-07,archmage,2025-05-30,
MEM-13320,WIZ-18320,GLD-10,APPRENTICE,2026-06-13,
MEM-13321,WIZ-18321,GLD-03,adept,2026-05-12,
MEM-13322,WIZ-18322,GLD-02,apprentice,2024-01-21,2024-06-12
MEM-13323,WIZ-18322,GLD-02,ADEPT,2024-06-12,
MEM-13324,WIZ-18323,GLD-04,apprentice,2023-06-08,2024-02-17
MEM-13325,WIZ-18323,GLD-04,ADEPT,2024-02-17,
MEM-13326,WIZ-18325,GLD-05,Adept,2026-03-23,
MEM-13327,WIZ-18326,GLD-02,adept,2026-06-15,
MEM-13328,WIZ-18328,GLD-05,apprentice,2024-08-13,
MEM-13329,WIZ-18332,GLD-03,apprentice,2024-09-28,
MEM-13330,WIZ-18333,GLD-11,Adept,2025-01-30,
MEM-13331,WIZ-18334,GLD-06,apprentice,2026-06-25,
MEM-13332,WIZ-18335,GLD-02,apprentice,2024-07-12,
MEM-13333,WIZ-18336,GLD-12,apprentice,2024-01-25,
MEM-13334,WIZ-18337,GLD-11,Apprentice,2026-01-12,
MEM-13335,WIZ-18338,GLD-03,apprentice,2023-06-22,
MEM-13336,WIZ-18339,GLD-08,apprentice,2024-02-19,
MEM-13337,WIZ-18341,GLD-02,apprentice,2024-03-31,
MEM-13338,WIZ-18342,GLD-10,apprentice,2026-02-07,
MEM-13339,WIZ-18343,GLD-02,apprentice,2025-01-12,2026-03-18
MEM-13340,WIZ-18343,GLD-02,Adept,2026-03-18,
MEM-13341,WIZ-18345,GLD-08,Apprentice,2026-05-14,
MEM-13342,WIZ-18348,GLD-12,ADEPT,2026-03-14,2026-06-07
MEM-13343,WIZ-18348,GLD-12,archmage,2026-06-07,
MEM-13344,WIZ-18349,GLD-10,adept,2024-12-16,
MEM-13345,WIZ-18352,GLD-12,Adept,2026-06-27,
MEM-13346,WIZ-18353,GLD-03,apprentice,2024-12-02,
MEM-13347,WIZ-18354,GLD-01,apprentice,2025-09-07,
MEM-13348,WIZ-18355,GLD-07,adept,2024-04-08,
MEM-13349,WIZ-18357,GLD-06,Apprentice,2026-04-18,
MEM-13350,WIZ-18358,GLD-02,apprentice,2025-06-15,
MEM-13351,WIZ-18359,GLD-11,apprentice,2023-12-17,
MEM-13352,WIZ-18360,GLD-04,apprentice,2025-07-05,2025-11-05
MEM-13353,WIZ-18360,GLD-04,adept,2025-11-05,
MEM-13354,WIZ-18361,GLD-04,adept,2024-04-04,
MEM-13355,WIZ-18364,GLD-04,Adept,2024-05-27,2025-05-04
MEM-13356,WIZ-18364,GLD-04,Archmage,2025-05-04,
MEM-13357,WIZ-18365,GLD-12,apprentice,2023-03-26,
MEM-13358,WIZ-18366,GLD-04,apprentice,2025-11-24,
MEM-13359,WIZ-18368,GLD-02,APPRENTICE,2026-03-08,
MEM-13360,WIZ-18369,GLD-09,archmage,2024-08-28,
MEM-13361,WIZ-18370,GLD-04,Apprentice,2025-11-11,
MEM-13362,WIZ-18371,GLD-12,archmage,2024-04-17,
MEM-13363,WIZ-18374,GLD-07,adept,2024-04-17,
MEM-13364,WIZ-18376,GLD-09,apprentice,2026-06-30,
MEM-13365,WIZ-18377,GLD-03,Apprentice,2025-07-07,
MEM-13366,WIZ-18379,GLD-02,adept,2025-01-02,
MEM-13367,WIZ-18380,GLD-06,archmage,2023-09-02,
MEM-13368,WIZ-18384,GLD-11,ADEPT,2025-05-09,
MEM-13369,WIZ-18386,GLD-12,apprentice,2025-09-20,
MEM-13370,WIZ-18387,GLD-03,adept,2025-04-27,
MEM-13371,WIZ-18391,GLD-02,Apprentice,2023-05-28,
MEM-13372,WIZ-18392,GLD-09,Apprentice,2023-04-12,
MEM-13373,WIZ-18393,GLD-05,APPRENTICE,2024-09-12,
MEM-13374,WIZ-18394,GLD-01,Adept,2023-11-23,
MEM-13375,WIZ-18395,GLD-11,apprentice,2024-10-07,
MEM-13376,WIZ-18398,GLD-11,adept,2025-10-09,
MEM-13377,WIZ-18399,GLD-09,Apprentice,2023-05-08,
MEM-13378,WIZ-18400,GLD-03,apprentice,2025-12-04,
MEM-13379,WIZ-18401,GLD-05,Apprentice,2023-02-07,
MEM-13380,WIZ-18403,GLD-03,ARCHMAGE,2024-09-22,
MEM-13381,WIZ-18404,GLD-09,apprentice,2026-06-28,
MEM-13382,WIZ-18406,GLD-01,adept,2026-04-21,2026-06-21
MEM-13383,WIZ-18406,GLD-01,archmage,2026-06-21,
MEM-13384,WIZ-18407,GLD-02,ARCHMAGE,2023-12-23,
MEM-13385,WIZ-18412,GLD-10,Apprentice,2023-06-18,2024-05-21
MEM-13386,WIZ-18412,GLD-10,adept,2024-05-21,
MEM-13387,WIZ-18413,GLD-01,adept,2025-03-14,
MEM-13388,WIZ-18418,GLD-09,APPRENTICE,2024-08-25,
MEM-13389,WIZ-18420,GLD-06,apprentice,2024-08-04,
MEM-13390,WIZ-18423,GLD-03,adept,2025-08-30,
MEM-13391,WIZ-18424,GLD-07,apprentice,2026-06-26,
MEM-13392,WIZ-18425,GLD-11,Adept,2026-04-24,
MEM-13393,WIZ-18426,GLD-11,adept,2023-09-10,2024-11-13
MEM-13394,WIZ-18426,GLD-11,archmage,2024-11-13,
MEM-13395,WIZ-18427,GLD-07,Apprentice,2024-11-20,
MEM-13396,WIZ-18428,GLD-12,apprentice,2026-04-10,
MEM-13397,WIZ-18430,GLD-09,apprentice,2023-08-18,
MEM-13398,WIZ-18433,GLD-12,Apprentice,2026-06-26,
MEM-13399,WIZ-18434,GLD-08,adept,2025-01-25,
MEM-13400,WIZ-18435,GLD-09,apprentice,2024-11-14,
MEM-13401,WIZ-18436,GLD-09,adept,2024-04-03,
MEM-13402,WIZ-18439,GLD-06,Apprentice,2025-02-06,
MEM-13403,WIZ-18440,GLD-08,Apprentice,2025-06-10,
MEM-13404,WIZ-18442,GLD-07,APPRENTICE,2025-03-27,
MEM-13405,WIZ-18443,GLD-01,adept,2025-12-11,
MEM-13406,WIZ-18444,GLD-02,apprentice,2026-04-19,
MEM-13407,WIZ-18445,GLD-05,apprentice,2025-03-02,
MEM-13408,WIZ-18446,GLD-06,Apprentice,2024-06-23,2026-05-08
MEM-13409,WIZ-18446,GLD-06,adept,2026-05-08,
MEM-13410,WIZ-18447,GLD-07,adept,2025-01-03,
MEM-13411,WIZ-18448,GLD-11,APPRENTICE,2024-11-24,2025-07-29
MEM-13412,WIZ-18448,GLD-11,ADEPT,2025-07-29,
MEM-13413,WIZ-18449,GLD-09,Apprentice,2025-06-27,
MEM-13414,WIZ-18450,GLD-11,adept,2025-02-10,
MEM-13415,WIZ-18451,GLD-06,Apprentice,2024-03-05,
MEM-13416,WIZ-18453,GLD-10,Adept,2026-06-30,
MEM-13417,WIZ-18454,GLD-09,adept,2025-10-21,
MEM-13418,WIZ-18455,GLD-10,archmage,2026-01-14,
MEM-13419,WIZ-18456,GLD-12,apprentice,2025-09-26,
MEM-13420,WIZ-18458,GLD-10,adept,2026-06-16,
MEM-13421,WIZ-18459,GLD-09,Apprentice,2025-01-30,
MEM-13422,WIZ-18460,GLD-01,apprentice,2024-08-22,
MEM-13423,WIZ-18461,GLD-07,apprentice,2025-10-25,
MEM-13424,WIZ-18462,GLD-05,apprentice,2024-08-20,
MEM-13425,WIZ-18464,GLD-08,Apprentice,2023-09-16,
MEM-13426,WIZ-18465,GLD-08,archmage,2026-05-26,
MEM-13427,WIZ-18469,GLD-05,apprentice,2026-02-06,
MEM-13428,WIZ-18470,GLD-01,adept,2023-11-12,
MEM-13429,WIZ-18471,GLD-03,adept,2026-02-23,
MEM-13430,WIZ-18472,GLD-03,adept,2026-05-09,
MEM-13431,WIZ-18474,GLD-05,apprentice,2024-07-04,
MEM-13432,WIZ-18475,GLD-12,apprentice,2026-04-12,
MEM-13433,WIZ-18477,GLD-05,Apprentice,2025-07-24,
MEM-13434,WIZ-18478,GLD-05,apprentice,2025-09-19,2025-11-23
MEM-13435,WIZ-18478,GLD-05,adept,2025-11-23,
MEM-13436,WIZ-18480,GLD-03,apprentice,2026-05-25,
MEM-13437,WIZ-18482,GLD-03,archmage,2023-12-11,
MEM-13438,WIZ-18483,GLD-09,Adept,2025-06-04,2025-12-07
MEM-13439,WIZ-18483,GLD-09,archmage,2025-12-07,
MEM-13440,WIZ-18485,GLD-09,apprentice,2026-05-07,
MEM-13441,WIZ-18487,GLD-05,apprentice,2024-10-16,
MEM-13442,WIZ-18488,GLD-05,apprentice,2025-07-03,
MEM-13443,WIZ-18489,GLD-07,Adept,2025-03-20,
MEM-13444,WIZ-18490,GLD-12,APPRENTICE,2024-06-10,
MEM-13445,WIZ-18491,GLD-09,apprentice,2026-05-14,
MEM-13446,WIZ-18492,GLD-01,apprentice,2026-04-28,
MEM-13447,WIZ-18495,GLD-01,Adept,2026-05-18,
MEM-13448,WIZ-18496,GLD-09,apprentice,2026-05-11,
MEM-13449,WIZ-18497,GLD-09,Apprentice,2024-07-19,
MEM-13450,WIZ-18498,GLD-04,apprentice,2024-01-21,
MEM-13451,WIZ-18499,GLD-01,apprentice,2024-06-14,
MEM-13452,WIZ-18503,GLD-12,Archmage,2025-10-15,
MEM-13453,WIZ-18505,GLD-06,adept,2024-10-31,
MEM-13454,WIZ-18507,GLD-02,apprentice,2024-06-01,
MEM-13455,WIZ-18508,GLD-08,apprentice,2025-05-17,
MEM-13456,WIZ-18509,GLD-06,adept,2026-01-08,
MEM-13457,WIZ-18510,GLD-01,apprentice,2023-08-05,
MEM-13458,WIZ-18511,GLD-03,apprentice,2025-04-09,
MEM-13459,WIZ-18512,GLD-10,adept,2023-08-11,
MEM-13460,WIZ-18513,GLD-10,apprentice,2026-05-23,
MEM-13461,WIZ-18514,GLD-02,adept,2024-03-11,
MEM-13462,WIZ-18516,GLD-11,apprentice,2024-10-23,
MEM-13463,WIZ-18517,GLD-07,apprentice,2026-05-19,
MEM-13464,WIZ-18518,GLD-06,Apprentice,2026-05-05,
MEM-13465,WIZ-18519,GLD-02,apprentice,2024-06-12,
MEM-13466,WIZ-18522,GLD-03,apprentice,2026-05-13,
MEM-13467,WIZ-18524,GLD-03,Apprentice,2024-04-22,
MEM-13468,WIZ-18525,GLD-08,adept,2024-04-25,2024-06-07
MEM-13469,WIZ-18525,GLD-08,archmage,2024-06-07,
MEM-13470,WIZ-18526,GLD-04,adept,2023-12-23,
MEM-13471,WIZ-18529,GLD-06,adept,2026-03-29,
MEM-13472,WIZ-18530,GLD-10,archmage,2023-07-02,
MEM-13473,WIZ-18533,GLD-09,apprentice,2026-06-06,
MEM-13474,WIZ-18534,GLD-07,adept,2024-02-17,
MEM-13475,WIZ-18535,GLD-07,APPRENTICE,2024-09-24,
MEM-13476,WIZ-18536,GLD-06,Apprentice,2026-02-08,
MEM-13477,WIZ-18541,GLD-04,apprentice,2023-08-12,
MEM-13478,WIZ-18542,GLD-11,apprentice,2023-10-02,
MEM-13479,WIZ-18543,GLD-11,apprentice,2025-09-19,
MEM-13480,WIZ-18545,GLD-08,apprentice,2025-11-01,
MEM-13481,WIZ-18547,GLD-01,apprentice,2025-02-13,
MEM-13482,WIZ-18550,GLD-09,adept,2024-04-27,
MEM-13483,WIZ-18552,GLD-03,adept,2026-04-26,
MEM-13484,WIZ-18554,GLD-05,adept,2024-09-10,2026-03-26
MEM-13485,WIZ-18554,GLD-05,archmage,2026-03-26,
MEM-13486,WIZ-18555,GLD-08,Adept,2024-07-06,
MEM-13487,WIZ-18556,GLD-09,apprentice,2026-04-03,
MEM-13488,WIZ-18557,GLD-11,adept,2026-04-04,
MEM-13489,WIZ-18559,GLD-03,Archmage,2025-08-09,
MEM-13490,WIZ-18560,GLD-03,APPRENTICE,2024-10-25,2025-01-22
MEM-13491,WIZ-18560,GLD-03,adept,2025-01-22,
MEM-13492,WIZ-18561,GLD-10,apprentice,2023-06-18,
MEM-13493,WIZ-18562,GLD-03,adept,2025-06-06,
MEM-13494,WIZ-18564,GLD-01,apprentice,2026-05-27,
MEM-13495,WIZ-18566,GLD-01,apprentice,2026-04-16,
MEM-13496,WIZ-18567,GLD-09,adept,2024-08-05,
MEM-13497,WIZ-18568,GLD-02,Adept,2026-06-08,
MEM-13498,WIZ-18570,GLD-08,apprentice,2024-01-05,
MEM-13499,WIZ-18571,GLD-04,archmage,2024-01-17,
MEM-13500,WIZ-18572,GLD-03,Apprentice,2024-11-27,
MEM-13501,WIZ-18573,GLD-06,archmage,2026-05-22,
MEM-13502,WIZ-18574,GLD-05,adept,2025-01-25,
MEM-13503,WIZ-18575,GLD-09,apprentice,2024-06-05,2025-02-26
MEM-13504,WIZ-18575,GLD-09,adept,2025-02-26,
MEM-13505,WIZ-18577,GLD-04,apprentice,2025-07-21,
MEM-13506,WIZ-18578,GLD-02,Adept,2024-12-14,
MEM-13507,WIZ-18579,GLD-09,ADEPT,2025-12-06,
MEM-13508,WIZ-18581,GLD-02,apprentice,2026-01-08,2026-03-26
MEM-13509,WIZ-18581,GLD-02,Adept,2026-03-26,
MEM-13510,WIZ-18583,GLD-07,apprentice,2024-01-26,
MEM-13511,WIZ-18584,GLD-03,apprentice,2026-03-13,
MEM-13512,WIZ-18586,GLD-12,apprentice,2023-12-26,
MEM-13513,WIZ-18587,GLD-10,apprentice,2024-10-13,2026-01-19
MEM-13514,WIZ-18587,GLD-10,adept,2026-01-19,
MEM-13515,WIZ-18589,GLD-02,adept,2026-06-15,
MEM-13516,WIZ-18591,GLD-07,adept,2025-09-20,
MEM-13517,WIZ-18592,GLD-11,adept,2024-01-11,
MEM-13518,WIZ-18593,GLD-12,apprentice,2023-07-23,2025-03-24
MEM-13519,WIZ-18593,GLD-12,adept,2025-03-24,
MEM-13520,WIZ-18594,GLD-11,apprentice,2026-02-28,
MEM-13521,WIZ-18595,GLD-02,apprentice,2025-02-01,
MEM-13522,WIZ-18596,GLD-02,Apprentice,2023-06-06,
MEM-13523,WIZ-18599,GLD-04,ADEPT,2025-02-03,
MEM-13524,WIZ-18600,GLD-01,adept,2024-05-10,
MEM-13525,WIZ-18603,GLD-12,Apprentice,2025-01-28,
MEM-13526,WIZ-18604,GLD-06,adept,2026-03-21,2026-05-23
MEM-13527,WIZ-18604,GLD-06,archmage,2026-05-23,
MEM-13528,WIZ-18606,GLD-10,apprentice,2026-05-09,
MEM-13529,WIZ-18607,GLD-04,apprentice,2026-03-02,
MEM-13530,WIZ-18609,GLD-10,apprentice,2025-04-24,
MEM-13531,WIZ-18610,GLD-06,adept,2025-08-13,
MEM-13532,WIZ-18611,GLD-09,apprentice,2026-06-27,
MEM-13533,WIZ-18612,GLD-10,ADEPT,2024-12-29,
MEM-13534,WIZ-18613,GLD-08,apprentice,2023-08-23,
MEM-13535,WIZ-18615,GLD-01,adept,2026-06-04,
MEM-13536,WIZ-18616,GLD-10,apprentice,2024-05-14,
MEM-13537,WIZ-18617,GLD-05,apprentice,2026-06-29,
MEM-13538,WIZ-18620,GLD-06,apprentice,2024-08-13,2024-09-22
MEM-13539,WIZ-18620,GLD-06,adept,2024-09-22,
MEM-13540,WIZ-18622,GLD-03,apprentice,2024-11-27,
MEM-13541,WIZ-18623,GLD-03,adept,2026-01-11,2026-06-28
MEM-13542,WIZ-18623,GLD-03,Archmage,2026-06-28,
MEM-13543,WIZ-18624,GLD-07,apprentice,2025-07-12,
MEM-13544,WIZ-18625,GLD-01,apprentice,2026-01-04,
MEM-13545,WIZ-18626,GLD-09,Adept,2025-11-27,
MEM-13546,WIZ-18627,GLD-11,apprentice,2023-10-18,2023-11-20
MEM-13547,WIZ-18627,GLD-11,adept,2023-11-20,
MEM-13548,WIZ-18629,GLD-04,APPRENTICE,2023-01-31,
MEM-13549,WIZ-18631,GLD-12,adept,2024-03-30,
MEM-13550,WIZ-18632,GLD-12,adept,2026-05-31,
MEM-13551,WIZ-18636,GLD-05,apprentice,2025-12-24,
MEM-13552,WIZ-18638,GLD-02,archmage,2026-04-28,
MEM-13553,WIZ-18639,GLD-06,adept,2026-06-29,
MEM-13554,WIZ-18640,GLD-10,adept,2025-02-16,
MEM-13555,WIZ-18641,GLD-12,apprentice,2025-06-20,
MEM-13556,WIZ-18643,GLD-03,apprentice,2023-10-23,
MEM-13557,WIZ-18644,GLD-12,ADEPT,2024-06-13,
MEM-13558,WIZ-18645,GLD-09,APPRENTICE,2025-09-29,
MEM-13559,WIZ-18648,GLD-02,adept,2026-06-15,
MEM-13560,WIZ-18650,GLD-06,apprentice,2024-03-09,
MEM-13561,WIZ-18651,GLD-03,adept,2026-01-08,
MEM-13562,WIZ-18654,GLD-01,apprentice,2025-04-14,
MEM-13563,WIZ-18655,GLD-10,APPRENTICE,2026-05-05,
MEM-13564,WIZ-18656,GLD-05,adept,2025-09-07,
MEM-13565,WIZ-18658,GLD-11,apprentice,2026-06-25,
MEM-13566,WIZ-18659,GLD-01,Apprentice,2025-11-10,
MEM-13567,WIZ-18660,GLD-06,apprentice,2024-09-30,
MEM-13568,WIZ-18662,GLD-12,Apprentice,2024-10-17,
MEM-13569,WIZ-18665,GLD-12,ARCHMAGE,2024-12-29,
MEM-13570,WIZ-18666,GLD-06,apprentice,2025-12-14,
MEM-13571,WIZ-18667,GLD-08,ADEPT,2025-05-05,
MEM-13572,WIZ-18668,GLD-12,adept,2023-03-05,
MEM-13573,WIZ-18669,GLD-04,apprentice,2024-11-19,
MEM-13574,WIZ-18671,GLD-10,apprentice,2025-08-27,
MEM-13575,WIZ-18672,GLD-04,apprentice,2026-05-18,
MEM-13576,WIZ-18674,GLD-11,apprentice,2025-05-01,
MEM-13577,WIZ-18675,GLD-02,apprentice,2023-06-26,2024-05-12
MEM-13578,WIZ-18675,GLD-02,adept,2024-05-12,
MEM-13579,WIZ-18676,GLD-07,apprentice,2024-09-09,
MEM-13580,WIZ-18678,GLD-12,APPRENTICE,2024-06-13,
MEM-13581,WIZ-18683,GLD-04,Apprentice,2025-12-01,
MEM-13582,WIZ-18685,GLD-01,apprentice,2024-11-07,
MEM-13583,WIZ-18687,GLD-08,apprentice,2026-06-16,
MEM-13584,WIZ-18688,GLD-07,adept,2024-05-14,
MEM-13585,WIZ-18689,GLD-03,Adept,2023-10-31,2025-04-13
MEM-13586,WIZ-18689,GLD-03,Archmage,2025-04-13,
MEM-13587,WIZ-18690,GLD-11,Adept,2026-06-07,
MEM-13588,WIZ-18692,GLD-06,apprentice,2024-07-26,
MEM-13589,WIZ-18695,GLD-12,adept,2024-07-27,
MEM-13590,WIZ-18696,GLD-10,apprentice,2024-07-06,
MEM-13591,WIZ-18697,GLD-09,apprentice,2025-08-30,2026-05-16
MEM-13592,WIZ-18697,GLD-09,adept,2026-05-16,
MEM-13593,WIZ-18698,GLD-10,apprentice,2025-02-04,
MEM-13594,WIZ-18699,GLD-06,apprentice,2024-01-05,
MEM-13595,WIZ-18700,GLD-07,adept,2024-12-17,
MEM-13596,WIZ-18702,GLD-02,adept,2024-01-24,
MEM-13597,WIZ-18703,GLD-07,archmage,2026-05-10,
MEM-13598,WIZ-18705,GLD-12,archmage,2023-11-08,
MEM-13599,WIZ-18708,GLD-01,apprentice,2023-07-09,2024-09-01
MEM-13600,WIZ-18708,GLD-01,Adept,2024-09-01,
MEM-13601,WIZ-18710,GLD-04,apprentice,2026-03-15,
MEM-13602,WIZ-18711,GLD-03,APPRENTICE,2026-01-26,
MEM-13603,WIZ-18712,GLD-10,Archmage,2026-03-29,
MEM-13604,WIZ-18713,GLD-12,adept,2023-10-31,
MEM-13605,WIZ-18714,GLD-07,apprentice,2026-03-06,
MEM-13606,WIZ-18715,GLD-11,Adept,2025-02-23,
MEM-13607,WIZ-18716,GLD-08,adept,2025-12-23,
MEM-13608,WIZ-18717,GLD-07,apprentice,2023-09-08,
MEM-13609,WIZ-18718,GLD-10,ADEPT,2025-09-20,
MEM-13610,WIZ-18719,GLD-04,adept,2025-08-23,2026-02-17
MEM-13611,WIZ-18719,GLD-04,ARCHMAGE,2026-02-17,
MEM-13612,WIZ-18720,GLD-04,Adept,2026-06-14,
MEM-13613,WIZ-18722,GLD-06,adept,2025-09-24,
MEM-13614,WIZ-18725,GLD-04,apprentice,2023-12-16,2024-03-13
MEM-13615,WIZ-18725,GLD-04,ADEPT,2024-03-13,
MEM-13616,WIZ-18728,GLD-09,Apprentice,2026-05-24,
MEM-13617,WIZ-18730,GLD-10,Archmage,2024-01-13,
MEM-13618,WIZ-18732,GLD-01,apprentice,2026-04-14,
MEM-13619,WIZ-18733,GLD-06,apprentice,2026-01-30,
MEM-13620,WIZ-18735,GLD-10,apprentice,2026-05-25,
MEM-13621,WIZ-18738,GLD-04,adept,2025-08-23,2026-03-19
MEM-13622,WIZ-18738,GLD-04,archmage,2026-03-19,
MEM-13623,WIZ-18739,GLD-09,adept,2025-03-12,
MEM-13624,WIZ-18742,GLD-06,APPRENTICE,2026-06-15,
MEM-13625,WIZ-18743,GLD-12,Apprentice,2024-07-20,
MEM-13626,WIZ-18744,GLD-11,apprentice,2024-12-09,
MEM-13627,WIZ-18747,GLD-07,Archmage,2024-04-19,
MEM-13628,WIZ-18748,GLD-03,adept,2024-05-08,2025-05-10
MEM-13629,WIZ-18748,GLD-03,archmage,2025-05-10,
MEM-13630,WIZ-18749,GLD-02,adept,2026-05-24,
MEM-13631,WIZ-18751,GLD-09,apprentice,2025-09-18,
MEM-13632,WIZ-18753,GLD-07,apprentice,2023-08-24,
MEM-13633,WIZ-18754,GLD-12,apprentice,2024-04-09,
MEM-13634,WIZ-18755,GLD-02,archmage,2026-04-27,
MEM-13635,WIZ-18756,GLD-04,archmage,2026-05-12,
MEM-13636,WIZ-18758,GLD-09,adept,2025-03-05,
MEM-13637,WIZ-18759,GLD-03,apprentice,2026-06-30,
MEM-13638,WIZ-18761,GLD-10,Apprentice,2025-12-14,
MEM-13639,WIZ-18762,GLD-07,apprentice,2025-12-14,
MEM-13640,WIZ-18763,GLD-09,apprentice,2023-05-02,
MEM-13641,WIZ-18764,GLD-10,Apprentice,2024-07-17,
MEM-13642,WIZ-18765,GLD-04,apprentice,2026-05-31,
MEM-13643,WIZ-18766,GLD-11,apprentice,2025-11-16,
MEM-13644,WIZ-18767,GLD-03,apprentice,2026-02-21,
MEM-13645,WIZ-18768,GLD-08,apprentice,2025-08-05,
MEM-13646,WIZ-18769,GLD-08,archmage,2025-11-30,
MEM-13647,WIZ-18770,GLD-01,archmage,2026-04-12,
MEM-13648,WIZ-18771,GLD-05,Apprentice,2026-06-12,
MEM-13649,WIZ-18773,GLD-05,apprentice,2025-01-02,
MEM-13650,WIZ-18777,GLD-04,APPRENTICE,2026-06-26,
MEM-13651,WIZ-18779,GLD-09,apprentice,2024-01-24,
MEM-13652,WIZ-18781,GLD-07,adept,2024-11-09,
MEM-13653,WIZ-18782,GLD-10,archmage,2025-10-26,
MEM-13654,WIZ-18783,GLD-01,apprentice,2024-07-22,
MEM-13655,WIZ-18784,GLD-03,adept,2024-10-01,
MEM-13656,WIZ-18786,GLD-07,apprentice,2026-05-03,
MEM-13657,WIZ-18787,GLD-10,ARCHMAGE,2026-03-11,
MEM-13658,WIZ-18788,GLD-06,adept,2024-03-26,
MEM-13659,WIZ-18789,GLD-01,apprentice,2026-03-13,
MEM-13660,WIZ-18790,GLD-05,Apprentice,2026-06-01,
MEM-13661,WIZ-18792,GLD-08,apprentice,2024-08-10,
MEM-13662,WIZ-18793,GLD-10,apprentice,2025-06-24,
MEM-13663,WIZ-18794,GLD-01,adept,2024-02-06,
MEM-13664,WIZ-18795,GLD-06,APPRENTICE,2024-02-15,
MEM-13665,WIZ-18797,GLD-03,adept,2024-01-22,
MEM-13666,WIZ-18798,GLD-03,Adept,2026-05-29,
MEM-13667,WIZ-18799,GLD-02,adept,2024-08-06,
MEM-13668,WIZ-18802,GLD-09,adept,2025-09-16,
MEM-13669,WIZ-18803,GLD-02,Apprentice,2024-08-26,2025-02-14
MEM-13670,WIZ-18803,GLD-02,adept,2025-02-14,
MEM-13671,WIZ-18807,GLD-02,apprentice,2025-07-12,
MEM-13672,WIZ-18808,GLD-12,archmage,2025-01-31,
MEM-13673,WIZ-18809,GLD-08,apprentice,2024-09-12,
MEM-13674,WIZ-18810,GLD-09,Adept,2026-03-08,
MEM-13675,WIZ-18811,GLD-06,apprentice,2026-02-17,
MEM-13676,WIZ-18813,GLD-11,APPRENTICE,2025-01-26,
MEM-13677,WIZ-18818,GLD-07,apprentice,2026-05-30,
MEM-13678,WIZ-18822,GLD-08,Apprentice,2024-03-27,
MEM-13679,WIZ-18823,GLD-01,adept,2023-07-27,
MEM-13680,WIZ-18824,GLD-05,Adept,2026-06-26,
MEM-13681,WIZ-18826,GLD-06,apprentice,2024-03-31,
MEM-13682,WIZ-18827,GLD-03,APPRENTICE,2025-06-11,
MEM-13683,WIZ-18828,GLD-01,adept,2023-07-19,
MEM-13684,WIZ-18829,GLD-09,adept,2025-02-12,
MEM-13685,WIZ-18830,GLD-09,Apprentice,2026-03-19,2026-06-30
MEM-13686,WIZ-18830,GLD-09,adept,2026-06-30,
MEM-13687,WIZ-18831,GLD-09,apprentice,2024-07-08,
MEM-13688,WIZ-18833,GLD-11,archmage,2026-04-13,
MEM-13689,WIZ-18836,GLD-07,Adept,2024-03-04,
MEM-13690,WIZ-18837,GLD-10,apprentice,2026-01-01,
MEM-13691,WIZ-18839,GLD-09,apprentice,2025-08-19,
MEM-13692,WIZ-18841,GLD-09,adept,2025-11-29,2026-01-14
MEM-13693,WIZ-18841,GLD-09,Archmage,2026-01-14,
MEM-13694,WIZ-18843,GLD-02,apprentice,2025-01-20,
MEM-13695,WIZ-18845,GLD-02,apprentice,2026-02-22,
MEM-13696,WIZ-18846,GLD-06,apprentice,2024-11-23,
MEM-13697,WIZ-18848,GLD-09,Apprentice,2023-06-07,
MEM-13698,WIZ-18850,GLD-09,apprentice,2025-02-05,
MEM-13699,WIZ-18851,GLD-12,apprentice,2024-04-23,
MEM-13700,WIZ-18852,GLD-06,APPRENTICE,2023-08-12,
MEM-13701,WIZ-18853,GLD-10,adept,2024-01-24,2025-08-01
MEM-13702,WIZ-18853,GLD-10,Archmage,2025-08-01,
MEM-13703,WIZ-18854,GLD-03,adept,2026-01-11,
MEM-13704,WIZ-18856,GLD-03,apprentice,2026-06-19,
MEM-13705,WIZ-18857,GLD-11,Apprentice,2024-09-14,
MEM-13706,WIZ-18858,GLD-09,adept,2024-07-21,2025-02-25
MEM-13707,WIZ-18858,GLD-09,Archmage,2025-02-25,
MEM-13708,WIZ-18859,GLD-07,ADEPT,2026-06-15,
MEM-13709,WIZ-18860,GLD-01,adept,2023-07-27,
MEM-13710,WIZ-18861,GLD-06,archmage,2026-06-25,
MEM-13711,WIZ-18862,GLD-06,adept,2025-06-06,
MEM-13712,WIZ-18865,GLD-12,apprentice,2026-02-10,
MEM-13713,WIZ-18867,GLD-12,archmage,2025-02-15,
MEM-13714,WIZ-18869,GLD-06,adept,2024-08-02,
MEM-13715,WIZ-18871,GLD-08,Apprentice,2024-09-16,
MEM-13716,WIZ-18872,GLD-11,apprentice,2024-11-03,2025-06-05
MEM-13717,WIZ-18872,GLD-11,adept,2025-06-05,
MEM-13718,WIZ-18873,GLD-05,Adept,2026-06-11,
MEM-13719,WIZ-18875,GLD-08,Adept,2024-07-15,
MEM-13720,WIZ-18876,GLD-12,apprentice,2025-01-14,
MEM-13721,WIZ-18878,GLD-07,Apprentice,2023-09-11,2025-03-24
MEM-13722,WIZ-18878,GLD-07,ADEPT,2025-03-24,
MEM-13723,WIZ-18880,GLD-11,Adept,2026-02-10,
MEM-13724,WIZ-18882,GLD-11,archmage,2024-09-21,
MEM-13725,WIZ-18883,GLD-03,apprentice,2025-01-01,
MEM-13726,WIZ-18884,GLD-11,adept,2024-10-18,
MEM-13727,WIZ-18885,GLD-12,apprentice,2023-04-27,
MEM-13728,WIZ-18888,GLD-06,Adept,2024-12-16,2025-06-27
MEM-13729,WIZ-18888,GLD-06,archmage,2025-06-27,
MEM-13730,WIZ-18889,GLD-09,APPRENTICE,2025-01-25,
MEM-13731,WIZ-18890,GLD-12,Apprentice,2025-05-12,
MEM-13732,WIZ-18892,GLD-10,apprentice,2025-08-14,
MEM-13733,WIZ-18894,GLD-01,Apprentice,2025-02-11,
MEM-13734,WIZ-18895,GLD-06,adept,2026-05-23,
MEM-13735,WIZ-18896,GLD-09,apprentice,2026-05-16,
MEM-13736,WIZ-18898,GLD-10,adept,2026-01-19,
MEM-13737,WIZ-18899,GLD-03,adept,2026-06-26,
MEM-13738,WIZ-18901,GLD-02,adept,2023-11-23,
MEM-13739,WIZ-18903,GLD-05,Adept,2026-02-02,2026-04-19
MEM-13740,WIZ-18903,GLD-05,Archmage,2026-04-19,
MEM-13741,WIZ-18904,GLD-05,apprentice,2026-03-20,
MEM-13742,WIZ-18905,GLD-10,apprentice,2026-02-28,
MEM-13743,WIZ-18906,GLD-08,apprentice,2024-03-05,
MEM-13744,WIZ-18908,GLD-05,APPRENTICE,2025-05-06,
MEM-13745,WIZ-18909,GLD-11,apprentice,2024-04-29,2024-07-27
MEM-13746,WIZ-18909,GLD-11,adept,2024-07-27,
MEM-13747,WIZ-18910,GLD-11,Apprentice,2025-04-04,
MEM-13748,WIZ-18912,GLD-10,apprentice,2025-10-07,
MEM-13749,WIZ-18914,GLD-03,archmage,2025-09-25,
MEM-13750,WIZ-18915,GLD-12,apprentice,2024-12-30,
MEM-13751,WIZ-18916,GLD-11,archmage,2025-09-05,
MEM-13752,WIZ-18917,GLD-05,apprentice,2026-05-25,
MEM-13753,WIZ-18918,GLD-11,adept,2026-03-28,
MEM-13754,WIZ-18919,GLD-04,apprentice,2024-09-04,
MEM-13755,WIZ-18920,GLD-04,archmage,2025-12-10,
MEM-13756,WIZ-18921,GLD-10,Adept,2024-02-20,
MEM-13757,WIZ-18922,GLD-05,ADEPT,2024-09-01,
MEM-13758,WIZ-18923,GLD-05,apprentice,2023-06-30,
MEM-13759,WIZ-18924,GLD-03,archmage,2025-07-11,
MEM-13760,WIZ-18925,GLD-06,APPRENTICE,2025-01-06,2025-08-24
MEM-13761,WIZ-18925,GLD-06,adept,2025-08-24,
MEM-13762,WIZ-18926,GLD-05,apprentice,2025-01-19,
MEM-13763,WIZ-18928,GLD-12,apprentice,2024-06-19,
MEM-13764,WIZ-18929,GLD-12,ARCHMAGE,2026-06-15,
MEM-13765,WIZ-18930,GLD-02,apprentice,2025-03-16,2026-03-28
MEM-13766,WIZ-18930,GLD-02,adept,2026-03-28,
MEM-13767,WIZ-18934,GLD-05,Apprentice,2024-10-10,
MEM-13768,WIZ-18935,GLD-06,Apprentice,2023-09-02,
MEM-13769,WIZ-18936,GLD-03,Apprentice,2023-11-25,
MEM-13770,WIZ-18938,GLD-06,apprentice,2026-03-16,2026-05-28
MEM-13771,WIZ-18938,GLD-06,adept,2026-05-28,
MEM-13772,WIZ-18941,GLD-12,Apprentice,2024-12-04,
MEM-13773,WIZ-18943,GLD-01,apprentice,2026-03-31,
MEM-13774,WIZ-18944,GLD-03,apprentice,2024-04-10,
MEM-13775,WIZ-18945,GLD-12,apprentice,2025-07-07,
MEM-13776,WIZ-18948,GLD-11,adept,2024-06-25,
MEM-13777,WIZ-18949,GLD-07,apprentice,2024-02-05,
MEM-13778,WIZ-18950,GLD-09,apprentice,2026-01-13,
MEM-13779,WIZ-18951,GLD-05,apprentice,2024-01-14,2025-04-01
MEM-13780,WIZ-18951,GLD-05,adept,2025-04-01,
MEM-13781,WIZ-18954,GLD-02,apprentice,2026-05-09,
MEM-13782,WIZ-18955,GLD-05,adept,2023-12-26,
MEM-13783,WIZ-18957,GLD-10,archmage,2023-12-21,
MEM-13784,WIZ-18958,GLD-06,apprentice,2025-11-09,2025-12-11
MEM-13785,WIZ-18958,GLD-06,adept,2025-12-11,
MEM-13786,WIZ-18959,GLD-06,adept,2025-10-10,
MEM-13787,WIZ-18961,GLD-03,Apprentice,2024-12-30,
MEM-13788,WIZ-18962,GLD-11,ADEPT,2026-01-16,
MEM-13789,WIZ-18964,GLD-12,apprentice,2026-02-09,
MEM-13790,WIZ-18965,GLD-07,apprentice,2023-11-23,
MEM-13791,WIZ-18967,GLD-08,adept,2026-02-24,
MEM-13792,WIZ-18969,GLD-03,adept,2026-06-12,
MEM-13793,WIZ-18970,GLD-11,Adept,2026-02-07,2026-03-13
MEM-13794,WIZ-18970,GLD-11,Archmage,2026-03-13,
MEM-13795,WIZ-18971,GLD-06,Archmage,2026-04-30,
MEM-13796,WIZ-18972,GLD-11,apprentice,2025-12-27,
MEM-13797,WIZ-18973,GLD-02,Archmage,2024-05-21,
MEM-13798,WIZ-18975,GLD-06,apprentice,2024-01-18,
MEM-13799,WIZ-18979,GLD-03,apprentice,2025-04-27,
MEM-13800,WIZ-18981,GLD-10,APPRENTICE,2025-07-27,2025-11-06
MEM-13801,WIZ-18981,GLD-10,adept,2025-11-06,
MEM-13802,WIZ-18984,GLD-08,apprentice,2025-04-15,
MEM-13803,WIZ-18985,GLD-04,ADEPT,2026-03-23,
MEM-13804,WIZ-18987,GLD-07,apprentice,2026-05-19,
MEM-13805,WIZ-18988,GLD-04,apprentice,2025-09-17,
MEM-13806,WIZ-18989,GLD-07,archmage,2024-04-17,
MEM-13807,WIZ-18990,GLD-03,Adept,2025-02-21,
MEM-13808,WIZ-18991,GLD-05,apprentice,2024-10-06,
MEM-13809,WIZ-18992,GLD-05,ADEPT,2025-07-29,
MEM-13810,WIZ-18993,GLD-03,adept,2025-08-25,
MEM-13811,WIZ-18994,GLD-02,apprentice,2024-12-25,
MEM-13812,WIZ-18997,GLD-03,adept,2026-04-24,
MEM-13813,WIZ-18999,GLD-02,apprentice,2024-09-12,2025-12-11
MEM-13814,WIZ-18999,GLD-02,Adept,2025-12-11,
MEM-13815,WIZ-19000,GLD-09,apprentice,2024-11-07,
MEM-13816,WIZ-19001,GLD-07,apprentice,2025-01-03,
MEM-13817,WIZ-19002,GLD-01,Apprentice,2025-02-25,2025-12-06
MEM-13818,WIZ-19002,GLD-01,adept,2025-12-06,
MEM-13819,WIZ-19004,GLD-12,apprentice,2023-11-14,
MEM-13820,WIZ-19006,GLD-05,apprentice,2024-10-03,2025-07-02
MEM-13821,WIZ-19006,GLD-05,adept,2025-07-02,
MEM-13822,WIZ-19007,GLD-07,apprentice,2025-06-27,
MEM-13823,WIZ-19008,GLD-01,APPRENTICE,2026-06-06,
MEM-13824,WIZ-19012,GLD-08,apprentice,2026-04-01,
MEM-13825,WIZ-19014,GLD-03,adept,2025-10-28,
MEM-13826,WIZ-19016,GLD-07,adept,2026-05-13,
MEM-13827,WIZ-19017,GLD-04,Adept,2025-10-08,
MEM-13828,WIZ-19019,GLD-12,apprentice,2024-07-21,
MEM-13829,WIZ-19020,GLD-01,apprentice,2024-04-24,
MEM-13830,WIZ-19022,GLD-04,archmage,2026-06-15,
MEM-13831,WIZ-19023,GLD-04,apprentice,2026-03-03,
MEM-13832,WIZ-19024,GLD-09,adept,2024-05-29,
MEM-13833,WIZ-19026,GLD-01,adept,2026-06-17,
MEM-13834,WIZ-19029,GLD-02,ADEPT,2026-03-20,
MEM-13835,WIZ-19031,GLD-04,APPRENTICE,2024-03-17,2025-04-19
MEM-13836,WIZ-19031,GLD-04,adept,2025-04-19,
MEM-13837,WIZ-19034,GLD-12,adept,2026-06-16,
MEM-13838,WIZ-19035,GLD-02,Apprentice,2024-08-27,
MEM-13839,WIZ-19036,GLD-11,adept,2026-01-26,2026-05-12
MEM-13840,WIZ-19036,GLD-11,Archmage,2026-05-12,
MEM-13841,WIZ-19037,GLD-11,Adept,2024-09-19,2025-11-04
MEM-13842,WIZ-19037,GLD-11,archmage,2025-11-04,
MEM-13843,WIZ-19038,GLD-06,apprentice,2023-09-06,2024-01-10
MEM-13844,WIZ-19038,GLD-06,Adept,2024-01-10,
MEM-13845,WIZ-19039,GLD-09,apprentice,2023-11-11,
MEM-13846,WIZ-19040,GLD-11,adept,2026-06-24,
MEM-13847,WIZ-19042,GLD-04,adept,2026-01-06,
MEM-13848,WIZ-19043,GLD-04,adept,2026-01-29,
MEM-13849,WIZ-19044,GLD-09,archmage,2025-08-25,
MEM-13850,WIZ-19046,GLD-04,apprentice,2024-01-18,
MEM-13851,WIZ-19049,GLD-01,adept,2024-03-07,2024-08-26
MEM-13852,WIZ-19049,GLD-01,Archmage,2024-08-26,
MEM-13853,WIZ-19050,GLD-02,apprentice,2026-06-11,
MEM-13854,WIZ-19051,GLD-03,adept,2024-11-27,2026-03-11
MEM-13855,WIZ-19051,GLD-03,Archmage,2026-03-11,
MEM-13856,WIZ-19052,GLD-09,APPRENTICE,2025-02-16,
MEM-13857,WIZ-19054,GLD-09,adept,2025-04-18,2025-11-24
MEM-13858,WIZ-19054,GLD-09,Archmage,2025-11-24,
MEM-13859,WIZ-19055,GLD-04,Apprentice,2025-11-11,
MEM-13860,WIZ-19056,GLD-01,archmage,2024-03-26,
MEM-13861,WIZ-19057,GLD-07,apprentice,2023-10-14,
MEM-13862,WIZ-19059,GLD-10,apprentice,2023-11-28,
MEM-13863,WIZ-19060,GLD-12,Apprentice,2024-02-19,
MEM-13864,WIZ-19062,GLD-12,archmage,2024-02-29,
MEM-13865,WIZ-19063,GLD-09,Apprentice,2024-05-21,2026-02-10
MEM-13866,WIZ-19063,GLD-09,adept,2026-02-10,
MEM-13867,WIZ-19064,GLD-11,Adept,2026-06-05,
MEM-13868,WIZ-19065,GLD-01,apprentice,2024-01-28,
MEM-13869,WIZ-19068,GLD-08,archmage,2026-05-02,
MEM-13870,WIZ-19071,GLD-07,adept,2026-03-01,
MEM-13871,WIZ-19072,GLD-06,archmage,2024-02-25,
MEM-13872,WIZ-19073,GLD-03,apprentice,2024-03-08,
MEM-13873,WIZ-19074,GLD-11,Archmage,2025-11-15,
MEM-13874,WIZ-19076,GLD-05,apprentice,2026-04-26,
MEM-13875,WIZ-19078,GLD-08,apprentice,2025-12-26,
MEM-13876,WIZ-19080,GLD-10,Apprentice,2026-03-23,
MEM-13877,WIZ-19081,GLD-01,Apprentice,2026-05-05,
MEM-13878,WIZ-19083,GLD-02,Apprentice,2025-01-14,
MEM-13879,WIZ-19087,GLD-05,apprentice,2024-06-23,
MEM-13880,WIZ-19089,GLD-04,APPRENTICE,2024-09-11,
MEM-13881,WIZ-19091,GLD-07,APPRENTICE,2025-07-07,
MEM-13882,WIZ-19092,GLD-11,Apprentice,2024-09-15,
MEM-13883,WIZ-19093,GLD-08,apprentice,2024-11-05,
MEM-13884,WIZ-19095,GLD-02,apprentice,2024-01-31,
MEM-13885,WIZ-19096,GLD-11,apprentice,2026-04-05,
MEM-13886,WIZ-19098,GLD-02,apprentice,2026-06-24,
MEM-13887,WIZ-19099,GLD-08,Apprentice,2026-03-17,
MEM-13888,WIZ-19100,GLD-10,apprentice,2026-01-14,2026-03-28
MEM-13889,WIZ-19100,GLD-10,adept,2026-03-28,
MEM-13890,WIZ-19102,GLD-02,archmage,2025-04-21,
MEM-13891,WIZ-19103,GLD-11,apprentice,2026-03-10,
MEM-13892,WIZ-19105,GLD-09,apprentice,2024-03-04,
MEM-13893,WIZ-19107,GLD-02,APPRENTICE,2025-11-12,2026-06-30
MEM-13894,WIZ-19107,GLD-02,adept,2026-06-30,
MEM-13895,WIZ-19108,GLD-04,ADEPT,2024-12-22,2026-02-20
MEM-13896,WIZ-19108,GLD-04,archmage,2026-02-20,
MEM-13897,WIZ-19109,GLD-06,adept,2026-06-30,
MEM-13898,WIZ-19110,GLD-04,Adept,2026-04-04,
MEM-13899,WIZ-19111,GLD-03,Adept,2023-03-19,
MEM-13900,WIZ-19112,GLD-07,adept,2025-12-27,
MEM-13901,WIZ-19114,GLD-12,Apprentice,2023-12-04,
MEM-13902,WIZ-19115,GLD-08,apprentice,2025-12-30,
MEM-13903,WIZ-19116,GLD-08,Apprentice,2024-06-28,
MEM-13904,WIZ-19117,GLD-12,Adept,2024-09-15,2024-12-19
MEM-13905,WIZ-19117,GLD-12,archmage,2024-12-19,
MEM-13906,WIZ-19121,GLD-09,archmage,2026-02-10,
MEM-13907,WIZ-19122,GLD-09,Archmage,2025-11-04,
MEM-13908,WIZ-19123,GLD-08,apprentice,2025-11-13,
MEM-13909,WIZ-19124,GLD-07,adept,2025-05-25,
MEM-13910,WIZ-19125,GLD-05,archmage,2025-01-20,
MEM-13911,WIZ-19126,GLD-02,apprentice,2025-08-28,
MEM-13912,WIZ-19127,GLD-08,APPRENTICE,2026-01-19,2026-04-26
MEM-13913,WIZ-19127,GLD-08,Adept,2026-04-26,
MEM-13914,WIZ-19128,GLD-08,ADEPT,2025-08-12,
MEM-13915,WIZ-19129,GLD-02,archmage,2024-10-24,
MEM-13916,WIZ-19130,GLD-10,apprentice,2023-06-10,
MEM-13917,WIZ-19131,GLD-01,apprentice,2023-04-01,
MEM-13918,WIZ-19133,GLD-12,Adept,2024-11-08,
MEM-13919,WIZ-19134,GLD-08,apprentice,2023-09-07,
MEM-13920,WIZ-19136,GLD-09,archmage,2026-06-05,
MEM-13921,WIZ-19137,GLD-04,adept,2025-02-16,
MEM-13922,WIZ-19138,GLD-09,apprentice,2025-01-02,
MEM-13923,WIZ-19139,GLD-02,Adept,2026-03-09,
MEM-13924,WIZ-19141,GLD-03,apprentice,2026-06-15,
MEM-13925,WIZ-19142,GLD-04,apprentice,2023-08-11,
MEM-13926,WIZ-19143,GLD-11,Adept,2025-09-01,
MEM-13927,WIZ-19144,GLD-10,adept,2024-02-26,2025-02-09
MEM-13928,WIZ-19144,GLD-10,ARCHMAGE,2025-02-09,
MEM-13929,WIZ-19146,GLD-10,adept,2026-05-15,
MEM-13930,WIZ-19148,GLD-12,apprentice,2026-06-16,
MEM-13931,WIZ-19150,GLD-02,apprentice,2025-02-07,2025-04-28
MEM-13932,WIZ-19150,GLD-02,adept,2025-04-28,
MEM-13933,WIZ-19151,GLD-05,apprentice,2024-11-02,2025-12-25
MEM-13934,WIZ-19151,GLD-05,adept,2025-12-25,
MEM-13935,WIZ-19153,GLD-03,apprentice,2023-05-07,
MEM-13936,WIZ-19155,GLD-09,archmage,2025-06-09,
MEM-13937,WIZ-19157,GLD-12,Apprentice,2025-08-31,
MEM-13938,WIZ-19158,GLD-01,apprentice,2025-12-21,
MEM-13939,WIZ-19159,GLD-09,adept,2025-01-11,
MEM-13940,WIZ-19162,GLD-04,apprentice,2024-04-28,
MEM-13941,WIZ-19163,GLD-02,apprentice,2025-05-02,2025-11-20
MEM-13942,WIZ-19163,GLD-02,ADEPT,2025-11-20,
MEM-13943,WIZ-19167,GLD-12,apprentice,2025-03-22,
MEM-13944,WIZ-19168,GLD-08,apprentice,2025-12-09,
MEM-13945,WIZ-19169,GLD-10,Apprentice,2023-04-27,
MEM-13946,WIZ-19170,GLD-10,apprentice,2024-03-23,
MEM-13947,WIZ-19171,GLD-05,apprentice,2023-06-24,
MEM-13948,WIZ-19175,GLD-05,Apprentice,2026-01-22,
MEM-13949,WIZ-19177,GLD-09,Apprentice,2025-12-12,
MEM-13950,WIZ-19179,GLD-08,Apprentice,2024-06-26,
MEM-13951,WIZ-19181,GLD-05,apprentice,2025-12-29,
MEM-13952,WIZ-19182,GLD-08,APPRENTICE,2024-09-22,
MEM-13953,WIZ-19183,GLD-03,apprentice,2026-04-07,
MEM-13954,WIZ-19184,GLD-01,apprentice,2024-02-10,
MEM-13955,WIZ-19186,GLD-05,apprentice,2024-08-16,
MEM-13956,WIZ-19188,GLD-04,Archmage,2025-08-26,
MEM-13957,WIZ-19190,GLD-01,apprentice,2023-09-20,
MEM-13958,WIZ-19191,GLD-03,apprentice,2024-06-27,
MEM-13959,WIZ-19196,GLD-02,Apprentice,2026-05-18,
MEM-13960,WIZ-19197,GLD-05,apprentice,2026-03-13,
MEM-13961,WIZ-19198,GLD-08,apprentice,2024-07-02,2025-04-09
MEM-13962,WIZ-19198,GLD-08,Adept,2025-04-09,
MEM-13963,WIZ-19199,GLD-04,Apprentice,2025-06-04,
MEM-13964,WIZ-19200,GLD-11,apprentice,2026-06-02,
MEM-13965,WIZ-19201,GLD-11,apprentice,2024-02-26,
MEM-13966,WIZ-19202,GLD-11,apprentice,2026-02-16,
MEM-13967,WIZ-19203,GLD-12,apprentice,2025-08-06,
MEM-13968,WIZ-19204,GLD-09,Adept,2025-04-02,
MEM-13969,WIZ-19206,GLD-09,apprentice,2025-11-15,
MEM-13970,WIZ-19208,GLD-11,adept,2024-05-03,2025-08-24
MEM-13971,WIZ-19208,GLD-11,Archmage,2025-08-24,
MEM-13972,WIZ-19209,GLD-01,archmage,2023-08-13,
MEM-13973,WIZ-19211,GLD-03,apprentice,2026-01-09,
MEM-13974,WIZ-19212,GLD-09,apprentice,2024-09-18,
MEM-13975,WIZ-19213,GLD-03,adept,2026-06-25,
MEM-13976,WIZ-19216,GLD-12,apprentice,2025-06-22,
MEM-13977,WIZ-19218,GLD-04,ADEPT,2024-07-21,2026-05-15
MEM-13978,WIZ-19218,GLD-04,archmage,2026-05-15,
MEM-13979,WIZ-19220,GLD-12,Apprentice,2024-10-24,
MEM-13980,WIZ-19222,GLD-08,adept,2023-09-17,
MEM-13981,WIZ-19223,GLD-10,APPRENTICE,2026-05-18,
MEM-13982,WIZ-19224,GLD-03,Adept,2026-02-18,
MEM-13983,WIZ-19226,GLD-10,Apprentice,2024-07-10,
MEM-13984,WIZ-19228,GLD-11,Apprentice,2025-07-10,
MEM-13985,WIZ-19229,GLD-10,apprentice,2026-01-26,2026-03-26
MEM-13986,WIZ-19229,GLD-10,adept,2026-03-26,
MEM-13987,WIZ-19230,GLD-11,Adept,2024-12-25,
MEM-13988,WIZ-19233,GLD-03,apprentice,2026-04-25,
MEM-13989,WIZ-19234,GLD-08,adept,2026-05-18,
MEM-13990,WIZ-19235,GLD-07,Apprentice,2024-05-30,
MEM-13991,WIZ-19236,GLD-07,Apprentice,2026-06-21,
MEM-13992,WIZ-19238,GLD-06,archmage,2025-03-14,
MEM-13993,WIZ-19239,GLD-05,archmage,2024-01-20,
MEM-13994,WIZ-19240,GLD-10,apprentice,2023-11-13,2024-08-23
MEM-13995,WIZ-19240,GLD-10,adept,2024-08-23,
MEM-13996,WIZ-19243,GLD-03,apprentice,2024-08-25,
MEM-13997,WIZ-19244,GLD-08,Apprentice,2024-06-06,2026-03-13
MEM-13998,WIZ-19244,GLD-08,adept,2026-03-13,
MEM-13999,WIZ-19246,GLD-01,apprentice,2025-05-27,
MEM-14000,WIZ-19248,GLD-12,apprentice,2023-06-22,
MEM-14001,WIZ-19249,GLD-10,archmage,2025-06-15,
MEM-14002,WIZ-19250,GLD-03,adept,2023-10-21,
MEM-14003,WIZ-19251,GLD-09,apprentice,2024-10-29,2025-09-12
MEM-14004,WIZ-19251,GLD-09,Adept,2025-09-12,
MEM-14005,WIZ-19254,GLD-06,apprentice,2025-11-10,
MEM-14006,WIZ-19256,GLD-04,archmage,2024-02-02,
MEM-14007,WIZ-19257,GLD-07,apprentice,2023-12-02,
MEM-14008,WIZ-19258,GLD-09,Adept,2025-01-15,
MEM-14009,WIZ-19259,GLD-07,adept,2025-02-23,
MEM-14010,WIZ-19260,GLD-10,apprentice,2024-06-28,
MEM-14011,WIZ-19261,GLD-02,apprentice,2023-11-15,
MEM-14012,WIZ-19262,GLD-07,Adept,2026-01-02,
MEM-14013,WIZ-19263,GLD-02,apprentice,2026-06-02,
MEM-14014,WIZ-19265,GLD-04,apprentice,2024-08-29,
MEM-14015,WIZ-19267,GLD-12,APPRENTICE,2026-01-11,
MEM-14016,WIZ-19268,GLD-03,apprentice,2023-10-01,
MEM-14017,WIZ-19269,GLD-11,Apprentice,2026-04-25,
MEM-14018,WIZ-19270,GLD-11,Apprentice,2023-11-04,
MEM-14019,WIZ-19271,GLD-11,APPRENTICE,2024-05-01,
MEM-14020,WIZ-19274,GLD-04,apprentice,2024-02-20,
MEM-14021,WIZ-19275,GLD-10,Apprentice,2025-11-23,
MEM-14022,WIZ-19276,GLD-03,APPRENTICE,2024-04-26,
MEM-14023,WIZ-19278,GLD-05,APPRENTICE,2024-09-12,2025-05-29
MEM-14024,WIZ-19278,GLD-05,adept,2025-05-29,
MEM-14025,WIZ-19279,GLD-01,adept,2024-08-12,
MEM-14026,WIZ-19280,GLD-01,Apprentice,2025-07-03,
MEM-14027,WIZ-19281,GLD-03,Apprentice,2024-12-14,2026-05-28
MEM-14028,WIZ-19281,GLD-03,adept,2026-05-28,
MEM-14029,WIZ-19282,GLD-02,archmage,2026-03-26,
MEM-14030,WIZ-19283,GLD-07,archmage,2025-10-12,
MEM-14031,WIZ-19284,GLD-09,apprentice,2025-02-01,
MEM-14032,WIZ-19285,GLD-12,ADEPT,2023-04-29,2023-10-02
MEM-14033,WIZ-19285,GLD-12,archmage,2023-10-02,
MEM-14034,WIZ-19286,GLD-04,adept,2023-09-17,
MEM-14035,WIZ-19288,GLD-12,apprentice,2023-09-05,
MEM-14036,WIZ-19289,GLD-03,archmage,2025-10-14,
MEM-14037,WIZ-19291,GLD-03,apprentice,2026-05-16,
MEM-14038,WIZ-19292,GLD-12,APPRENTICE,2025-11-05,
MEM-14039,WIZ-19293,GLD-06,adept,2025-01-06,
MEM-14040,WIZ-19294,GLD-07,adept,2025-11-19,
MEM-14041,WIZ-19295,GLD-10,ARCHMAGE,2026-06-08,
MEM-14042,WIZ-19297,GLD-09,APPRENTICE,2026-01-11,
MEM-14043,WIZ-19299,GLD-09,adept,2023-12-18,
MEM-14044,WIZ-19300,GLD-10,Adept,2025-11-23,
MEM-14045,WIZ-19302,GLD-03,adept,2026-02-20,
MEM-14046,WIZ-19304,GLD-10,Apprentice,2025-01-07,
MEM-14047,WIZ-19307,GLD-09,apprentice,2026-06-29,
MEM-14048,WIZ-19308,GLD-07,APPRENTICE,2026-03-16,
MEM-14049,WIZ-19313,GLD-10,archmage,2026-05-02,
MEM-14050,WIZ-19314,GLD-03,archmage,2026-05-24,
MEM-14051,WIZ-19315,GLD-05,apprentice,2024-06-23,
MEM-14052,WIZ-19316,GLD-03,apprentice,2024-10-12,
MEM-14053,WIZ-19318,GLD-09,Apprentice,2024-01-28,
MEM-14054,WIZ-19319,GLD-08,archmage,2025-11-29,
MEM-14055,WIZ-19320,GLD-06,APPRENTICE,2023-05-30,
MEM-14056,WIZ-19321,GLD-09,Apprentice,2023-06-26,
MEM-14057,WIZ-19324,GLD-06,apprentice,2025-10-11,
MEM-14058,WIZ-19326,GLD-07,archmage,2024-03-04,
MEM-14059,WIZ-19327,GLD-10,archmage,2026-06-24,
MEM-14060,WIZ-19328,GLD-11,apprentice,2023-07-31,
MEM-14061,WIZ-19329,GLD-10,apprentice,2023-06-28,
MEM-14062,WIZ-19330,GLD-02,adept,2026-06-25,
MEM-14063,WIZ-19331,GLD-02,apprentice,2025-11-29,
MEM-14064,WIZ-19332,GLD-01,Apprentice,2025-04-20,
MEM-14065,WIZ-19333,GLD-09,apprentice,2025-05-01,
MEM-14066,WIZ-19337,GLD-09,ADEPT,2026-06-25,
MEM-14067,WIZ-19342,GLD-05,apprentice,2026-05-09,
MEM-14068,WIZ-19344,GLD-07,apprentice,2023-12-09,2025-06-24
MEM-14069,WIZ-19344,GLD-07,Adept,2025-06-24,
MEM-14070,WIZ-19346,GLD-04,apprentice,2023-12-17,
MEM-14071,WIZ-19347,GLD-11,APPRENTICE,2023-01-22,
MEM-14072,WIZ-19348,GLD-01,apprentice,2024-09-04,
MEM-14073,WIZ-19349,GLD-08,apprentice,2026-02-12,2026-03-30
MEM-14074,WIZ-19349,GLD-08,adept,2026-03-30,
MEM-14075,WIZ-19350,GLD-07,adept,2023-02-21,
MEM-14076,WIZ-19351,GLD-04,Adept,2024-07-02,
MEM-14077,WIZ-19352,GLD-05,apprentice,2026-05-19,
MEM-14078,WIZ-19353,GLD-04,apprentice,2025-10-31,2026-01-21
MEM-14079,WIZ-19353,GLD-04,adept,2026-01-21,
MEM-14080,WIZ-19354,GLD-07,adept,2026-06-24,
MEM-14081,WIZ-19356,GLD-10,apprentice,2023-03-16,
MEM-14082,WIZ-19357,GLD-04,apprentice,2023-08-08,2024-06-20
MEM-14083,WIZ-19357,GLD-04,Adept,2024-06-20,
MEM-14084,WIZ-19359,GLD-06,apprentice,2025-07-12,
MEM-14085,WIZ-19360,GLD-04,APPRENTICE,2025-06-21,
MEM-14086,WIZ-19361,GLD-11,apprentice,2023-12-13,
MEM-14087,WIZ-19362,GLD-06,Apprentice,2025-04-02,
MEM-14088,WIZ-19364,GLD-02,Apprentice,2026-01-03,
MEM-14089,WIZ-19368,GLD-11,apprentice,2024-03-12,
MEM-14090,WIZ-19369,GLD-05,archmage,2024-05-28,
MEM-14091,WIZ-19370,GLD-06,apprentice,2025-06-22,
MEM-14092,WIZ-19371,GLD-12,adept,2024-02-15,
MEM-14093,WIZ-19373,GLD-09,adept,2024-07-21,2024-11-16
MEM-14094,WIZ-19373,GLD-09,archmage,2024-11-16,
MEM-14095,WIZ-19374,GLD-07,apprentice,2025-01-10,
MEM-14096,WIZ-19375,GLD-11,archmage,2024-07-21,
MEM-14097,WIZ-19376,GLD-09,apprentice,2023-12-29,
MEM-14098,WIZ-19377,GLD-07,APPRENTICE,2024-01-03,
MEM-14099,WIZ-19378,GLD-04,Apprentice,2026-03-21,
MEM-14100,WIZ-19379,GLD-04,archmage,2025-09-23,
MEM-14101,WIZ-19380,GLD-01,archmage,2026-06-11,
MEM-14102,WIZ-19381,GLD-06,apprentice,2025-03-16,
MEM-14103,WIZ-19385,GLD-05,apprentice,2025-08-27,
MEM-14104,WIZ-19387,GLD-05,adept,2025-09-08,2026-01-14
MEM-14105,WIZ-19387,GLD-05,archmage,2026-01-14,
MEM-14106,WIZ-19389,GLD-08,adept,2023-07-31,
MEM-14107,WIZ-19390,GLD-10,apprentice,2026-05-03,
MEM-14108,WIZ-19393,GLD-11,archmage,2025-10-26,
MEM-14109,WIZ-19395,GLD-02,adept,2026-05-23,
MEM-14110,WIZ-19396,GLD-06,adept,2024-02-08,
MEM-14111,WIZ-19397,GLD-06,Apprentice,2025-04-21,
MEM-14112,WIZ-19398,GLD-10,Adept,2026-04-23,
MEM-14113,WIZ-19399,GLD-09,apprentice,2025-12-19,
MEM-14114,WIZ-19400,GLD-12,apprentice,2026-05-08,
MEM-14115,WIZ-19401,GLD-07,apprentice,2026-04-05,
MEM-14116,WIZ-19403,GLD-10,Apprentice,2025-12-08,
MEM-14117,WIZ-19405,GLD-04,apprentice,2024-07-24,
MEM-14118,WIZ-19407,GLD-10,Apprentice,2023-12-20,2025-08-19
MEM-14119,WIZ-19407,GLD-10,adept,2025-08-19,
MEM-14120,WIZ-19408,GLD-03,apprentice,2026-06-30,
MEM-14121,WIZ-19409,GLD-07,apprentice,2026-01-19,
MEM-14122,WIZ-19413,GLD-03,apprentice,2025-05-18,
MEM-14123,WIZ-19414,GLD-01,Adept,2024-10-18,
MEM-14124,WIZ-19415,GLD-12,apprentice,2024-10-18,
MEM-14125,WIZ-19416,GLD-08,adept,2024-02-02,
MEM-14126,WIZ-19417,GLD-05,Apprentice,2024-04-04,
MEM-14127,WIZ-19419,GLD-12,Apprentice,2023-08-26,
MEM-14128,WIZ-19420,GLD-05,archmage,2024-09-12,
MEM-14129,WIZ-19421,GLD-06,apprentice,2023-05-20,2024-05-22
MEM-14130,WIZ-19421,GLD-06,adept,2024-05-22,
MEM-14131,WIZ-19422,GLD-07,adept,2025-12-19,
MEM-14132,WIZ-19423,GLD-01,apprentice,2025-05-18,
MEM-14133,WIZ-19425,GLD-09,apprentice,2026-06-27,
MEM-14134,WIZ-19428,GLD-01,Apprentice,2026-04-16,
MEM-14135,WIZ-19429,GLD-05,apprentice,2024-01-13,
MEM-14136,WIZ-19433,GLD-10,Adept,2026-02-10,
MEM-14137,WIZ-19437,GLD-03,apprentice,2024-12-08,
MEM-14138,WIZ-19438,GLD-02,apprentice,2023-11-19,2025-08-22
MEM-14139,WIZ-19438,GLD-02,Adept,2025-08-22,
MEM-14140,WIZ-19440,GLD-07,adept,2024-06-10,
MEM-14141,WIZ-19441,GLD-02,APPRENTICE,2024-12-26,
MEM-14142,WIZ-19443,GLD-02,apprentice,2025-10-13,2025-12-03
MEM-14143,WIZ-19443,GLD-02,Adept,2025-12-03,
MEM-14144,WIZ-19445,GLD-10,apprentice,2026-05-29,
MEM-14145,WIZ-19446,GLD-05,adept,2024-05-18,
MEM-14146,WIZ-19447,GLD-10,Apprentice,2024-08-22,
MEM-14147,WIZ-19448,GLD-02,adept,2026-06-08,
MEM-14148,WIZ-19449,GLD-08,apprentice,2026-02-10,
MEM-14149,WIZ-19450,GLD-04,adept,2024-01-18,
MEM-14150,WIZ-19451,GLD-08,Apprentice,2026-04-18,
MEM-14151,WIZ-19452,GLD-12,adept,2024-08-10,2025-06-04
MEM-14152,WIZ-19452,GLD-12,archmage,2025-06-04,
MEM-14153,WIZ-19458,GLD-11,ADEPT,2026-06-17,
MEM-14154,WIZ-19459,GLD-03,apprentice,2024-03-29,
MEM-14155,WIZ-19461,GLD-04,apprentice,2024-10-02,
MEM-14156,WIZ-19462,GLD-03,apprentice,2024-02-26,
MEM-14157,WIZ-19463,GLD-11,adept,2026-02-15,
MEM-14158,WIZ-19464,GLD-04,apprentice,2025-01-19,
MEM-14159,WIZ-19466,GLD-06,Apprentice,2026-04-05,
MEM-14160,WIZ-19467,GLD-02,apprentice,2026-06-22,
MEM-14161,WIZ-19468,GLD-02,archmage,2023-12-30,
MEM-14162,WIZ-19470,GLD-06,archmage,2025-07-11,
MEM-14163,WIZ-19471,GLD-06,adept,2024-12-02,2025-12-09
MEM-14164,WIZ-19471,GLD-06,archmage,2025-12-09,
MEM-14165,WIZ-19472,GLD-04,apprentice,2024-07-28,
MEM-14166,WIZ-19477,GLD-08,ADEPT,2025-11-10,
MEM-14167,WIZ-19478,GLD-02,apprentice,2025-05-29,2025-08-16
MEM-14168,WIZ-19478,GLD-02,adept,2025-08-16,
MEM-14169,WIZ-19480,GLD-01,apprentice,2024-01-05,
MEM-14170,WIZ-19482,GLD-02,apprentice,2023-11-17,
MEM-14171,WIZ-19483,GLD-04,archmage,2024-12-10,
MEM-14172,WIZ-19485,GLD-11,adept,2023-11-24,
MEM-14173,WIZ-19491,GLD-06,apprentice,2026-06-17,
MEM-14174,WIZ-19493,GLD-06,apprentice,2023-07-29,
MEM-14175,WIZ-19495,GLD-06,apprentice,2025-06-17,
MEM-14176,WIZ-19496,GLD-05,Adept,2026-04-08,
MEM-14177,WIZ-19497,GLD-12,apprentice,2025-10-18,
MEM-14178,WIZ-19501,GLD-08,apprentice,2024-01-12,
MEM-14179,WIZ-19502,GLD-08,adept,2025-04-15,
MEM-14180,WIZ-19503,GLD-06,APPRENTICE,2025-08-13,
MEM-14181,WIZ-19504,GLD-12,adept,2023-10-31,
MEM-14182,WIZ-19505,GLD-04,Apprentice,2026-01-02,
MEM-14183,WIZ-19509,GLD-12,adept,2024-09-16,
MEM-14184,WIZ-19510,GLD-08,adept,2025-12-14,
MEM-14185,WIZ-19511,GLD-07,APPRENTICE,2025-10-20,
MEM-14186,WIZ-19512,GLD-04,APPRENTICE,2024-06-22,2025-11-03
MEM-14187,WIZ-19512,GLD-04,adept,2025-11-03,
MEM-14188,WIZ-19514,GLD-04,apprentice,2025-09-12,2025-12-08
MEM-14189,WIZ-19514,GLD-04,Adept,2025-12-08,
MEM-14190,WIZ-19516,GLD-03,apprentice,2026-01-14,
MEM-14191,WIZ-19517,GLD-05,adept,2026-06-30,
MEM-14192,WIZ-19519,GLD-08,APPRENTICE,2024-06-16,
MEM-14193,WIZ-19521,GLD-05,apprentice,2024-09-13,
MEM-14194,WIZ-19522,GLD-01,apprentice,2023-03-28,
MEM-14195,WIZ-19523,GLD-03,apprentice,2025-06-14,
MEM-14196,WIZ-19524,GLD-06,Apprentice,2024-06-08,2025-05-20
MEM-14197,WIZ-19524,GLD-06,adept,2025-05-20,
MEM-14198,WIZ-19526,GLD-12,Apprentice,2024-09-04,
MEM-14199,WIZ-19527,GLD-04,Apprentice,2026-05-11,
MEM-14200,WIZ-19528,GLD-03,Apprentice,2023-12-20,2025-10-24
MEM-14201,WIZ-19528,GLD-03,Adept,2025-10-24,
MEM-14202,WIZ-19531,GLD-02,apprentice,2025-08-26,
MEM-14203,WIZ-19532,GLD-02,apprentice,2024-05-04,
MEM-14204,WIZ-19533,GLD-09,Adept,2026-01-21,
MEM-14205,WIZ-19535,GLD-09,apprentice,2024-12-12,
MEM-14206,WIZ-19536,GLD-06,Archmage,2026-04-15,
MEM-14207,WIZ-19537,GLD-04,APPRENTICE,2025-09-17,
MEM-14208,WIZ-19541,GLD-06,APPRENTICE,2025-11-06,
MEM-14209,WIZ-19543,GLD-12,APPRENTICE,2026-06-03,
MEM-14210,WIZ-19544,GLD-09,Apprentice,2024-08-22,
MEM-14211,WIZ-19545,GLD-12,archmage,2025-04-19,
MEM-14212,WIZ-19548,GLD-01,ADEPT,2024-11-09,
MEM-14213,WIZ-19549,GLD-03,archmage,2025-05-31,
MEM-14214,WIZ-19550,GLD-12,apprentice,2025-08-23,
MEM-14215,WIZ-19551,GLD-02,archmage,2026-06-14,
MEM-14216,WIZ-19553,GLD-05,apprentice,2025-10-28,2026-01-24
MEM-14217,WIZ-19553,GLD-05,adept,2026-01-24,
MEM-14218,WIZ-19554,GLD-11,adept,2026-02-08,
MEM-14219,WIZ-19555,GLD-10,apprentice,2025-11-19,
MEM-14220,WIZ-19556,GLD-11,adept,2026-04-04,
MEM-14221,WIZ-19558,GLD-01,apprentice,2025-07-23,
MEM-14222,WIZ-19559,GLD-10,apprentice,2023-08-19,
MEM-14223,WIZ-19560,GLD-12,adept,2024-06-05,
MEM-14224,WIZ-19561,GLD-02,archmage,2026-03-15,
MEM-14225,WIZ-19562,GLD-01,apprentice,2025-10-11,2026-01-19
MEM-14226,WIZ-19562,GLD-01,adept,2026-01-19,
MEM-14227,WIZ-19563,GLD-07,apprentice,2024-04-14,
MEM-14228,WIZ-19564,GLD-07,archmage,2023-04-21,
MEM-14229,WIZ-19565,GLD-07,APPRENTICE,2024-08-18,
MEM-14230,WIZ-19566,GLD-05,apprentice,2026-05-29,
MEM-14231,WIZ-19567,GLD-10,APPRENTICE,2023-05-16,2024-12-24
MEM-14232,WIZ-19567,GLD-10,adept,2024-12-24,
MEM-14233,WIZ-19568,GLD-06,Apprentice,2023-01-13,2023-08-28
MEM-14234,WIZ-19568,GLD-06,ADEPT,2023-08-28,
MEM-14235,WIZ-19572,GLD-05,adept,2024-06-18,2026-05-14
MEM-14236,WIZ-19572,GLD-05,archmage,2026-05-14,
MEM-14237,WIZ-19573,GLD-07,archmage,2026-05-05,
MEM-14238,WIZ-19574,GLD-08,Adept,2025-12-09,
MEM-14239,WIZ-19575,GLD-09,apprentice,2026-02-09,
MEM-14240,WIZ-19576,GLD-07,APPRENTICE,2026-03-06,2026-05-01
MEM-14241,WIZ-19576,GLD-07,adept,2026-05-01,
MEM-14242,WIZ-19577,GLD-04,archmage,2025-10-10,
MEM-14243,WIZ-19578,GLD-01,ADEPT,2025-07-18,
MEM-14244,WIZ-19579,GLD-11,adept,2024-01-07,
MEM-14245,WIZ-19580,GLD-09,apprentice,2023-07-12,
MEM-14246,WIZ-19583,GLD-08,apprentice,2024-12-22,
MEM-14247,WIZ-19584,GLD-11,apprentice,2025-04-22,
MEM-14248,WIZ-19585,GLD-04,Apprentice,2025-09-29,
MEM-14249,WIZ-19586,GLD-11,apprentice,2026-02-04,
MEM-14250,WIZ-19587,GLD-06,Apprentice,2024-12-14,
MEM-14251,WIZ-19589,GLD-03,apprentice,2026-06-07,
MEM-14252,WIZ-19590,GLD-03,adept,2023-08-08,
MEM-14253,WIZ-19591,GLD-01,apprentice,2026-05-23,
MEM-14254,WIZ-19592,GLD-10,apprentice,2026-01-13,2026-02-25
MEM-14255,WIZ-19592,GLD-10,ADEPT,2026-02-25,
MEM-14256,WIZ-19593,GLD-08,Apprentice,2026-02-19,2026-06-30
MEM-14257,WIZ-19593,GLD-08,adept,2026-06-30,
MEM-14258,WIZ-19595,GLD-08,APPRENTICE,2026-06-28,
MEM-14259,WIZ-19598,GLD-07,apprentice,2024-05-21,
MEM-14260,WIZ-19599,GLD-11,apprentice,2026-01-22,
MEM-14261,WIZ-19600,GLD-07,apprentice,2026-03-24,
MEM-14262,WIZ-19601,GLD-03,apprentice,2025-04-15,
MEM-14263,WIZ-19604,GLD-07,Apprentice,2024-08-19,
MEM-14264,WIZ-19605,GLD-12,apprentice,2026-01-19,
MEM-14265,WIZ-19606,GLD-02,apprentice,2026-05-27,
MEM-14266,WIZ-19607,GLD-08,apprentice,2026-03-19,
MEM-14267,WIZ-19608,GLD-07,APPRENTICE,2026-06-09,
MEM-14268,WIZ-19610,GLD-11,ADEPT,2024-07-18,
MEM-14269,WIZ-19612,GLD-04,Apprentice,2025-02-17,
MEM-14270,WIZ-19613,GLD-05,archmage,2023-06-30,
MEM-14271,WIZ-19615,GLD-03,apprentice,2026-06-25,
MEM-14272,WIZ-19616,GLD-07,APPRENTICE,2025-12-16,
MEM-14273,WIZ-19618,GLD-10,Adept,2026-03-09,2026-05-19
MEM-14274,WIZ-19618,GLD-10,Archmage,2026-05-19,
MEM-14275,WIZ-19619,GLD-05,Apprentice,2024-05-06,
MEM-14276,WIZ-19620,GLD-12,apprentice,2026-06-16,
MEM-14277,WIZ-19623,GLD-12,apprentice,2025-11-18,
MEM-14278,WIZ-19624,GLD-08,Apprentice,2026-06-08,
MEM-14279,WIZ-19625,GLD-10,apprentice,2025-12-31,
MEM-14280,WIZ-19626,GLD-11,apprentice,2025-12-11,
MEM-14281,WIZ-19627,GLD-12,apprentice,2026-05-14,
MEM-14282,WIZ-19630,GLD-05,adept,2024-08-15,
MEM-14283,WIZ-19631,GLD-05,apprentice,2024-11-26,
MEM-14284,WIZ-19632,GLD-04,adept,2023-08-27,
MEM-14285,WIZ-19633,GLD-11,apprentice,2024-06-22,
MEM-14286,WIZ-19635,GLD-08,Apprentice,2026-05-03,
MEM-14287,WIZ-19643,GLD-02,apprentice,2024-01-14,
MEM-14288,WIZ-19644,GLD-02,apprentice,2023-10-19,
MEM-14289,WIZ-19646,GLD-04,apprentice,2026-04-30,
MEM-14290,WIZ-19648,GLD-08,adept,2026-01-30,
MEM-14291,WIZ-19651,GLD-06,Apprentice,2026-06-25,
MEM-14292,WIZ-19652,GLD-06,apprentice,2026-04-30,
MEM-14293,WIZ-19653,GLD-03,ADEPT,2024-10-19,
MEM-14294,WIZ-19654,GLD-01,APPRENTICE,2025-02-17,
MEM-14295,WIZ-19655,GLD-03,apprentice,2024-05-28,
MEM-14296,WIZ-19659,GLD-02,apprentice,2026-06-20,
MEM-14297,WIZ-19662,GLD-04,adept,2026-06-13,
MEM-14298,WIZ-19665,GLD-11,apprentice,2025-10-19,
MEM-14299,WIZ-19666,GLD-06,Adept,2024-07-15,
MEM-14300,WIZ-19667,GLD-05,adept,2024-05-08,
MEM-14301,WIZ-19669,GLD-05,adept,2024-10-20,
MEM-14302,WIZ-19670,GLD-01,ADEPT,2023-09-27,
MEM-14303,WIZ-19673,GLD-07,apprentice,2024-07-08,2026-02-13
MEM-14304,WIZ-19673,GLD-07,adept,2026-02-13,
MEM-14305,WIZ-19674,GLD-02,apprentice,2024-07-08,2025-12-06
MEM-14306,WIZ-19674,GLD-02,adept,2025-12-06,
MEM-14307,WIZ-19675,GLD-10,Adept,2026-06-18,
MEM-14308,WIZ-19677,GLD-02,Adept,2025-12-02,
MEM-14309,WIZ-19678,GLD-03,apprentice,2023-11-10,
MEM-14310,WIZ-19679,GLD-09,apprentice,2025-04-30,
MEM-14311,WIZ-19682,GLD-03,adept,2024-10-28,2026-01-02
MEM-14312,WIZ-19682,GLD-03,archmage,2026-01-02,
MEM-14313,WIZ-19684,GLD-10,apprentice,2025-07-29,
MEM-14314,WIZ-19686,GLD-07,apprentice,2025-05-17,
MEM-14315,WIZ-19687,GLD-11,apprentice,2024-12-07,
MEM-14316,WIZ-19688,GLD-04,APPRENTICE,2024-03-21,
MEM-14317,WIZ-19690,GLD-08,Adept,2025-04-01,
MEM-14318,WIZ-19692,GLD-04,Apprentice,2023-05-15,
MEM-14319,WIZ-19693,GLD-03,archmage,2024-07-15,
MEM-14320,WIZ-19695,GLD-05,archmage,2026-06-15,
MEM-14321,WIZ-19696,GLD-01,Apprentice,2024-07-15,
MEM-14322,WIZ-19697,GLD-04,adept,2026-03-09,
MEM-14323,WIZ-19699,GLD-10,apprentice,2025-07-16,
MEM-14324,WIZ-19700,GLD-09,apprentice,2026-06-16,
MEM-14325,WIZ-19701,GLD-10,apprentice,2024-09-11,
MEM-14326,WIZ-19702,GLD-03,Apprentice,2026-04-04,
MEM-14327,WIZ-19704,GLD-12,apprentice,2024-05-19,
MEM-14328,WIZ-19705,GLD-08,adept,2025-08-06,
MEM-14329,WIZ-19706,GLD-11,apprentice,2025-12-21,
MEM-14330,WIZ-19709,GLD-12,apprentice,2023-07-09,
MEM-14331,WIZ-19711,GLD-11,adept,2026-05-03,
MEM-14332,WIZ-19712,GLD-04,Apprentice,2024-03-19,
MEM-14333,WIZ-19713,GLD-07,apprentice,2025-10-01,
MEM-14334,WIZ-19714,GLD-01,adept,2024-04-21,
MEM-14335,WIZ-19717,GLD-03,apprentice,2026-03-17,
MEM-14336,WIZ-19718,GLD-02,apprentice,2026-06-06,
MEM-14337,WIZ-19719,GLD-04,apprentice,2025-01-30,
MEM-14338,WIZ-19721,GLD-11,apprentice,2026-03-30,2026-06-05
MEM-14339,WIZ-19721,GLD-11,ADEPT,2026-06-05,
MEM-14340,WIZ-19722,GLD-02,archmage,2023-08-17,
MEM-14341,WIZ-19723,GLD-06,archmage,2025-11-21,
MEM-14342,WIZ-19725,GLD-03,archmage,2025-10-15,
MEM-14343,WIZ-19726,GLD-03,apprentice,2023-09-20,
MEM-14344,WIZ-19727,GLD-04,adept,2024-06-11,
MEM-14345,WIZ-19728,GLD-02,apprentice,2025-01-10,
MEM-14346,WIZ-19730,GLD-06,adept,2026-06-17,
MEM-14347,WIZ-19732,GLD-02,ADEPT,2023-06-03,
MEM-14348,WIZ-19733,GLD-02,apprentice,2025-07-08,
MEM-14349,WIZ-19735,GLD-01,adept,2025-08-24,
MEM-14350,WIZ-19736,GLD-08,Apprentice,2025-06-07,
MEM-14351,WIZ-19738,GLD-01,apprentice,2026-03-08,2026-04-15
MEM-14352,WIZ-19738,GLD-01,adept,2026-04-15,
MEM-14353,WIZ-19741,GLD-08,apprentice,2026-06-08,
MEM-14354,WIZ-19742,GLD-11,adept,2025-02-08,2025-07-17
MEM-14355,WIZ-19742,GLD-11,ARCHMAGE,2025-07-17,
MEM-14356,WIZ-19743,GLD-02,apprentice,2024-02-09,2024-08-01
MEM-14357,WIZ-19743,GLD-02,adept,2024-08-01,
MEM-14358,WIZ-19744,GLD-09,apprentice,2026-04-17,
MEM-14359,WIZ-19746,GLD-02,Apprentice,2026-05-09,
MEM-14360,WIZ-19747,GLD-11,adept,2026-04-29,
MEM-14361,WIZ-19750,GLD-01,Apprentice,2026-06-22,
MEM-14362,WIZ-19752,GLD-04,apprentice,2026-02-27,
MEM-14363,WIZ-19753,GLD-03,apprentice,2026-04-13,
MEM-14364,WIZ-19754,GLD-03,apprentice,2025-06-07,
MEM-14365,WIZ-19755,GLD-04,apprentice,2024-10-03,
MEM-14366,WIZ-19756,GLD-09,apprentice,2024-08-25,
MEM-14367,WIZ-19757,GLD-06,archmage,2025-12-01,
MEM-14368,WIZ-19758,GLD-07,apprentice,2025-03-13,
MEM-14369,WIZ-19760,GLD-05,adept,2025-07-28,2025-11-16
MEM-14370,WIZ-19760,GLD-05,Archmage,2025-11-16,
MEM-14371,WIZ-19761,GLD-10,apprentice,2023-07-01,
MEM-14372,WIZ-19762,GLD-11,Adept,2026-05-17,
MEM-14373,WIZ-19764,GLD-02,apprentice,2026-04-11,
MEM-14374,WIZ-19765,GLD-08,Apprentice,2025-05-04,
MEM-14375,WIZ-19766,GLD-09,apprentice,2026-05-26,
MEM-14376,WIZ-19767,GLD-11,apprentice,2024-02-09,
MEM-14377,WIZ-19769,GLD-05,APPRENTICE,2023-08-29,
MEM-14378,WIZ-19771,GLD-07,Apprentice,2025-02-10,
MEM-14379,WIZ-19774,GLD-11,apprentice,2023-10-30,
MEM-14380,WIZ-19776,GLD-04,adept,2024-12-08,
MEM-14381,WIZ-19778,GLD-11,apprentice,2026-06-12,
MEM-14382,WIZ-19780,GLD-04,apprentice,2024-11-12,
MEM-14383,WIZ-19782,GLD-02,archmage,2023-12-17,
MEM-14384,WIZ-19785,GLD-12,APPRENTICE,2026-04-15,
MEM-14385,WIZ-19786,GLD-04,Apprentice,2026-03-11,2026-06-29
MEM-14386,WIZ-19786,GLD-04,adept,2026-06-29,
MEM-14387,WIZ-19787,GLD-05,apprentice,2024-03-09,2025-12-08
MEM-14388,WIZ-19787,GLD-05,adept,2025-12-08,
MEM-14389,WIZ-19788,GLD-08,Apprentice,2024-10-27,
MEM-14390,WIZ-19789,GLD-05,apprentice,2026-04-30,2026-06-04
MEM-14391,WIZ-19789,GLD-05,adept,2026-06-04,
MEM-14392,WIZ-19790,GLD-08,apprentice,2025-02-23,
MEM-14393,WIZ-19793,GLD-12,apprentice,2025-12-25,
MEM-14394,WIZ-19794,GLD-04,apprentice,2024-01-13,2024-09-15
MEM-14395,WIZ-19794,GLD-04,adept,2024-09-15,
MEM-14396,WIZ-19795,GLD-01,apprentice,2023-06-18,
MEM-14397,WIZ-19797,GLD-06,adept,2025-03-24,
MEM-14398,WIZ-19798,GLD-02,apprentice,2025-06-20,
MEM-14399,WIZ-19799,GLD-09,apprentice,2025-02-09,
MEM-14400,WIZ-19800,GLD-11,adept,2025-05-07,
MEM-14401,WIZ-19802,GLD-10,apprentice,2025-03-04,2026-02-22
MEM-14402,WIZ-19802,GLD-10,Adept,2026-02-22,
MEM-14403,WIZ-19803,GLD-07,apprentice,2024-04-17,
MEM-14404,WIZ-19804,GLD-12,apprentice,2023-08-03,
MEM-14405,WIZ-19805,GLD-08,archmage,2025-07-30,
MEM-14406,WIZ-19807,GLD-03,adept,2026-05-27,
MEM-14407,WIZ-19808,GLD-12,APPRENTICE,2025-07-02,
MEM-14408,WIZ-19810,GLD-04,apprentice,2026-02-13,
MEM-14409,WIZ-19811,GLD-05,archmage,2025-04-22,
MEM-14410,WIZ-19812,GLD-08,ADEPT,2026-04-13,
MEM-14411,WIZ-19813,GLD-10,ADEPT,2025-07-16,
MEM-14412,WIZ-19815,GLD-08,APPRENTICE,2023-10-02,
MEM-14413,WIZ-19816,GLD-08,adept,2024-06-12,
MEM-14414,WIZ-19817,GLD-01,apprentice,2023-11-11,
MEM-14415,WIZ-19818,GLD-12,apprentice,2024-08-16,
MEM-14416,WIZ-19822,GLD-06,apprentice,2024-12-05,
MEM-14417,WIZ-19823,GLD-02,apprentice,2025-10-08,
MEM-14418,WIZ-19824,GLD-07,apprentice,2025-10-21,
MEM-14419,WIZ-19827,GLD-04,apprentice,2024-03-11,
MEM-14420,WIZ-19829,GLD-02,apprentice,2026-06-04,
MEM-14421,WIZ-19830,GLD-05,adept,2024-12-24,
MEM-14422,WIZ-19831,GLD-08,apprentice,2026-06-15,
MEM-14423,WIZ-19832,GLD-11,adept,2024-08-25,
MEM-14424,WIZ-19833,GLD-05,apprentice,2024-10-15,
MEM-14425,WIZ-19834,GLD-03,adept,2024-10-08,
MEM-14426,WIZ-19839,GLD-11,apprentice,2026-06-04,
MEM-14427,WIZ-19840,GLD-06,Apprentice,2026-06-29,
MEM-14428,WIZ-19841,GLD-06,ARCHMAGE,2023-05-20,
MEM-14429,WIZ-19842,GLD-01,apprentice,2026-06-10,
MEM-14430,WIZ-19843,GLD-07,apprentice,2025-10-20,
MEM-14431,WIZ-19844,GLD-12,apprentice,2026-06-22,
MEM-14432,WIZ-19846,GLD-02,apprentice,2024-03-17,
MEM-14433,WIZ-19847,GLD-02,apprentice,2024-02-04,
MEM-14434,WIZ-19848,GLD-08,apprentice,2025-05-26,2025-06-26
MEM-14435,WIZ-19848,GLD-08,adept,2025-06-26,
MEM-14436,WIZ-19849,GLD-06,adept,2023-07-06,
MEM-14437,WIZ-19850,GLD-07,adept,2026-05-26,
MEM-14438,WIZ-19855,GLD-06,apprentice,2026-04-23,
MEM-14439,WIZ-19857,GLD-12,adept,2024-12-22,
MEM-14440,WIZ-19858,GLD-02,Apprentice,2026-06-28,
MEM-14441,WIZ-19859,GLD-09,adept,2026-02-28,
MEM-14442,WIZ-19860,GLD-05,apprentice,2025-07-18,2026-02-23
MEM-14443,WIZ-19860,GLD-05,adept,2026-02-23,
MEM-14444,WIZ-19864,GLD-10,apprentice,2025-03-21,
MEM-14445,WIZ-19865,GLD-08,adept,2023-11-16,
MEM-14446,WIZ-19866,GLD-04,Archmage,2025-11-27,
MEM-14447,WIZ-19867,GLD-02,adept,2025-12-16,2026-05-22
MEM-14448,WIZ-19867,GLD-02,ARCHMAGE,2026-05-22,
MEM-14449,WIZ-19868,GLD-08,ADEPT,2026-06-05,
MEM-14450,WIZ-19869,GLD-04,apprentice,2026-01-26,
MEM-14451,WIZ-19870,GLD-10,Apprentice,2024-05-05,2025-11-05
MEM-14452,WIZ-19870,GLD-10,adept,2025-11-05,
MEM-14453,WIZ-19874,GLD-04,APPRENTICE,2023-02-11,
MEM-14454,WIZ-19875,GLD-02,Apprentice,2025-09-23,
MEM-14455,WIZ-19876,GLD-12,apprentice,2025-03-04,
MEM-14456,WIZ-19877,GLD-09,adept,2024-01-08,
MEM-14457,WIZ-19878,GLD-05,adept,2025-09-04,
MEM-14458,WIZ-19881,GLD-11,adept,2025-06-07,
MEM-14459,WIZ-19882,GLD-03,adept,2024-03-16,2025-11-15
MEM-14460,WIZ-19882,GLD-03,archmage,2025-11-15,
MEM-14461,WIZ-19883,GLD-12,apprentice,2023-11-12,
MEM-14462,WIZ-19884,GLD-11,Apprentice,2025-09-24,
MEM-14463,WIZ-19886,GLD-06,apprentice,2026-06-09,
MEM-14464,WIZ-19887,GLD-11,APPRENTICE,2024-10-12,
MEM-14465,WIZ-19888,GLD-04,apprentice,2026-06-16,
MEM-14466,WIZ-19889,GLD-09,adept,2025-10-08,
MEM-14467,WIZ-19890,GLD-03,archmage,2026-04-27,
MEM-14468,WIZ-19891,GLD-12,apprentice,2025-03-08,2025-06-28
MEM-14469,WIZ-19891,GLD-12,adept,2025-06-28,
MEM-14470,WIZ-19892,GLD-03,apprentice,2024-06-15,
MEM-14471,WIZ-19895,GLD-01,apprentice,2024-01-11,
MEM-14472,WIZ-19896,GLD-06,apprentice,2026-03-03,
MEM-14473,WIZ-19897,GLD-04,Apprentice,2026-03-22,
MEM-14474,WIZ-19899,GLD-05,apprentice,2026-03-05,
MEM-14475,WIZ-19900,GLD-11,adept,2025-11-29,2026-05-23
MEM-14476,WIZ-19900,GLD-11,archmage,2026-05-23,
MEM-14477,WIZ-19901,GLD-04,apprentice,2023-09-09,
MEM-14478,WIZ-19902,GLD-08,APPRENTICE,2026-06-28,
MEM-14479,WIZ-19904,GLD-05,adept,2025-04-24,
MEM-14480,WIZ-19905,GLD-06,apprentice,2025-03-06,
MEM-14481,WIZ-19906,GLD-04,adept,2026-05-08,
MEM-14482,WIZ-19908,GLD-01,Apprentice,2024-07-20,
MEM-14483,WIZ-19911,GLD-02,apprentice,2025-07-08,2026-04-21
MEM-14484,WIZ-19911,GLD-02,adept,2026-04-21,
MEM-14485,WIZ-19913,GLD-08,archmage,2023-11-30,
MEM-14486,WIZ-19916,GLD-03,apprentice,2025-01-27,2026-01-22
MEM-14487,WIZ-19916,GLD-03,adept,2026-01-22,
MEM-14488,WIZ-19918,GLD-12,ADEPT,2025-03-23,2025-06-01
MEM-14489,WIZ-19918,GLD-12,archmage,2025-06-01,
MEM-14490,WIZ-19919,GLD-04,Apprentice,2024-01-25,
MEM-14491,WIZ-19921,GLD-01,Apprentice,2025-03-14,2025-10-11
MEM-14492,WIZ-19921,GLD-01,Adept,2025-10-11,
MEM-14493,WIZ-19922,GLD-09,Adept,2025-02-15,
MEM-14494,WIZ-19924,GLD-01,apprentice,2025-08-10,
MEM-14495,WIZ-19925,GLD-12,adept,2025-10-04,
MEM-14496,WIZ-19927,GLD-01,apprentice,2024-04-06,2024-10-06
MEM-14497,WIZ-19927,GLD-01,Adept,2024-10-06,
MEM-14498,WIZ-19928,GLD-06,apprentice,2024-01-25,
MEM-14499,WIZ-19929,GLD-11,Archmage,2026-03-16,
MEM-14500,WIZ-19931,GLD-10,APPRENTICE,2026-01-10,
MEM-14501,WIZ-19933,GLD-09,APPRENTICE,2025-11-15,
MEM-14502,WIZ-19934,GLD-02,Adept,2025-11-23,2026-05-18
MEM-14503,WIZ-19934,GLD-02,archmage,2026-05-18,
MEM-14504,WIZ-19935,GLD-12,adept,2026-05-21,
MEM-14505,WIZ-19936,GLD-03,adept,2024-01-20,
MEM-14506,WIZ-19938,GLD-02,apprentice,2024-04-25,
MEM-14507,WIZ-19939,GLD-04,Adept,2024-11-27,
MEM-14508,WIZ-19940,GLD-10,apprentice,2026-06-29,
MEM-14509,WIZ-19941,GLD-10,apprentice,2026-03-24,
MEM-14510,WIZ-19942,GLD-09,Apprentice,2025-10-31,
MEM-14511,WIZ-19945,GLD-02,apprentice,2025-12-12,
MEM-14512,WIZ-19947,GLD-08,adept,2026-06-05,
MEM-14513,WIZ-19948,GLD-05,APPRENTICE,2025-09-15,
MEM-14514,WIZ-19949,GLD-11,apprentice,2026-04-04,
MEM-14515,WIZ-19950,GLD-05,Adept,2025-08-19,
MEM-14516,WIZ-19951,GLD-11,adept,2026-05-04,
MEM-14517,WIZ-19952,GLD-01,ARCHMAGE,2026-06-05,
MEM-14518,WIZ-19953,GLD-08,apprentice,2026-06-16,
MEM-14519,WIZ-19954,GLD-01,apprentice,2024-09-13,
MEM-14520,WIZ-19957,GLD-08,apprentice,2025-05-04,
MEM-14521,WIZ-19958,GLD-03,adept,2023-10-02,2023-12-28
MEM-14522,WIZ-19958,GLD-03,archmage,2023-12-28,
MEM-14523,WIZ-19961,GLD-04,ADEPT,2025-04-19,
MEM-14524,WIZ-19962,GLD-11,apprentice,2025-11-20,
MEM-14525,WIZ-19963,GLD-05,adept,2023-05-21,
MEM-14526,WIZ-19964,GLD-11,apprentice,2024-08-15,
MEM-14527,WIZ-19966,GLD-09,Adept,2024-11-14,
MEM-14528,WIZ-19969,GLD-11,apprentice,2025-11-07,
MEM-14529,WIZ-19971,GLD-11,archmage,2023-12-21,
MEM-14530,WIZ-19973,GLD-10,apprentice,2025-12-06,
MEM-14531,WIZ-19974,GLD-10,APPRENTICE,2023-05-09,
MEM-14532,WIZ-19975,GLD-11,APPRENTICE,2026-02-13,
MEM-14533,WIZ-19976,GLD-06,apprentice,2026-04-12,
MEM-14534,WIZ-19978,GLD-03,apprentice,2024-10-31,
MEM-14535,WIZ-19979,GLD-05,apprentice,2024-09-02,
MEM-14536,WIZ-19982,GLD-11,archmage,2025-08-27,
MEM-14537,WIZ-19984,GLD-02,Adept,2023-12-08,
MEM-14538,WIZ-19985,GLD-08,adept,2023-08-23,
MEM-14539,WIZ-19986,GLD-04,Adept,2024-11-15,
MEM-14540,WIZ-19987,GLD-03,apprentice,2023-07-30,
MEM-14541,WIZ-19988,GLD-03,apprentice,2024-01-03,
MEM-14542,WIZ-19990,GLD-03,Adept,2025-05-16,
MEM-14543,WIZ-19991,GLD-12,adept,2023-11-12,
MEM-14544,WIZ-19994,GLD-09,adept,2024-04-06,
MEM-14545,WIZ-19995,GLD-07,adept,2024-11-27,
MEM-14546,WIZ-19996,GLD-01,ARCHMAGE,2024-03-23,
MEM-14547,WIZ-19998,GLD-01,apprentice,2025-06-19,
MEM-14548,WIZ-19999,GLD-02,adept,2026-05-28,
MEM-14549,WIZ-20000,GLD-08,Adept,2024-04-19,2024-08-05
MEM-14550,WIZ-20000,GLD-08,archmage,2024-08-05,
